2026-04-11 19:01:15,224 | pyspark_streaming/silver | INFO | Creating Spark session for Silver layer
2026-04-11 19:01:15,227 | pyspark_streaming/silver | INFO | Spark session created successfully
2026-04-11 19:01:15,227 | pyspark_streaming/silver | INFO | Reading data from Bronze layer
2026-04-11 19:01:15,228 | pyspark_streaming/silver | INFO | Data read successfully from Bronze layer
2026-04-11 19:01:15,233 | pyspark_streaming/silver | INFO | Transforming data for Silver layer
2026-04-11 19:01:15,323 | pyspark_streaming/silver | INFO | Transformation Completed Successfully
2026-04-11 19:01:15,324 | pyspark_streaming/silver | INFO | Writing data to Silver layer
2026-04-11 19:01:23,918 | pyspark_streaming/silver | ERROR | Error writing data to Silver layer: [UC_VOLUME_NOT_FOUND] Volume `workspace`.`transaction_data_pipeline`.`silver` does not exist. Please use 'SHOW VOLUMES' to list available volumes. SQLSTATE: 42704

JVM stacktrace:
org.apache.spark.sql.catalyst.analysis.NoSuchVolumeException
	at com.databricks.sql.managedcatalog.client.ManagedCatalogClientImpl$ConvertVolumeException.convertVolumeException(ManagedCatalogClientImpl.scala:9833)
	at com.databricks.sql.managedcatalog.client.ManagedCatalogClientImpl.handleVolumeException(ManagedCatalogClientImpl.scala:9796)
	at com.databricks.sql.managedcatalog.client.ManagedCatalogClientImpl.$anonfun$getVolume$1(ManagedCatalogClientImpl.scala:9530)
	at com.databricks.sql.managedcatalog.client.ManagedCatalogClientImpl.$anonfun$recordAndWrapExceptionBase$2(ManagedCatalogClientImpl.scala:8540)
	at com.databricks.spark.util.FrameProfiler$.$anonfun$record$1(FrameProfiler.scala:114)
	at com.databricks.spark.util.FrameProfilerExporter$.maybeExportFrameProfiler(FrameProfilerExporter.scala:146)
	at com.databricks.spark.util.FrameProfiler$.record(FrameProfiler.scala:105)
	at com.databricks.sql.managedcatalog.client.ManagedCatalogClientImpl.$anonfun$recordAndWrapExceptionBase$1(ManagedCatalogClientImpl.scala:8539)
	at com.databricks.sql.managedcatalog.client.ErrorDetailsHandlerImpl.wrapServiceException(ErrorDetailsHandler.scala:96)
	at com.databricks.sql.managedcatalog.client.ErrorDetailsHandlerImpl.wrapServiceException$(ErrorDetailsHandler.scala:88)
	at com.databricks.managedcatalog.ManagedCatalogClientImpl.wrapServiceException(ManagedCatalogClientImpl.scala:44)
	at com.databricks.sql.managedcatalog.client.ManagedCatalogClientImpl.recordAndWrapExceptionBase(ManagedCatalogClientImpl.scala:8518)
	at com.databricks.sql.managedcatalog.client.ManagedCatalogClientImpl.recordAndWrapException(ManagedCatalogClientImpl.scala:8468)
	at com.databricks.sql.managedcatalog.client.ManagedCatalogClientImpl.getVolume(ManagedCatalogClientImpl.scala:9525)
	at com.databricks.sql.managedcatalog.ManagedCatalogCommon.getVolume(ManagedCatalogCommon.scala:4190)
	at com.databricks.sql.managedcatalog.ProfiledManagedCatalog.$anonfun$getVolume$1(ProfiledManagedCatalog.scala:1586)
	at org.apache.spark.sql.catalyst.MetricKeyUtils$.measure(MetricKey.scala:2447)
	at com.databricks.sql.managedcatalog.ProfiledManagedCatalog.$anonfun$profile$1(ProfiledManagedCatalog.scala:76)
	at com.databricks.spark.util.FrameProfiler$.$anonfun$record$1(FrameProfiler.scala:114)
	at com.databricks.spark.util.FrameProfilerExporter$.maybeExportFrameProfiler(FrameProfilerExporter.scala:146)
	at com.databricks.spark.util.FrameProfiler$.record(FrameProfiler.scala:105)
	at com.databricks.sql.managedcatalog.ProfiledManagedCatalog.profile(ProfiledManagedCatalog.scala:75)
	at com.databricks.sql.managedcatalog.ProfiledManagedCatalog.getVolume(ProfiledManagedCatalog.scala:1586)
	at com.databricks.sql.acl.fs.volumes.VolumePath$VolumePathPermissionProviderImpl.loadVolumePathPermission(VolumePath.scala:149)
	at com.databricks.unity.PathPermissionCacheImpl.getVolumePathPermission(PathPermissionCache.scala:495)
	at com.databricks.unity.UnityCredentialManager.$anonfun$getVolumePathPermission$1(CredentialManager.scala:1008)
	at scala.Option.map(Option.scala:242)
	at com.databricks.unity.UnityCredentialManager.getVolumePathPermission(CredentialManager.scala:1006)
	at com.databricks.unity.CredentialManager$.getVolumePathPermission(CredentialManager.scala:1502)
	at com.databricks.sql.acl.fs.volumes.VolumePath$.$anonfun$registerSAM$1(VolumePath.scala:416)
	at scala.runtime.java8.JFunction0$mcV$sp.apply(JFunction0$mcV$sp.scala:18)
	at com.databricks.spark.util.FrameProfiler$.$anonfun$record$1(FrameProfiler.scala:114)
	at com.databricks.spark.util.FrameProfilerExporter$.maybeExportFrameProfiler(FrameProfilerExporter.scala:201)
	at com.databricks.spark.util.FrameProfiler$.record(FrameProfiler.scala:105)
	at com.databricks.sql.acl.fs.volumes.VolumePath$.registerSAM(VolumePath.scala:398)
	at com.databricks.unity.CredentialScopeSQLHelper$.register(CredentialScopeSQLHelper.scala:264)
	at com.databricks.unity.CredentialScopeSQLHelper$.registerPathAccess(CredentialScopeSQLHelper.scala:1220)
	at com.databricks.unity.CredentialScopeSQLHelper$.registerPathAccess(CredentialScopeSQLHelper.scala:1181)
	at org.apache.spark.sql.classic.streaming.$anonfun$startInternal$1(DataStreamWriter.scala:368)
	at org.apache.spark.sql.classic.streaming.$anonfun$startInternal$1$adapted(DataStreamWriter.scala:367)
	at scala.Option.foreach(Option.scala:437)
	at org.apache.spark.sql.classic.streaming.startInternal(DataStreamWriter.scala:367)
	at org.apache.spark.sql.classic.streaming.writeToV1Table$1(DataStreamWriter.scala:299)
	at org.apache.spark.sql.classic.streaming.toTable(DataStreamWriter.scala:320)
	at org.apache.spark.sql.classic.streaming.toTable(DataStreamWriter.scala:72)
	at org.apache.spark.sql.connect.planner.SparkConnectPlanner.handleWriteStreamOperationStart(SparkConnectPlanner.scala:4564)
	at org.apache.spark.sql.connect.planner.SparkConnectPlanner.process(SparkConnectPlanner.scala:3611)
	at org.apache.spark.sql.connect.execution.ExecuteThreadRunner.handleCommand(ExecuteThreadRunner.scala:492)
	at org.apache.spark.sql.connect.execution.ExecuteThreadRunner.$anonfun$executeInternal$1(ExecuteThreadRunner.scala:380)
	at org.apache.spark.sql.connect.execution.ExecuteThreadRunner.$anonfun$executeInternal$1$adapted(ExecuteThreadRunner.scala:317)
	at org.apache.spark.sql.connect.service.SessionHolder.$anonfun$withSession$2(SessionHolder.scala:707)
	at org.apache.spark.sql.SparkSession.withActive(SparkSession.scala:866)
	at org.apache.spark.sql.connect.service.SessionHolder.$anonfun$withSession$1(SessionHolder.scala:707)
	at org.apache.spark.JobArtifactSet$.withActiveJobArtifactState(JobArtifactSet.scala:97)
	at org.apache.spark.sql.artifact.ArtifactManager.$anonfun$withResources$1(ArtifactManager.scala:124)
	at org.apache.spark.sql.artifact.ArtifactManager.withClassLoaderIfNeeded(ArtifactManager.scala:118)
	at org.apache.spark.sql.artifact.ArtifactManager.withResources(ArtifactManager.scala:123)
	at org.apache.spark.sql.connect.service.SessionHolder.withSession(SessionHolder.scala:706)
	at org.apache.spark.sql.connect.execution.ExecuteThreadRunner.executeInternal(ExecuteThreadRunner.scala:317)
	at org.apache.spark.sql.connect.execution.ExecuteThreadRunner.$anonfun$execute$1(ExecuteThreadRunner.scala:182)
	at scala.runtime.java8.JFunction0$mcV$sp.apply(JFunction0$mcV$sp.scala:18)
	at com.databricks.spark.connect.service.UtilizationMetrics.recordActiveQueries(UtilizationMetrics.scala:43)
	at com.databricks.spark.connect.service.UtilizationMetrics.recordActiveQueries$(UtilizationMetrics.scala:40)
	at org.apache.spark.sql.connect.execution.ExecuteThreadRunner.recordActiveQueries(ExecuteThreadRunner.scala:57)
	at org.apache.spark.sql.connect.execution.ExecuteThreadRunner.org$apache$spark$sql$connect$execution$ExecuteThreadRunner$$execute(ExecuteThreadRunner.scala:174)
	at org.apache.spark.sql.connect.execution.ExecuteThreadRunner$ExecutionThread.$anonfun$run$3(ExecuteThreadRunner.scala:697)
	at scala.runtime.java8.JFunction0$mcV$sp.apply(JFunction0$mcV$sp.scala:18)
	at com.databricks.spark.util.DBRTracing$.withSpanFromParent(DBRTracing.scala:70)
	at org.apache.spark.sql.connect.execution.ExecuteThreadRunner$ExecutionThread.$anonfun$run$2(ExecuteThreadRunner.scala:697)
	at scala.runtime.java8.JFunction0$mcV$sp.apply(JFunction0$mcV$sp.scala:18)
	at com.databricks.unity.UCSEphemeralState$Handle.runWith(UCSEphemeralState.scala:51)
	at com.databricks.unity.HandleImpl.runWith(UCSHandle.scala:104)
	at com.databricks.unity.HandleImpl.$anonfun$runWithAndClose$1(UCSHandle.scala:109)
	at scala.util.Using$.resource(Using.scala:296)
	at com.databricks.unity.HandleImpl.runWithAndClose(UCSHandle.scala:108)
	at org.apache.spark.sql.connect.execution.ExecuteThreadRunner$ExecutionThread.run(ExecuteThreadRunner.scala:696)
Traceback (most recent call last):
  File "/Workspace/Repos/gnavin478@gmail.com/Realtime-Transaction-Pipeline/pyspark_streaming/silver/silver_transform.py", line 90, in write_to_silver
    .table("silver_transactions")
     ^^^^^^^^^^^^^^^^^^^^^^^^^^^^
  File "/databricks/python/lib/python3.12/site-packages/pyspark/sql/connect/streaming/readwriter.py", line 737, in table
    return self.toTable(tableName)
           ^^^^^^^^^^^^^^^^^^^^^^^
  File "/databricks/python/lib/python3.12/site-packages/pyspark/sql/connect/streaming/readwriter.py", line 748, in toTable
    return self._start_internal(
           ^^^^^^^^^^^^^^^^^^^^^
  File "/databricks/python/lib/python3.12/site-packages/pyspark/sql/connect/streaming/readwriter.py", line 685, in _start_internal
    (_, properties, _) = self._session.client.execute_command(cmd)
                         ^^^^^^^^^^^^^^^^^^^^^^^^^^^^^^^^^^^^^^^^^
  File "/databricks/python/lib/python3.12/site-packages/pyspark/sql/connect/client/core.py", line 1538, in execute_command
    data, _, metrics, observed_metrics, properties = self._execute_and_fetch(
                                                     ^^^^^^^^^^^^^^^^^^^^^^^^
  File "/databricks/python/lib/python3.12/site-packages/pyspark/sql/connect/client/core.py", line 2086, in _execute_and_fetch
    for response in self._execute_and_fetch_as_iterator(
  File "/databricks/python/lib/python3.12/site-packages/pyspark/sql/connect/client/core.py", line 2062, in _execute_and_fetch_as_iterator
    self._handle_error(error)
  File "/databricks/python/lib/python3.12/site-packages/pyspark/sql/connect/client/core.py", line 2380, in _handle_error
    self._handle_rpc_error(error)
  File "/databricks/python/lib/python3.12/site-packages/pyspark/sql/connect/client/core.py", line 2458, in _handle_rpc_error
    raise convert_exception(
pyspark.errors.exceptions.connect.AnalysisException: [UC_VOLUME_NOT_FOUND] Volume `workspace`.`transaction_data_pipeline`.`silver` does not exist. Please use 'SHOW VOLUMES' to list available volumes. SQLSTATE: 42704

JVM stacktrace:
org.apache.spark.sql.catalyst.analysis.NoSuchVolumeException
	at com.databricks.sql.managedcatalog.client.ManagedCatalogClientImpl$ConvertVolumeException.convertVolumeException(ManagedCatalogClientImpl.scala:9833)
	at com.databricks.sql.managedcatalog.client.ManagedCatalogClientImpl.handleVolumeException(ManagedCatalogClientImpl.scala:9796)
	at com.databricks.sql.managedcatalog.client.ManagedCatalogClientImpl.$anonfun$getVolume$1(ManagedCatalogClientImpl.scala:9530)
	at com.databricks.sql.managedcatalog.client.ManagedCatalogClientImpl.$anonfun$recordAndWrapExceptionBase$2(ManagedCatalogClientImpl.scala:8540)
	at com.databricks.spark.util.FrameProfiler$.$anonfun$record$1(FrameProfiler.scala:114)
	at com.databricks.spark.util.FrameProfilerExporter$.maybeExportFrameProfiler(FrameProfilerExporter.scala:146)
	at com.databricks.spark.util.FrameProfiler$.record(FrameProfiler.scala:105)
	at com.databricks.sql.managedcatalog.client.ManagedCatalogClientImpl.$anonfun$recordAndWrapExceptionBase$1(ManagedCatalogClientImpl.scala:8539)
	at com.databricks.sql.managedcatalog.client.ErrorDetailsHandlerImpl.wrapServiceException(ErrorDetailsHandler.scala:96)
	at com.databricks.sql.managedcatalog.client.ErrorDetailsHandlerImpl.wrapServiceException$(ErrorDetailsHandler.scala:88)
	at com.databricks.managedcatalog.ManagedCatalogClientImpl.wrapServiceException(ManagedCatalogClientImpl.scala:44)
	at com.databricks.sql.managedcatalog.client.ManagedCatalogClientImpl.recordAndWrapExceptionBase(ManagedCatalogClientImpl.scala:8518)
	at com.databricks.sql.managedcatalog.client.ManagedCatalogClientImpl.recordAndWrapException(ManagedCatalogClientImpl.scala:8468)
	at com.databricks.sql.managedcatalog.client.ManagedCatalogClientImpl.getVolume(ManagedCatalogClientImpl.scala:9525)
	at com.databricks.sql.managedcatalog.ManagedCatalogCommon.getVolume(ManagedCatalogCommon.scala:4190)
	at com.databricks.sql.managedcatalog.ProfiledManagedCatalog.$anonfun$getVolume$1(ProfiledManagedCatalog.scala:1586)
	at org.apache.spark.sql.catalyst.MetricKeyUtils$.measure(MetricKey.scala:2447)
	at com.databricks.sql.managedcatalog.ProfiledManagedCatalog.$anonfun$profile$1(ProfiledManagedCatalog.scala:76)
	at com.databricks.spark.util.FrameProfiler$.$anonfun$record$1(FrameProfiler.scala:114)
	at com.databricks.spark.util.FrameProfilerExporter$.maybeExportFrameProfiler(FrameProfilerExporter.scala:146)
	at com.databricks.spark.util.FrameProfiler$.record(FrameProfiler.scala:105)
	at com.databricks.sql.managedcatalog.ProfiledManagedCatalog.profile(ProfiledManagedCatalog.scala:75)
	at com.databricks.sql.managedcatalog.ProfiledManagedCatalog.getVolume(ProfiledManagedCatalog.scala:1586)
	at com.databricks.sql.acl.fs.volumes.VolumePath$VolumePathPermissionProviderImpl.loadVolumePathPermission(VolumePath.scala:149)
	at com.databricks.unity.PathPermissionCacheImpl.getVolumePathPermission(PathPermissionCache.scala:495)
	at com.databricks.unity.UnityCredentialManager.$anonfun$getVolumePathPermission$1(CredentialManager.scala:1008)
	at scala.Option.map(Option.scala:242)
	at com.databricks.unity.UnityCredentialManager.getVolumePathPermission(CredentialManager.scala:1006)
	at com.databricks.unity.CredentialManager$.getVolumePathPermission(CredentialManager.scala:1502)
	at com.databricks.sql.acl.fs.volumes.VolumePath$.$anonfun$registerSAM$1(VolumePath.scala:416)
	at scala.runtime.java8.JFunction0$mcV$sp.apply(JFunction0$mcV$sp.scala:18)
	at com.databricks.spark.util.FrameProfiler$.$anonfun$record$1(FrameProfiler.scala:114)
	at com.databricks.spark.util.FrameProfilerExporter$.maybeExportFrameProfiler(FrameProfilerExporter.scala:201)
	at com.databricks.spark.util.FrameProfiler$.record(FrameProfiler.scala:105)
	at com.databricks.sql.acl.fs.volumes.VolumePath$.registerSAM(VolumePath.scala:398)
	at com.databricks.unity.CredentialScopeSQLHelper$.register(CredentialScopeSQLHelper.scala:264)
	at com.databricks.unity.CredentialScopeSQLHelper$.registerPathAccess(CredentialScopeSQLHelper.scala:1220)
	at com.databricks.unity.CredentialScopeSQLHelper$.registerPathAccess(CredentialScopeSQLHelper.scala:1181)
	at org.apache.spark.sql.classic.streaming.$anonfun$startInternal$1(DataStreamWriter.scala:368)
	at org.apache.spark.sql.classic.streaming.$anonfun$startInternal$1$adapted(DataStreamWriter.scala:367)
	at scala.Option.foreach(Option.scala:437)
	at org.apache.spark.sql.classic.streaming.startInternal(DataStreamWriter.scala:367)
	at org.apache.spark.sql.classic.streaming.writeToV1Table$1(DataStreamWriter.scala:299)
	at org.apache.spark.sql.classic.streaming.toTable(DataStreamWriter.scala:320)
	at org.apache.spark.sql.classic.streaming.toTable(DataStreamWriter.scala:72)
	at org.apache.spark.sql.connect.planner.SparkConnectPlanner.handleWriteStreamOperationStart(SparkConnectPlanner.scala:4564)
	at org.apache.spark.sql.connect.planner.SparkConnectPlanner.process(SparkConnectPlanner.scala:3611)
	at org.apache.spark.sql.connect.execution.ExecuteThreadRunner.handleCommand(ExecuteThreadRunner.scala:492)
	at org.apache.spark.sql.connect.execution.ExecuteThreadRunner.$anonfun$executeInternal$1(ExecuteThreadRunner.scala:380)
	at org.apache.spark.sql.connect.execution.ExecuteThreadRunner.$anonfun$executeInternal$1$adapted(ExecuteThreadRunner.scala:317)
	at org.apache.spark.sql.connect.service.SessionHolder.$anonfun$withSession$2(SessionHolder.scala:707)
	at org.apache.spark.sql.SparkSession.withActive(SparkSession.scala:866)
	at org.apache.spark.sql.connect.service.SessionHolder.$anonfun$withSession$1(SessionHolder.scala:707)
	at org.apache.spark.JobArtifactSet$.withActiveJobArtifactState(JobArtifactSet.scala:97)
	at org.apache.spark.sql.artifact.ArtifactManager.$anonfun$withResources$1(ArtifactManager.scala:124)
	at org.apache.spark.sql.artifact.ArtifactManager.withClassLoaderIfNeeded(ArtifactManager.scala:118)
	at org.apache.spark.sql.artifact.ArtifactManager.withResources(ArtifactManager.scala:123)
	at org.apache.spark.sql.connect.service.SessionHolder.withSession(SessionHolder.scala:706)
	at org.apache.spark.sql.connect.execution.ExecuteThreadRunner.executeInternal(ExecuteThreadRunner.scala:317)
	at org.apache.spark.sql.connect.execution.ExecuteThreadRunner.$anonfun$execute$1(ExecuteThreadRunner.scala:182)
	at scala.runtime.java8.JFunction0$mcV$sp.apply(JFunction0$mcV$sp.scala:18)
	at com.databricks.spark.connect.service.UtilizationMetrics.recordActiveQueries(UtilizationMetrics.scala:43)
	at com.databricks.spark.connect.service.UtilizationMetrics.recordActiveQueries$(UtilizationMetrics.scala:40)
	at org.apache.spark.sql.connect.execution.ExecuteThreadRunner.recordActiveQueries(ExecuteThreadRunner.scala:57)
	at org.apache.spark.sql.connect.execution.ExecuteThreadRunner.org$apache$spark$sql$connect$execution$ExecuteThreadRunner$$execute(ExecuteThreadRunner.scala:174)
	at org.apache.spark.sql.connect.execution.ExecuteThreadRunner$ExecutionThread.$anonfun$run$3(ExecuteThreadRunner.scala:697)
	at scala.runtime.java8.JFunction0$mcV$sp.apply(JFunction0$mcV$sp.scala:18)
	at com.databricks.spark.util.DBRTracing$.withSpanFromParent(DBRTracing.scala:70)
	at org.apache.spark.sql.connect.execution.ExecuteThreadRunner$ExecutionThread.$anonfun$run$2(ExecuteThreadRunner.scala:697)
	at scala.runtime.java8.JFunction0$mcV$sp.apply(JFunction0$mcV$sp.scala:18)
	at com.databricks.unity.UCSEphemeralState$Handle.runWith(UCSEphemeralState.scala:51)
	at com.databricks.unity.HandleImpl.runWith(UCSHandle.scala:104)
	at com.databricks.unity.HandleImpl.$anonfun$runWithAndClose$1(UCSHandle.scala:109)
	at scala.util.Using$.resource(Using.scala:296)
	at com.databricks.unity.HandleImpl.runWithAndClose(UCSHandle.scala:108)
	at org.apache.spark.sql.connect.execution.ExecuteThreadRunner$ExecutionThread.run(ExecuteThreadRunner.scala:696)
2026-04-11 19:12:48,048 | pyspark_streaming/silver | INFO | Creating Spark session for Silver layer
2026-04-11 19:12:48,050 | pyspark_streaming/silver | INFO | Spark session created successfully
2026-04-11 19:12:48,051 | pyspark_streaming/silver | INFO | Reading data from Bronze layer
2026-04-11 19:12:48,051 | pyspark_streaming/silver | INFO | Data read successfully from Bronze layer
2026-04-11 19:12:48,052 | pyspark_streaming/silver | INFO | Transforming data for Silver layer
2026-04-11 19:12:48,054 | pyspark_streaming/silver | INFO | Transformation Completed Successfully
2026-04-11 19:12:48,054 | pyspark_streaming/silver | INFO | Writing data to Silver layer
2026-04-11 19:12:48,926 | pyspark_streaming/silver | ERROR | Error writing data to Silver layer: [UC_VOLUME_NOT_FOUND] Volume `workspace`.`transaction_data_pipeline`.`silver` does not exist. Please use 'SHOW VOLUMES' to list available volumes. SQLSTATE: 42704

JVM stacktrace:
org.apache.spark.sql.catalyst.analysis.NoSuchVolumeException
	at com.databricks.sql.managedcatalog.client.ManagedCatalogClientImpl$ConvertVolumeException.convertVolumeException(ManagedCatalogClientImpl.scala:9833)
	at com.databricks.sql.managedcatalog.client.ManagedCatalogClientImpl.handleVolumeException(ManagedCatalogClientImpl.scala:9796)
	at com.databricks.sql.managedcatalog.client.ManagedCatalogClientImpl.$anonfun$getVolume$1(ManagedCatalogClientImpl.scala:9530)
	at com.databricks.sql.managedcatalog.client.ManagedCatalogClientImpl.$anonfun$recordAndWrapExceptionBase$2(ManagedCatalogClientImpl.scala:8540)
	at com.databricks.spark.util.FrameProfiler$.$anonfun$record$1(FrameProfiler.scala:114)
	at com.databricks.spark.util.FrameProfilerExporter$.maybeExportFrameProfiler(FrameProfilerExporter.scala:146)
	at com.databricks.spark.util.FrameProfiler$.record(FrameProfiler.scala:105)
	at com.databricks.sql.managedcatalog.client.ManagedCatalogClientImpl.$anonfun$recordAndWrapExceptionBase$1(ManagedCatalogClientImpl.scala:8539)
	at com.databricks.sql.managedcatalog.client.ErrorDetailsHandlerImpl.wrapServiceException(ErrorDetailsHandler.scala:96)
	at com.databricks.sql.managedcatalog.client.ErrorDetailsHandlerImpl.wrapServiceException$(ErrorDetailsHandler.scala:88)
	at com.databricks.managedcatalog.ManagedCatalogClientImpl.wrapServiceException(ManagedCatalogClientImpl.scala:44)
	at com.databricks.sql.managedcatalog.client.ManagedCatalogClientImpl.recordAndWrapExceptionBase(ManagedCatalogClientImpl.scala:8518)
	at com.databricks.sql.managedcatalog.client.ManagedCatalogClientImpl.recordAndWrapException(ManagedCatalogClientImpl.scala:8468)
	at com.databricks.sql.managedcatalog.client.ManagedCatalogClientImpl.getVolume(ManagedCatalogClientImpl.scala:9525)
	at com.databricks.sql.managedcatalog.ManagedCatalogCommon.getVolume(ManagedCatalogCommon.scala:4190)
	at com.databricks.sql.managedcatalog.ProfiledManagedCatalog.$anonfun$getVolume$1(ProfiledManagedCatalog.scala:1586)
	at org.apache.spark.sql.catalyst.MetricKeyUtils$.measure(MetricKey.scala:2447)
	at com.databricks.sql.managedcatalog.ProfiledManagedCatalog.$anonfun$profile$1(ProfiledManagedCatalog.scala:76)
	at com.databricks.spark.util.FrameProfiler$.$anonfun$record$1(FrameProfiler.scala:114)
	at com.databricks.spark.util.FrameProfilerExporter$.maybeExportFrameProfiler(FrameProfilerExporter.scala:146)
	at com.databricks.spark.util.FrameProfiler$.record(FrameProfiler.scala:105)
	at com.databricks.sql.managedcatalog.ProfiledManagedCatalog.profile(ProfiledManagedCatalog.scala:75)
	at com.databricks.sql.managedcatalog.ProfiledManagedCatalog.getVolume(ProfiledManagedCatalog.scala:1586)
	at com.databricks.sql.acl.fs.volumes.VolumePath$VolumePathPermissionProviderImpl.loadVolumePathPermission(VolumePath.scala:149)
	at com.databricks.unity.PathPermissionCacheImpl.getVolumePathPermission(PathPermissionCache.scala:495)
	at com.databricks.unity.UnityCredentialManager.$anonfun$getVolumePathPermission$1(CredentialManager.scala:1008)
	at scala.Option.map(Option.scala:242)
	at com.databricks.unity.UnityCredentialManager.getVolumePathPermission(CredentialManager.scala:1006)
	at com.databricks.unity.CredentialManager$.getVolumePathPermission(CredentialManager.scala:1502)
	at com.databricks.sql.acl.fs.volumes.VolumePath$.$anonfun$registerSAM$1(VolumePath.scala:416)
	at scala.runtime.java8.JFunction0$mcV$sp.apply(JFunction0$mcV$sp.scala:18)
	at com.databricks.spark.util.FrameProfiler$.$anonfun$record$1(FrameProfiler.scala:114)
	at com.databricks.spark.util.FrameProfilerExporter$.maybeExportFrameProfiler(FrameProfilerExporter.scala:201)
	at com.databricks.spark.util.FrameProfiler$.record(FrameProfiler.scala:105)
	at com.databricks.sql.acl.fs.volumes.VolumePath$.registerSAM(VolumePath.scala:398)
	at com.databricks.unity.CredentialScopeSQLHelper$.register(CredentialScopeSQLHelper.scala:264)
	at com.databricks.unity.CredentialScopeSQLHelper$.registerPathAccess(CredentialScopeSQLHelper.scala:1220)
	at com.databricks.unity.CredentialScopeSQLHelper$.registerPathAccess(CredentialScopeSQLHelper.scala:1181)
	at org.apache.spark.sql.classic.streaming.$anonfun$startInternal$1(DataStreamWriter.scala:368)
	at org.apache.spark.sql.classic.streaming.$anonfun$startInternal$1$adapted(DataStreamWriter.scala:367)
	at scala.Option.foreach(Option.scala:437)
	at org.apache.spark.sql.classic.streaming.startInternal(DataStreamWriter.scala:367)
	at org.apache.spark.sql.classic.streaming.writeToV1Table$1(DataStreamWriter.scala:299)
	at org.apache.spark.sql.classic.streaming.toTable(DataStreamWriter.scala:320)
	at org.apache.spark.sql.classic.streaming.toTable(DataStreamWriter.scala:72)
	at org.apache.spark.sql.connect.planner.SparkConnectPlanner.handleWriteStreamOperationStart(SparkConnectPlanner.scala:4564)
	at org.apache.spark.sql.connect.planner.SparkConnectPlanner.process(SparkConnectPlanner.scala:3611)
	at org.apache.spark.sql.connect.execution.ExecuteThreadRunner.handleCommand(ExecuteThreadRunner.scala:492)
	at org.apache.spark.sql.connect.execution.ExecuteThreadRunner.$anonfun$executeInternal$1(ExecuteThreadRunner.scala:380)
	at org.apache.spark.sql.connect.execution.ExecuteThreadRunner.$anonfun$executeInternal$1$adapted(ExecuteThreadRunner.scala:317)
	at org.apache.spark.sql.connect.service.SessionHolder.$anonfun$withSession$2(SessionHolder.scala:707)
	at org.apache.spark.sql.SparkSession.withActive(SparkSession.scala:866)
	at org.apache.spark.sql.connect.service.SessionHolder.$anonfun$withSession$1(SessionHolder.scala:707)
	at org.apache.spark.JobArtifactSet$.withActiveJobArtifactState(JobArtifactSet.scala:97)
	at org.apache.spark.sql.artifact.ArtifactManager.$anonfun$withResources$1(ArtifactManager.scala:124)
	at org.apache.spark.sql.artifact.ArtifactManager.withClassLoaderIfNeeded(ArtifactManager.scala:118)
	at org.apache.spark.sql.artifact.ArtifactManager.withResources(ArtifactManager.scala:123)
	at org.apache.spark.sql.connect.service.SessionHolder.withSession(SessionHolder.scala:706)
	at org.apache.spark.sql.connect.execution.ExecuteThreadRunner.executeInternal(ExecuteThreadRunner.scala:317)
	at org.apache.spark.sql.connect.execution.ExecuteThreadRunner.$anonfun$execute$1(ExecuteThreadRunner.scala:182)
	at scala.runtime.java8.JFunction0$mcV$sp.apply(JFunction0$mcV$sp.scala:18)
	at com.databricks.spark.connect.service.UtilizationMetrics.recordActiveQueries(UtilizationMetrics.scala:43)
	at com.databricks.spark.connect.service.UtilizationMetrics.recordActiveQueries$(UtilizationMetrics.scala:40)
	at org.apache.spark.sql.connect.execution.ExecuteThreadRunner.recordActiveQueries(ExecuteThreadRunner.scala:57)
	at org.apache.spark.sql.connect.execution.ExecuteThreadRunner.org$apache$spark$sql$connect$execution$ExecuteThreadRunner$$execute(ExecuteThreadRunner.scala:174)
	at org.apache.spark.sql.connect.execution.ExecuteThreadRunner$ExecutionThread.$anonfun$run$3(ExecuteThreadRunner.scala:697)
	at scala.runtime.java8.JFunction0$mcV$sp.apply(JFunction0$mcV$sp.scala:18)
	at com.databricks.spark.util.DBRTracing$.withSpanFromParent(DBRTracing.scala:70)
	at org.apache.spark.sql.connect.execution.ExecuteThreadRunner$ExecutionThread.$anonfun$run$2(ExecuteThreadRunner.scala:697)
	at scala.runtime.java8.JFunction0$mcV$sp.apply(JFunction0$mcV$sp.scala:18)
	at com.databricks.unity.UCSEphemeralState$Handle.runWith(UCSEphemeralState.scala:51)
	at com.databricks.unity.HandleImpl.runWith(UCSHandle.scala:104)
	at com.databricks.unity.HandleImpl.$anonfun$runWithAndClose$1(UCSHandle.scala:109)
	at scala.util.Using$.resource(Using.scala:296)
	at com.databricks.unity.HandleImpl.runWithAndClose(UCSHandle.scala:108)
	at org.apache.spark.sql.connect.execution.ExecuteThreadRunner$ExecutionThread.run(ExecuteThreadRunner.scala:696)
Traceback (most recent call last):
  File "/Workspace/Repos/gnavin478@gmail.com/Realtime-Transaction-Pipeline/pyspark_streaming/silver/silver_transform.py", line 93, in write_to_silver
    .table("silver_transactions")
     ^^^^^^^^^^^^^^^^^^^^^^^^^^^^
  File "/databricks/python/lib/python3.12/site-packages/pyspark/sql/connect/streaming/readwriter.py", line 737, in table
    return self.toTable(tableName)
           ^^^^^^^^^^^^^^^^^^^^^^^
  File "/databricks/python/lib/python3.12/site-packages/pyspark/sql/connect/streaming/readwriter.py", line 748, in toTable
    return self._start_internal(
           ^^^^^^^^^^^^^^^^^^^^^
  File "/databricks/python/lib/python3.12/site-packages/pyspark/sql/connect/streaming/readwriter.py", line 685, in _start_internal
    (_, properties, _) = self._session.client.execute_command(cmd)
                         ^^^^^^^^^^^^^^^^^^^^^^^^^^^^^^^^^^^^^^^^^
  File "/databricks/python/lib/python3.12/site-packages/pyspark/sql/connect/client/core.py", line 1538, in execute_command
    data, _, metrics, observed_metrics, properties = self._execute_and_fetch(
                                                     ^^^^^^^^^^^^^^^^^^^^^^^^
  File "/databricks/python/lib/python3.12/site-packages/pyspark/sql/connect/client/core.py", line 2086, in _execute_and_fetch
    for response in self._execute_and_fetch_as_iterator(
  File "/databricks/python/lib/python3.12/site-packages/pyspark/sql/connect/client/core.py", line 2062, in _execute_and_fetch_as_iterator
    self._handle_error(error)
  File "/databricks/python/lib/python3.12/site-packages/pyspark/sql/connect/client/core.py", line 2380, in _handle_error
    self._handle_rpc_error(error)
  File "/databricks/python/lib/python3.12/site-packages/pyspark/sql/connect/client/core.py", line 2458, in _handle_rpc_error
    raise convert_exception(
pyspark.errors.exceptions.connect.AnalysisException: [UC_VOLUME_NOT_FOUND] Volume `workspace`.`transaction_data_pipeline`.`silver` does not exist. Please use 'SHOW VOLUMES' to list available volumes. SQLSTATE: 42704

JVM stacktrace:
org.apache.spark.sql.catalyst.analysis.NoSuchVolumeException
	at com.databricks.sql.managedcatalog.client.ManagedCatalogClientImpl$ConvertVolumeException.convertVolumeException(ManagedCatalogClientImpl.scala:9833)
	at com.databricks.sql.managedcatalog.client.ManagedCatalogClientImpl.handleVolumeException(ManagedCatalogClientImpl.scala:9796)
	at com.databricks.sql.managedcatalog.client.ManagedCatalogClientImpl.$anonfun$getVolume$1(ManagedCatalogClientImpl.scala:9530)
	at com.databricks.sql.managedcatalog.client.ManagedCatalogClientImpl.$anonfun$recordAndWrapExceptionBase$2(ManagedCatalogClientImpl.scala:8540)
	at com.databricks.spark.util.FrameProfiler$.$anonfun$record$1(FrameProfiler.scala:114)
	at com.databricks.spark.util.FrameProfilerExporter$.maybeExportFrameProfiler(FrameProfilerExporter.scala:146)
	at com.databricks.spark.util.FrameProfiler$.record(FrameProfiler.scala:105)
	at com.databricks.sql.managedcatalog.client.ManagedCatalogClientImpl.$anonfun$recordAndWrapExceptionBase$1(ManagedCatalogClientImpl.scala:8539)
	at com.databricks.sql.managedcatalog.client.ErrorDetailsHandlerImpl.wrapServiceException(ErrorDetailsHandler.scala:96)
	at com.databricks.sql.managedcatalog.client.ErrorDetailsHandlerImpl.wrapServiceException$(ErrorDetailsHandler.scala:88)
	at com.databricks.managedcatalog.ManagedCatalogClientImpl.wrapServiceException(ManagedCatalogClientImpl.scala:44)
	at com.databricks.sql.managedcatalog.client.ManagedCatalogClientImpl.recordAndWrapExceptionBase(ManagedCatalogClientImpl.scala:8518)
	at com.databricks.sql.managedcatalog.client.ManagedCatalogClientImpl.recordAndWrapException(ManagedCatalogClientImpl.scala:8468)
	at com.databricks.sql.managedcatalog.client.ManagedCatalogClientImpl.getVolume(ManagedCatalogClientImpl.scala:9525)
	at com.databricks.sql.managedcatalog.ManagedCatalogCommon.getVolume(ManagedCatalogCommon.scala:4190)
	at com.databricks.sql.managedcatalog.ProfiledManagedCatalog.$anonfun$getVolume$1(ProfiledManagedCatalog.scala:1586)
	at org.apache.spark.sql.catalyst.MetricKeyUtils$.measure(MetricKey.scala:2447)
	at com.databricks.sql.managedcatalog.ProfiledManagedCatalog.$anonfun$profile$1(ProfiledManagedCatalog.scala:76)
	at com.databricks.spark.util.FrameProfiler$.$anonfun$record$1(FrameProfiler.scala:114)
	at com.databricks.spark.util.FrameProfilerExporter$.maybeExportFrameProfiler(FrameProfilerExporter.scala:146)
	at com.databricks.spark.util.FrameProfiler$.record(FrameProfiler.scala:105)
	at com.databricks.sql.managedcatalog.ProfiledManagedCatalog.profile(ProfiledManagedCatalog.scala:75)
	at com.databricks.sql.managedcatalog.ProfiledManagedCatalog.getVolume(ProfiledManagedCatalog.scala:1586)
	at com.databricks.sql.acl.fs.volumes.VolumePath$VolumePathPermissionProviderImpl.loadVolumePathPermission(VolumePath.scala:149)
	at com.databricks.unity.PathPermissionCacheImpl.getVolumePathPermission(PathPermissionCache.scala:495)
	at com.databricks.unity.UnityCredentialManager.$anonfun$getVolumePathPermission$1(CredentialManager.scala:1008)
	at scala.Option.map(Option.scala:242)
	at com.databricks.unity.UnityCredentialManager.getVolumePathPermission(CredentialManager.scala:1006)
	at com.databricks.unity.CredentialManager$.getVolumePathPermission(CredentialManager.scala:1502)
	at com.databricks.sql.acl.fs.volumes.VolumePath$.$anonfun$registerSAM$1(VolumePath.scala:416)
	at scala.runtime.java8.JFunction0$mcV$sp.apply(JFunction0$mcV$sp.scala:18)
	at com.databricks.spark.util.FrameProfiler$.$anonfun$record$1(FrameProfiler.scala:114)
	at com.databricks.spark.util.FrameProfilerExporter$.maybeExportFrameProfiler(FrameProfilerExporter.scala:201)
	at com.databricks.spark.util.FrameProfiler$.record(FrameProfiler.scala:105)
	at com.databricks.sql.acl.fs.volumes.VolumePath$.registerSAM(VolumePath.scala:398)
	at com.databricks.unity.CredentialScopeSQLHelper$.register(CredentialScopeSQLHelper.scala:264)
	at com.databricks.unity.CredentialScopeSQLHelper$.registerPathAccess(CredentialScopeSQLHelper.scala:1220)
	at com.databricks.unity.CredentialScopeSQLHelper$.registerPathAccess(CredentialScopeSQLHelper.scala:1181)
	at org.apache.spark.sql.classic.streaming.$anonfun$startInternal$1(DataStreamWriter.scala:368)
	at org.apache.spark.sql.classic.streaming.$anonfun$startInternal$1$adapted(DataStreamWriter.scala:367)
	at scala.Option.foreach(Option.scala:437)
	at org.apache.spark.sql.classic.streaming.startInternal(DataStreamWriter.scala:367)
	at org.apache.spark.sql.classic.streaming.writeToV1Table$1(DataStreamWriter.scala:299)
	at org.apache.spark.sql.classic.streaming.toTable(DataStreamWriter.scala:320)
	at org.apache.spark.sql.classic.streaming.toTable(DataStreamWriter.scala:72)
	at org.apache.spark.sql.connect.planner.SparkConnectPlanner.handleWriteStreamOperationStart(SparkConnectPlanner.scala:4564)
	at org.apache.spark.sql.connect.planner.SparkConnectPlanner.process(SparkConnectPlanner.scala:3611)
	at org.apache.spark.sql.connect.execution.ExecuteThreadRunner.handleCommand(ExecuteThreadRunner.scala:492)
	at org.apache.spark.sql.connect.execution.ExecuteThreadRunner.$anonfun$executeInternal$1(ExecuteThreadRunner.scala:380)
	at org.apache.spark.sql.connect.execution.ExecuteThreadRunner.$anonfun$executeInternal$1$adapted(ExecuteThreadRunner.scala:317)
	at org.apache.spark.sql.connect.service.SessionHolder.$anonfun$withSession$2(SessionHolder.scala:707)
	at org.apache.spark.sql.SparkSession.withActive(SparkSession.scala:866)
	at org.apache.spark.sql.connect.service.SessionHolder.$anonfun$withSession$1(SessionHolder.scala:707)
	at org.apache.spark.JobArtifactSet$.withActiveJobArtifactState(JobArtifactSet.scala:97)
	at org.apache.spark.sql.artifact.ArtifactManager.$anonfun$withResources$1(ArtifactManager.scala:124)
	at org.apache.spark.sql.artifact.ArtifactManager.withClassLoaderIfNeeded(ArtifactManager.scala:118)
	at org.apache.spark.sql.artifact.ArtifactManager.withResources(ArtifactManager.scala:123)
	at org.apache.spark.sql.connect.service.SessionHolder.withSession(SessionHolder.scala:706)
	at org.apache.spark.sql.connect.execution.ExecuteThreadRunner.executeInternal(ExecuteThreadRunner.scala:317)
	at org.apache.spark.sql.connect.execution.ExecuteThreadRunner.$anonfun$execute$1(ExecuteThreadRunner.scala:182)
	at scala.runtime.java8.JFunction0$mcV$sp.apply(JFunction0$mcV$sp.scala:18)
	at com.databricks.spark.connect.service.UtilizationMetrics.recordActiveQueries(UtilizationMetrics.scala:43)
	at com.databricks.spark.connect.service.UtilizationMetrics.recordActiveQueries$(UtilizationMetrics.scala:40)
	at org.apache.spark.sql.connect.execution.ExecuteThreadRunner.recordActiveQueries(ExecuteThreadRunner.scala:57)
	at org.apache.spark.sql.connect.execution.ExecuteThreadRunner.org$apache$spark$sql$connect$execution$ExecuteThreadRunner$$execute(ExecuteThreadRunner.scala:174)
	at org.apache.spark.sql.connect.execution.ExecuteThreadRunner$ExecutionThread.$anonfun$run$3(ExecuteThreadRunner.scala:697)
	at scala.runtime.java8.JFunction0$mcV$sp.apply(JFunction0$mcV$sp.scala:18)
	at com.databricks.spark.util.DBRTracing$.withSpanFromParent(DBRTracing.scala:70)
	at org.apache.spark.sql.connect.execution.ExecuteThreadRunner$ExecutionThread.$anonfun$run$2(ExecuteThreadRunner.scala:697)
	at scala.runtime.java8.JFunction0$mcV$sp.apply(JFunction0$mcV$sp.scala:18)
	at com.databricks.unity.UCSEphemeralState$Handle.runWith(UCSEphemeralState.scala:51)
	at com.databricks.unity.HandleImpl.runWith(UCSHandle.scala:104)
	at com.databricks.unity.HandleImpl.$anonfun$runWithAndClose$1(UCSHandle.scala:109)
	at scala.util.Using$.resource(Using.scala:296)
	at com.databricks.unity.HandleImpl.runWithAndClose(UCSHandle.scala:108)
	at org.apache.spark.sql.connect.execution.ExecuteThreadRunner$ExecutionThread.run(ExecuteThreadRunner.scala:696)
2026-04-11 19:15:53,094 | pyspark_streaming/silver | INFO | Creating Spark session for Silver layer
2026-04-11 19:15:53,097 | pyspark_streaming/silver | INFO | Spark session created successfully
2026-04-11 19:15:53,098 | pyspark_streaming/silver | INFO | Reading data from Bronze layer
2026-04-11 19:15:53,098 | pyspark_streaming/silver | INFO | Data read successfully from Bronze layer
2026-04-11 19:15:53,099 | pyspark_streaming/silver | INFO | Transforming data for Silver layer
2026-04-11 19:15:53,101 | pyspark_streaming/silver | INFO | Transformation Completed Successfully
2026-04-11 19:15:53,102 | pyspark_streaming/silver | INFO | Writing data to Silver layer
2026-04-11 19:15:54,006 | pyspark_streaming/silver | ERROR | Error writing data to Silver layer: [UC_VOLUME_NOT_FOUND] Volume `workspace`.`transaction_data_pipeline`.`silver` does not exist. Please use 'SHOW VOLUMES' to list available volumes. SQLSTATE: 42704

JVM stacktrace:
org.apache.spark.sql.catalyst.analysis.NoSuchVolumeException
	at com.databricks.sql.managedcatalog.client.ManagedCatalogClientImpl$ConvertVolumeException.convertVolumeException(ManagedCatalogClientImpl.scala:9833)
	at com.databricks.sql.managedcatalog.client.ManagedCatalogClientImpl.handleVolumeException(ManagedCatalogClientImpl.scala:9796)
	at com.databricks.sql.managedcatalog.client.ManagedCatalogClientImpl.$anonfun$getVolume$1(ManagedCatalogClientImpl.scala:9530)
	at com.databricks.sql.managedcatalog.client.ManagedCatalogClientImpl.$anonfun$recordAndWrapExceptionBase$2(ManagedCatalogClientImpl.scala:8540)
	at com.databricks.spark.util.FrameProfiler$.$anonfun$record$1(FrameProfiler.scala:114)
	at com.databricks.spark.util.FrameProfilerExporter$.maybeExportFrameProfiler(FrameProfilerExporter.scala:146)
	at com.databricks.spark.util.FrameProfiler$.record(FrameProfiler.scala:105)
	at com.databricks.sql.managedcatalog.client.ManagedCatalogClientImpl.$anonfun$recordAndWrapExceptionBase$1(ManagedCatalogClientImpl.scala:8539)
	at com.databricks.sql.managedcatalog.client.ErrorDetailsHandlerImpl.wrapServiceException(ErrorDetailsHandler.scala:96)
	at com.databricks.sql.managedcatalog.client.ErrorDetailsHandlerImpl.wrapServiceException$(ErrorDetailsHandler.scala:88)
	at com.databricks.managedcatalog.ManagedCatalogClientImpl.wrapServiceException(ManagedCatalogClientImpl.scala:44)
	at com.databricks.sql.managedcatalog.client.ManagedCatalogClientImpl.recordAndWrapExceptionBase(ManagedCatalogClientImpl.scala:8518)
	at com.databricks.sql.managedcatalog.client.ManagedCatalogClientImpl.recordAndWrapException(ManagedCatalogClientImpl.scala:8468)
	at com.databricks.sql.managedcatalog.client.ManagedCatalogClientImpl.getVolume(ManagedCatalogClientImpl.scala:9525)
	at com.databricks.sql.managedcatalog.ManagedCatalogCommon.getVolume(ManagedCatalogCommon.scala:4190)
	at com.databricks.sql.managedcatalog.ProfiledManagedCatalog.$anonfun$getVolume$1(ProfiledManagedCatalog.scala:1586)
	at org.apache.spark.sql.catalyst.MetricKeyUtils$.measure(MetricKey.scala:2447)
	at com.databricks.sql.managedcatalog.ProfiledManagedCatalog.$anonfun$profile$1(ProfiledManagedCatalog.scala:76)
	at com.databricks.spark.util.FrameProfiler$.$anonfun$record$1(FrameProfiler.scala:114)
	at com.databricks.spark.util.FrameProfilerExporter$.maybeExportFrameProfiler(FrameProfilerExporter.scala:146)
	at com.databricks.spark.util.FrameProfiler$.record(FrameProfiler.scala:105)
	at com.databricks.sql.managedcatalog.ProfiledManagedCatalog.profile(ProfiledManagedCatalog.scala:75)
	at com.databricks.sql.managedcatalog.ProfiledManagedCatalog.getVolume(ProfiledManagedCatalog.scala:1586)
	at com.databricks.sql.acl.fs.volumes.VolumePath$VolumePathPermissionProviderImpl.loadVolumePathPermission(VolumePath.scala:149)
	at com.databricks.unity.PathPermissionCacheImpl.getVolumePathPermission(PathPermissionCache.scala:495)
	at com.databricks.unity.UnityCredentialManager.$anonfun$getVolumePathPermission$1(CredentialManager.scala:1008)
	at scala.Option.map(Option.scala:242)
	at com.databricks.unity.UnityCredentialManager.getVolumePathPermission(CredentialManager.scala:1006)
	at com.databricks.unity.CredentialManager$.getVolumePathPermission(CredentialManager.scala:1502)
	at com.databricks.sql.acl.fs.volumes.VolumePath$.$anonfun$registerSAM$1(VolumePath.scala:416)
	at scala.runtime.java8.JFunction0$mcV$sp.apply(JFunction0$mcV$sp.scala:18)
	at com.databricks.spark.util.FrameProfiler$.$anonfun$record$1(FrameProfiler.scala:114)
	at com.databricks.spark.util.FrameProfilerExporter$.maybeExportFrameProfiler(FrameProfilerExporter.scala:201)
	at com.databricks.spark.util.FrameProfiler$.record(FrameProfiler.scala:105)
	at com.databricks.sql.acl.fs.volumes.VolumePath$.registerSAM(VolumePath.scala:398)
	at com.databricks.unity.CredentialScopeSQLHelper$.register(CredentialScopeSQLHelper.scala:264)
	at com.databricks.unity.CredentialScopeSQLHelper$.registerPathAccess(CredentialScopeSQLHelper.scala:1220)
	at com.databricks.unity.CredentialScopeSQLHelper$.registerPathAccess(CredentialScopeSQLHelper.scala:1181)
	at org.apache.spark.sql.classic.streaming.$anonfun$startInternal$1(DataStreamWriter.scala:368)
	at org.apache.spark.sql.classic.streaming.$anonfun$startInternal$1$adapted(DataStreamWriter.scala:367)
	at scala.Option.foreach(Option.scala:437)
	at org.apache.spark.sql.classic.streaming.startInternal(DataStreamWriter.scala:367)
	at org.apache.spark.sql.classic.streaming.writeToV1Table$1(DataStreamWriter.scala:299)
	at org.apache.spark.sql.classic.streaming.toTable(DataStreamWriter.scala:320)
	at org.apache.spark.sql.classic.streaming.toTable(DataStreamWriter.scala:72)
	at org.apache.spark.sql.connect.planner.SparkConnectPlanner.handleWriteStreamOperationStart(SparkConnectPlanner.scala:4564)
	at org.apache.spark.sql.connect.planner.SparkConnectPlanner.process(SparkConnectPlanner.scala:3611)
	at org.apache.spark.sql.connect.execution.ExecuteThreadRunner.handleCommand(ExecuteThreadRunner.scala:492)
	at org.apache.spark.sql.connect.execution.ExecuteThreadRunner.$anonfun$executeInternal$1(ExecuteThreadRunner.scala:380)
	at org.apache.spark.sql.connect.execution.ExecuteThreadRunner.$anonfun$executeInternal$1$adapted(ExecuteThreadRunner.scala:317)
	at org.apache.spark.sql.connect.service.SessionHolder.$anonfun$withSession$2(SessionHolder.scala:707)
	at org.apache.spark.sql.SparkSession.withActive(SparkSession.scala:866)
	at org.apache.spark.sql.connect.service.SessionHolder.$anonfun$withSession$1(SessionHolder.scala:707)
	at org.apache.spark.JobArtifactSet$.withActiveJobArtifactState(JobArtifactSet.scala:97)
	at org.apache.spark.sql.artifact.ArtifactManager.$anonfun$withResources$1(ArtifactManager.scala:124)
	at org.apache.spark.sql.artifact.ArtifactManager.withClassLoaderIfNeeded(ArtifactManager.scala:118)
	at org.apache.spark.sql.artifact.ArtifactManager.withResources(ArtifactManager.scala:123)
	at org.apache.spark.sql.connect.service.SessionHolder.withSession(SessionHolder.scala:706)
	at org.apache.spark.sql.connect.execution.ExecuteThreadRunner.executeInternal(ExecuteThreadRunner.scala:317)
	at org.apache.spark.sql.connect.execution.ExecuteThreadRunner.$anonfun$execute$1(ExecuteThreadRunner.scala:182)
	at scala.runtime.java8.JFunction0$mcV$sp.apply(JFunction0$mcV$sp.scala:18)
	at com.databricks.spark.connect.service.UtilizationMetrics.recordActiveQueries(UtilizationMetrics.scala:43)
	at com.databricks.spark.connect.service.UtilizationMetrics.recordActiveQueries$(UtilizationMetrics.scala:40)
	at org.apache.spark.sql.connect.execution.ExecuteThreadRunner.recordActiveQueries(ExecuteThreadRunner.scala:57)
	at org.apache.spark.sql.connect.execution.ExecuteThreadRunner.org$apache$spark$sql$connect$execution$ExecuteThreadRunner$$execute(ExecuteThreadRunner.scala:174)
	at org.apache.spark.sql.connect.execution.ExecuteThreadRunner$ExecutionThread.$anonfun$run$3(ExecuteThreadRunner.scala:697)
	at scala.runtime.java8.JFunction0$mcV$sp.apply(JFunction0$mcV$sp.scala:18)
	at com.databricks.logging.AttributionContext$.$anonfun$withValue$1(AttributionContext.scala:349)
	at scala.util.DynamicVariable.withValue(DynamicVariable.scala:59)
	at com.databricks.logging.AttributionContext$.withValue(AttributionContext.scala:345)
	at com.databricks.spark.util.DatabricksTracingHelper.$anonfun$withSpanFromParent$4(DatabricksSparkTracingHelper.scala:106)
	at com.databricks.util.TracingSpanUtils$.withTracing(TracingSpanUtils.scala:99)
	at com.databricks.spark.util.DatabricksTracingHelper.withSpanFromParent(DatabricksSparkTracingHelper.scala:104)
	at com.databricks.spark.util.DBRTracing$.withSpanFromParent(DBRTracing.scala:68)
	at org.apache.spark.sql.connect.execution.ExecuteThreadRunner$ExecutionThread.$anonfun$run$2(ExecuteThreadRunner.scala:697)
	at scala.runtime.java8.JFunction0$mcV$sp.apply(JFunction0$mcV$sp.scala:18)
	at com.databricks.unity.UCSEphemeralState$Handle.runWith(UCSEphemeralState.scala:51)
	at com.databricks.unity.HandleImpl.runWith(UCSHandle.scala:104)
	at com.databricks.unity.HandleImpl.$anonfun$runWithAndClose$1(UCSHandle.scala:109)
	at scala.util.Using$.resource(Using.scala:296)
	at com.databricks.unity.HandleImpl.runWithAndClose(UCSHandle.scala:108)
	at org.apache.spark.sql.connect.execution.ExecuteThreadRunner$ExecutionThread.run(ExecuteThreadRunner.scala:696)
Traceback (most recent call last):
  File "/Workspace/Repos/gnavin478@gmail.com/Realtime-Transaction-Pipeline/pyspark_streaming/silver/silver_transform.py", line 91, in write_to_silver
    .table("silver_transactions")
     ^^^^^^^^^^^^^^^^^^^^^^^^^^^^
  File "/databricks/python/lib/python3.12/site-packages/pyspark/sql/connect/streaming/readwriter.py", line 737, in table
    return self.toTable(tableName)
           ^^^^^^^^^^^^^^^^^^^^^^^
  File "/databricks/python/lib/python3.12/site-packages/pyspark/sql/connect/streaming/readwriter.py", line 748, in toTable
    return self._start_internal(
           ^^^^^^^^^^^^^^^^^^^^^
  File "/databricks/python/lib/python3.12/site-packages/pyspark/sql/connect/streaming/readwriter.py", line 685, in _start_internal
    (_, properties, _) = self._session.client.execute_command(cmd)
                         ^^^^^^^^^^^^^^^^^^^^^^^^^^^^^^^^^^^^^^^^^
  File "/databricks/python/lib/python3.12/site-packages/pyspark/sql/connect/client/core.py", line 1538, in execute_command
    data, _, metrics, observed_metrics, properties = self._execute_and_fetch(
                                                     ^^^^^^^^^^^^^^^^^^^^^^^^
  File "/databricks/python/lib/python3.12/site-packages/pyspark/sql/connect/client/core.py", line 2086, in _execute_and_fetch
    for response in self._execute_and_fetch_as_iterator(
  File "/databricks/python/lib/python3.12/site-packages/pyspark/sql/connect/client/core.py", line 2062, in _execute_and_fetch_as_iterator
    self._handle_error(error)
  File "/databricks/python/lib/python3.12/site-packages/pyspark/sql/connect/client/core.py", line 2380, in _handle_error
    self._handle_rpc_error(error)
  File "/databricks/python/lib/python3.12/site-packages/pyspark/sql/connect/client/core.py", line 2458, in _handle_rpc_error
    raise convert_exception(
pyspark.errors.exceptions.connect.AnalysisException: [UC_VOLUME_NOT_FOUND] Volume `workspace`.`transaction_data_pipeline`.`silver` does not exist. Please use 'SHOW VOLUMES' to list available volumes. SQLSTATE: 42704

JVM stacktrace:
org.apache.spark.sql.catalyst.analysis.NoSuchVolumeException
	at com.databricks.sql.managedcatalog.client.ManagedCatalogClientImpl$ConvertVolumeException.convertVolumeException(ManagedCatalogClientImpl.scala:9833)
	at com.databricks.sql.managedcatalog.client.ManagedCatalogClientImpl.handleVolumeException(ManagedCatalogClientImpl.scala:9796)
	at com.databricks.sql.managedcatalog.client.ManagedCatalogClientImpl.$anonfun$getVolume$1(ManagedCatalogClientImpl.scala:9530)
	at com.databricks.sql.managedcatalog.client.ManagedCatalogClientImpl.$anonfun$recordAndWrapExceptionBase$2(ManagedCatalogClientImpl.scala:8540)
	at com.databricks.spark.util.FrameProfiler$.$anonfun$record$1(FrameProfiler.scala:114)
	at com.databricks.spark.util.FrameProfilerExporter$.maybeExportFrameProfiler(FrameProfilerExporter.scala:146)
	at com.databricks.spark.util.FrameProfiler$.record(FrameProfiler.scala:105)
	at com.databricks.sql.managedcatalog.client.ManagedCatalogClientImpl.$anonfun$recordAndWrapExceptionBase$1(ManagedCatalogClientImpl.scala:8539)
	at com.databricks.sql.managedcatalog.client.ErrorDetailsHandlerImpl.wrapServiceException(ErrorDetailsHandler.scala:96)
	at com.databricks.sql.managedcatalog.client.ErrorDetailsHandlerImpl.wrapServiceException$(ErrorDetailsHandler.scala:88)
	at com.databricks.managedcatalog.ManagedCatalogClientImpl.wrapServiceException(ManagedCatalogClientImpl.scala:44)
	at com.databricks.sql.managedcatalog.client.ManagedCatalogClientImpl.recordAndWrapExceptionBase(ManagedCatalogClientImpl.scala:8518)
	at com.databricks.sql.managedcatalog.client.ManagedCatalogClientImpl.recordAndWrapException(ManagedCatalogClientImpl.scala:8468)
	at com.databricks.sql.managedcatalog.client.ManagedCatalogClientImpl.getVolume(ManagedCatalogClientImpl.scala:9525)
	at com.databricks.sql.managedcatalog.ManagedCatalogCommon.getVolume(ManagedCatalogCommon.scala:4190)
	at com.databricks.sql.managedcatalog.ProfiledManagedCatalog.$anonfun$getVolume$1(ProfiledManagedCatalog.scala:1586)
	at org.apache.spark.sql.catalyst.MetricKeyUtils$.measure(MetricKey.scala:2447)
	at com.databricks.sql.managedcatalog.ProfiledManagedCatalog.$anonfun$profile$1(ProfiledManagedCatalog.scala:76)
	at com.databricks.spark.util.FrameProfiler$.$anonfun$record$1(FrameProfiler.scala:114)
	at com.databricks.spark.util.FrameProfilerExporter$.maybeExportFrameProfiler(FrameProfilerExporter.scala:146)
	at com.databricks.spark.util.FrameProfiler$.record(FrameProfiler.scala:105)
	at com.databricks.sql.managedcatalog.ProfiledManagedCatalog.profile(ProfiledManagedCatalog.scala:75)
	at com.databricks.sql.managedcatalog.ProfiledManagedCatalog.getVolume(ProfiledManagedCatalog.scala:1586)
	at com.databricks.sql.acl.fs.volumes.VolumePath$VolumePathPermissionProviderImpl.loadVolumePathPermission(VolumePath.scala:149)
	at com.databricks.unity.PathPermissionCacheImpl.getVolumePathPermission(PathPermissionCache.scala:495)
	at com.databricks.unity.UnityCredentialManager.$anonfun$getVolumePathPermission$1(CredentialManager.scala:1008)
	at scala.Option.map(Option.scala:242)
	at com.databricks.unity.UnityCredentialManager.getVolumePathPermission(CredentialManager.scala:1006)
	at com.databricks.unity.CredentialManager$.getVolumePathPermission(CredentialManager.scala:1502)
	at com.databricks.sql.acl.fs.volumes.VolumePath$.$anonfun$registerSAM$1(VolumePath.scala:416)
	at scala.runtime.java8.JFunction0$mcV$sp.apply(JFunction0$mcV$sp.scala:18)
	at com.databricks.spark.util.FrameProfiler$.$anonfun$record$1(FrameProfiler.scala:114)
	at com.databricks.spark.util.FrameProfilerExporter$.maybeExportFrameProfiler(FrameProfilerExporter.scala:201)
	at com.databricks.spark.util.FrameProfiler$.record(FrameProfiler.scala:105)
	at com.databricks.sql.acl.fs.volumes.VolumePath$.registerSAM(VolumePath.scala:398)
	at com.databricks.unity.CredentialScopeSQLHelper$.register(CredentialScopeSQLHelper.scala:264)
	at com.databricks.unity.CredentialScopeSQLHelper$.registerPathAccess(CredentialScopeSQLHelper.scala:1220)
	at com.databricks.unity.CredentialScopeSQLHelper$.registerPathAccess(CredentialScopeSQLHelper.scala:1181)
	at org.apache.spark.sql.classic.streaming.$anonfun$startInternal$1(DataStreamWriter.scala:368)
	at org.apache.spark.sql.classic.streaming.$anonfun$startInternal$1$adapted(DataStreamWriter.scala:367)
	at scala.Option.foreach(Option.scala:437)
	at org.apache.spark.sql.classic.streaming.startInternal(DataStreamWriter.scala:367)
	at org.apache.spark.sql.classic.streaming.writeToV1Table$1(DataStreamWriter.scala:299)
	at org.apache.spark.sql.classic.streaming.toTable(DataStreamWriter.scala:320)
	at org.apache.spark.sql.classic.streaming.toTable(DataStreamWriter.scala:72)
	at org.apache.spark.sql.connect.planner.SparkConnectPlanner.handleWriteStreamOperationStart(SparkConnectPlanner.scala:4564)
	at org.apache.spark.sql.connect.planner.SparkConnectPlanner.process(SparkConnectPlanner.scala:3611)
	at org.apache.spark.sql.connect.execution.ExecuteThreadRunner.handleCommand(ExecuteThreadRunner.scala:492)
	at org.apache.spark.sql.connect.execution.ExecuteThreadRunner.$anonfun$executeInternal$1(ExecuteThreadRunner.scala:380)
	at org.apache.spark.sql.connect.execution.ExecuteThreadRunner.$anonfun$executeInternal$1$adapted(ExecuteThreadRunner.scala:317)
	at org.apache.spark.sql.connect.service.SessionHolder.$anonfun$withSession$2(SessionHolder.scala:707)
	at org.apache.spark.sql.SparkSession.withActive(SparkSession.scala:866)
	at org.apache.spark.sql.connect.service.SessionHolder.$anonfun$withSession$1(SessionHolder.scala:707)
	at org.apache.spark.JobArtifactSet$.withActiveJobArtifactState(JobArtifactSet.scala:97)
	at org.apache.spark.sql.artifact.ArtifactManager.$anonfun$withResources$1(ArtifactManager.scala:124)
	at org.apache.spark.sql.artifact.ArtifactManager.withClassLoaderIfNeeded(ArtifactManager.scala:118)
	at org.apache.spark.sql.artifact.ArtifactManager.withResources(ArtifactManager.scala:123)
	at org.apache.spark.sql.connect.service.SessionHolder.withSession(SessionHolder.scala:706)
	at org.apache.spark.sql.connect.execution.ExecuteThreadRunner.executeInternal(ExecuteThreadRunner.scala:317)
	at org.apache.spark.sql.connect.execution.ExecuteThreadRunner.$anonfun$execute$1(ExecuteThreadRunner.scala:182)
	at scala.runtime.java8.JFunction0$mcV$sp.apply(JFunction0$mcV$sp.scala:18)
	at com.databricks.spark.connect.service.UtilizationMetrics.recordActiveQueries(UtilizationMetrics.scala:43)
	at com.databricks.spark.connect.service.UtilizationMetrics.recordActiveQueries$(UtilizationMetrics.scala:40)
	at org.apache.spark.sql.connect.execution.ExecuteThreadRunner.recordActiveQueries(ExecuteThreadRunner.scala:57)
	at org.apache.spark.sql.connect.execution.ExecuteThreadRunner.org$apache$spark$sql$connect$execution$ExecuteThreadRunner$$execute(ExecuteThreadRunner.scala:174)
	at org.apache.spark.sql.connect.execution.ExecuteThreadRunner$ExecutionThread.$anonfun$run$3(ExecuteThreadRunner.scala:697)
	at scala.runtime.java8.JFunction0$mcV$sp.apply(JFunction0$mcV$sp.scala:18)
	at com.databricks.logging.AttributionContext$.$anonfun$withValue$1(AttributionContext.scala:349)
	at scala.util.DynamicVariable.withValue(DynamicVariable.scala:59)
	at com.databricks.logging.AttributionContext$.withValue(AttributionContext.scala:345)
	at com.databricks.spark.util.DatabricksTracingHelper.$anonfun$withSpanFromParent$4(DatabricksSparkTracingHelper.scala:106)
	at com.databricks.util.TracingSpanUtils$.withTracing(TracingSpanUtils.scala:99)
	at com.databricks.spark.util.DatabricksTracingHelper.withSpanFromParent(DatabricksSparkTracingHelper.scala:104)
	at com.databricks.spark.util.DBRTracing$.withSpanFromParent(DBRTracing.scala:68)
	at org.apache.spark.sql.connect.execution.ExecuteThreadRunner$ExecutionThread.$anonfun$run$2(ExecuteThreadRunner.scala:697)
	at scala.runtime.java8.JFunction0$mcV$sp.apply(JFunction0$mcV$sp.scala:18)
	at com.databricks.unity.UCSEphemeralState$Handle.runWith(UCSEphemeralState.scala:51)
	at com.databricks.unity.HandleImpl.runWith(UCSHandle.scala:104)
	at com.databricks.unity.HandleImpl.$anonfun$runWithAndClose$1(UCSHandle.scala:109)
	at scala.util.Using$.resource(Using.scala:296)
	at com.databricks.unity.HandleImpl.runWithAndClose(UCSHandle.scala:108)
	at org.apache.spark.sql.connect.execution.ExecuteThreadRunner$ExecutionThread.run(ExecuteThreadRunner.scala:696)
2026-04-11 19:18:54,755 | pyspark_streaming/silver | INFO | Creating Spark session for Silver layer
2026-04-11 19:18:54,757 | pyspark_streaming/silver | INFO | Spark session created successfully
2026-04-11 19:18:54,758 | pyspark_streaming/silver | INFO | Reading data from Bronze layer
2026-04-11 19:18:54,759 | pyspark_streaming/silver | INFO | Data read successfully from Bronze layer
2026-04-11 19:18:54,760 | pyspark_streaming/silver | INFO | Transforming data for Silver layer
2026-04-11 19:18:54,762 | pyspark_streaming/silver | INFO | Transformation Completed Successfully
2026-04-11 19:18:54,763 | pyspark_streaming/silver | INFO | Writing data to Silver layer
2026-04-11 19:18:57,738 | pyspark_streaming/silver | INFO | Silver streaming query started successfully
2026-04-11 19:19:36,251 | pyspark_streaming/silver | INFO | Silver streaming query completed successfully
2026-04-11 19:33:59,981 | pyspark_streaming/silver | INFO | Creating Spark session for Silver layer
2026-04-11 19:33:59,984 | pyspark_streaming/silver | INFO | Spark session created successfully
2026-04-11 19:33:59,985 | pyspark_streaming/silver | INFO | Reading data from Bronze layer
2026-04-11 19:33:59,988 | pyspark_streaming/silver | INFO | Data read successfully from Bronze layer
2026-04-11 19:33:59,990 | pyspark_streaming/silver | INFO | Transforming data for Silver layer
2026-04-11 19:33:59,993 | pyspark_streaming/silver | INFO | Transformation Completed Successfully
2026-04-11 19:33:59,996 | pyspark_streaming/silver | INFO | Writing data to Silver layer
2026-04-11 19:34:01,916 | pyspark_streaming/silver | ERROR | Error writing data to Silver layer: [UNRESOLVED_COLUMN.WITH_SUGGESTION] A column, variable, or function parameter with name `payment_status` cannot be resolved. Did you mean one of the following? [`payment_method`, `event_time`, `event_type`, `processed_at`, `product_name`]. SQLSTATE: 42703;
'Project [unresolvedstarwithcolumns(profit_amount, '`-`('net_amount, 'cost_price), Some(List({})))]
+- 'Project [unresolvedstarwithcolumns(currency, 'upper('trim('currency)), Some(List({})))]
   +- 'Project [unresolvedstarwithcolumns(customer_segment, 'upper('trim('customer_segment)), Some(List({})))]
      +- 'Project [unresolvedstarwithcolumns(order_status, 'upper('trim('order_status)), Some(List({})))]
         +- 'Project [event_id#12743, transaction_id#12744, customer_id#12745, merchant_id#12746, product_id#12747, product_name#12768, quantity#12749, unit_price#12750, gross_amount#12751, discount_amount#12752, tax_amount#12753, net_amount#12754, payment_method#12770, city#12772, device_type#12774, event_type#12776, transaction_status#12778, event_time#12780, ingestion_time#12782, topic#12762, partition#12763, offset#12764L, kafka_timestamp#12765, processed_at#12784, 'upper('trim('payment_status)) AS payment_status#12791]
            +- ~Project [event_id#12743, transaction_id#12744, customer_id#12745, merchant_id#12746, product_id#12747, product_name#12768, quantity#12749, unit_price#12750, gross_amount#12751, discount_amount#12752, tax_amount#12753, net_amount#12754, payment_method#12770, city#12772, device_type#12774, event_type#12776, transaction_status#12778, event_time#12780, ingestion_time#12782, topic#12762, partition#12763, offset#12764L, kafka_timestamp#12765, current_timestamp() AS processed_at#12784]
               +- ~Project [event_id#12743, transaction_id#12744, customer_id#12745, merchant_id#12746, product_id#12747, product_name#12768, quantity#12749, unit_price#12750, gross_amount#12751, discount_amount#12752, tax_amount#12753, net_amount#12754, payment_method#12770, city#12772, device_type#12774, event_type#12776, transaction_status#12778, event_time#12780, to_timestamp(ingestion_time#12761, None, TimestampType, Some(Etc/UTC), true) AS ingestion_time#12782, topic#12762, partition#12763, offset#12764L, kafka_timestamp#12765]
                  +- ~Project [event_id#12743, transaction_id#12744, customer_id#12745, merchant_id#12746, product_id#12747, product_name#12768, quantity#12749, unit_price#12750, gross_amount#12751, discount_amount#12752, tax_amount#12753, net_amount#12754, payment_method#12770, city#12772, device_type#12774, event_type#12776, transaction_status#12778, to_timestamp(event_time#12760, None, TimestampType, Some(Etc/UTC), true) AS event_time#12780, ingestion_time#12761, topic#12762, partition#12763, offset#12764L, kafka_timestamp#12765]
                     +- ~Project [event_id#12743, transaction_id#12744, customer_id#12745, merchant_id#12746, product_id#12747, product_name#12768, quantity#12749, unit_price#12750, gross_amount#12751, discount_amount#12752, tax_amount#12753, net_amount#12754, payment_method#12770, city#12772, device_type#12774, event_type#12776, upper(trim(transaction_status#12759, None)) AS transaction_status#12778, event_time#12760, ingestion_time#12761, topic#12762, partition#12763, offset#12764L, kafka_timestamp#12765]
                        +- ~Project [event_id#12743, transaction_id#12744, customer_id#12745, merchant_id#12746, product_id#12747, product_name#12768, quantity#12749, unit_price#12750, gross_amount#12751, discount_amount#12752, tax_amount#12753, net_amount#12754, payment_method#12770, city#12772, device_type#12774, upper(trim(event_type#12758, None)) AS event_type#12776, transaction_status#12759, event_time#12760, ingestion_time#12761, topic#12762, partition#12763, offset#12764L, kafka_timestamp#12765]
                           +- ~Project [event_id#12743, transaction_id#12744, customer_id#12745, merchant_id#12746, product_id#12747, product_name#12768, quantity#12749, unit_price#12750, gross_amount#12751, discount_amount#12752, tax_amount#12753, net_amount#12754, payment_method#12770, city#12772, upper(trim(device_type#12757, None)) AS device_type#12774, event_type#12758, transaction_status#12759, event_time#12760, ingestion_time#12761, topic#12762, partition#12763, offset#12764L, kafka_timestamp#12765]
                              +- ~Project [event_id#12743, transaction_id#12744, customer_id#12745, merchant_id#12746, product_id#12747, product_name#12768, quantity#12749, unit_price#12750, gross_amount#12751, discount_amount#12752, tax_amount#12753, net_amount#12754, payment_method#12770, trim(city#12756, None) AS city#12772, device_type#12757, event_type#12758, transaction_status#12759, event_time#12760, ingestion_time#12761, topic#12762, partition#12763, offset#12764L, kafka_timestamp#12765]
                                 +- ~Project [event_id#12743, transaction_id#12744, customer_id#12745, merchant_id#12746, product_id#12747, product_name#12768, quantity#12749, unit_price#12750, gross_amount#12751, discount_amount#12752, tax_amount#12753, net_amount#12754, upper(trim(payment_method#12755, None)) AS payment_method#12770, city#12756, device_type#12757, event_type#12758, transaction_status#12759, event_time#12760, ingestion_time#12761, topic#12762, partition#12763, offset#12764L, kafka_timestamp#12765]
                                    +- ~Project [event_id#12743, transaction_id#12744, customer_id#12745, merchant_id#12746, product_id#12747, trim(product_name#12748, None) AS product_name#12768, quantity#12749, unit_price#12750, gross_amount#12751, discount_amount#12752, tax_amount#12753, net_amount#12754, payment_method#12755, city#12756, device_type#12757, event_type#12758, transaction_status#12759, event_time#12760, ingestion_time#12761, topic#12762, partition#12763, offset#12764L, kafka_timestamp#12765]
                                       +- ~Filter (isnull(tax_amount#12753) OR (tax_amount#12753 >= cast(0 as double)))
                                          +- ~Filter (isnull(discount_amount#12752) OR (discount_amount#12752 >= cast(0 as double)))
                                             +- ~Filter (net_amount#12754 >= cast(0 as double))
                                                +- ~Filter (gross_amount#12751 >= cast(0 as double))
                                                   +- ~Filter (unit_price#12750 > cast(0 as double))
                                                      +- ~Filter (quantity#12749 > 0)
                                                         +- ~Filter isnotnull(event_time#12760)
                                                            +- ~Filter isnotnull(city#12756)
                                                               +- ~Filter isnotnull(payment_method#12755)
                                                                  +- ~Filter isnotnull(net_amount#12754)
                                                                     +- ~Filter isnotnull(gross_amount#12751)
                                                                        +- ~Filter isnotnull(unit_price#12750)
                                                                           +- ~Filter isnotnull(quantity#12749)
                                                                              +- ~Filter isnotnull(product_name#12748)
                                                                                 +- ~Filter isnotnull(product_id#12747)
                                                                                    +- ~Filter isnotnull(merchant_id#12746)
                                                                                       +- ~Filter isnotnull(customer_id#12745)
                                                                                          +- ~Filter isnotnull(transaction_id#12744)
                                                                                             +- ~Filter isnotnull(event_id#12743)
                                                                                                +- ~SubqueryAlias workspace.default.bronze_transactions
                                                                                                   +- StreamingRelation tahoe, [event_id#12743, transaction_id#12744, customer_id#12745, merchant_id#12746, product_id#12747, product_name#12748, quantity#12749, unit_price#12750, gross_amount#12751, discount_amount#12752, tax_amount#12753, net_amount#12754, payment_method#12755, city#12756, device_type#12757, event_type#12758, transaction_status#12759, event_time#12760, ingestion_time#12761, topic#12762, partition#12763, offset#12764L, kafka_timestamp#12765], name=<Unassigned>


JVM stacktrace:
org.apache.spark.sql.catalyst.ExtendedAnalysisException
	at org.apache.spark.sql.errors.QueryCompilationErrors$.unresolvedAttributeError(QueryCompilationErrors.scala:700)
	at org.apache.spark.sql.catalyst.analysis.CheckAnalysis.org$apache$spark$sql$catalyst$analysis$CheckAnalysis$$failUnresolvedAttribute(CheckAnalysis.scala:192)
	at org.apache.spark.sql.catalyst.analysis.CheckAnalysis.$anonfun$checkAnalysis0$10(CheckAnalysis.scala:509)
	at org.apache.spark.sql.catalyst.analysis.CheckAnalysis.$anonfun$checkAnalysis0$10$adapted(CheckAnalysis.scala:494)
	at org.apache.spark.sql.catalyst.analysis.CheckAnalysis.traverse$1(CheckAnalysis.scala:1130)
	at org.apache.spark.sql.catalyst.analysis.CheckAnalysis.$anonfun$foreachUpSkippingSecureView$1(CheckAnalysis.scala:1129)
	at org.apache.spark.sql.catalyst.analysis.CheckAnalysis.$anonfun$foreachUpSkippingSecureView$1$adapted(CheckAnalysis.scala:1129)
	at scala.collection.immutable.List.foreach(List.scala:334)
	at org.apache.spark.sql.catalyst.analysis.CheckAnalysis.traverse$1(CheckAnalysis.scala:1129)
	at org.apache.spark.sql.catalyst.analysis.CheckAnalysis.$anonfun$foreachUpSkippingSecureView$1(CheckAnalysis.scala:1129)
	at org.apache.spark.sql.catalyst.analysis.CheckAnalysis.$anonfun$foreachUpSkippingSecureView$1$adapted(CheckAnalysis.scala:1129)
	at scala.collection.immutable.List.foreach(List.scala:334)
	at org.apache.spark.sql.catalyst.analysis.CheckAnalysis.traverse$1(CheckAnalysis.scala:1129)
	at org.apache.spark.sql.catalyst.analysis.CheckAnalysis.$anonfun$foreachUpSkippingSecureView$1(CheckAnalysis.scala:1129)
	at org.apache.spark.sql.catalyst.analysis.CheckAnalysis.$anonfun$foreachUpSkippingSecureView$1$adapted(CheckAnalysis.scala:1129)
	at scala.collection.immutable.Vector.foreach(Vector.scala:2125)
	at org.apache.spark.sql.catalyst.analysis.CheckAnalysis.traverse$1(CheckAnalysis.scala:1129)
	at org.apache.spark.sql.catalyst.analysis.CheckAnalysis.foreachUpSkippingSecureView(CheckAnalysis.scala:1132)
	at org.apache.spark.sql.catalyst.analysis.CheckAnalysis.$anonfun$checkAnalysis0$9(CheckAnalysis.scala:494)
	at org.apache.spark.sql.catalyst.analysis.CheckAnalysis.$anonfun$checkAnalysis0$9$adapted(CheckAnalysis.scala:494)
	at scala.collection.IterableOnceOps.foreach(IterableOnce.scala:619)
	at scala.collection.IterableOnceOps.foreach$(IterableOnce.scala:617)
	at scala.collection.AbstractIterable.foreach(Iterable.scala:935)
	at org.apache.spark.sql.catalyst.analysis.CheckAnalysis.$anonfun$checkAnalysis0$2(CheckAnalysis.scala:494)
	at org.apache.spark.sql.catalyst.analysis.CheckAnalysis.$anonfun$checkAnalysis0$2$adapted(CheckAnalysis.scala:324)
	at org.apache.spark.sql.catalyst.trees.TreeNode.foreachUp(TreeNode.scala:371)
	at org.apache.spark.sql.catalyst.trees.TreeNode.$anonfun$foreachUp$1(TreeNode.scala:370)
	at org.apache.spark.sql.catalyst.trees.TreeNode.$anonfun$foreachUp$1$adapted(TreeNode.scala:370)
	at scala.collection.immutable.Vector.foreach(Vector.scala:2125)
	at org.apache.spark.sql.catalyst.trees.TreeNode.foreachUp(TreeNode.scala:370)
	at org.apache.spark.sql.catalyst.trees.TreeNode.$anonfun$foreachUp$1(TreeNode.scala:370)
	at org.apache.spark.sql.catalyst.trees.TreeNode.$anonfun$foreachUp$1$adapted(TreeNode.scala:370)
	at scala.collection.immutable.Vector.foreach(Vector.scala:2125)
	at org.apache.spark.sql.catalyst.trees.TreeNode.foreachUp(TreeNode.scala:370)
	at org.apache.spark.sql.catalyst.trees.TreeNode.$anonfun$foreachUp$1(TreeNode.scala:370)
	at org.apache.spark.sql.catalyst.trees.TreeNode.$anonfun$foreachUp$1$adapted(TreeNode.scala:370)
	at scala.collection.immutable.Vector.foreach(Vector.scala:2125)
	at org.apache.spark.sql.catalyst.trees.TreeNode.foreachUp(TreeNode.scala:370)
	at org.apache.spark.sql.catalyst.trees.TreeNode.$anonfun$foreachUp$1(TreeNode.scala:370)
	at org.apache.spark.sql.catalyst.trees.TreeNode.$anonfun$foreachUp$1$adapted(TreeNode.scala:370)
	at scala.collection.immutable.Vector.foreach(Vector.scala:2125)
	at org.apache.spark.sql.catalyst.trees.TreeNode.foreachUp(TreeNode.scala:370)
	at org.apache.spark.sql.catalyst.analysis.CheckAnalysis.checkAnalysis0(CheckAnalysis.scala:324)
	at org.apache.spark.sql.catalyst.analysis.CheckAnalysis.checkAnalysis0$(CheckAnalysis.scala:295)
	at org.apache.spark.sql.catalyst.analysis.Analyzer.checkAnalysis0(Analyzer.scala:554)
	at org.apache.spark.sql.catalyst.analysis.CheckAnalysis.$anonfun$checkAnalysis$1(CheckAnalysis.scala:280)
	at scala.runtime.java8.JFunction0$mcV$sp.apply(JFunction0$mcV$sp.scala:18)
	at com.databricks.spark.util.FrameProfiler$.$anonfun$record$1(FrameProfiler.scala:114)
	at com.databricks.spark.util.FrameProfilerExporter$.maybeExportFrameProfiler(FrameProfilerExporter.scala:201)
	at com.databricks.spark.util.FrameProfiler$.record(FrameProfiler.scala:105)
	at org.apache.spark.sql.catalyst.analysis.CheckAnalysis.checkAnalysis(CheckAnalysis.scala:267)
	at org.apache.spark.sql.catalyst.analysis.CheckAnalysis.checkAnalysis$(CheckAnalysis.scala:263)
	at org.apache.spark.sql.catalyst.analysis.Analyzer.checkAnalysis(Analyzer.scala:554)
	at org.apache.spark.sql.catalyst.analysis.resolver.HybridAnalyzer.$anonfun$resolveInFixedPoint$1(HybridAnalyzer.scala:414)
	at scala.runtime.java8.JFunction0$mcV$sp.apply(JFunction0$mcV$sp.scala:18)
	at org.apache.spark.sql.catalyst.QueryPlanningTracker$.withTracker(QueryPlanningTracker.scala:266)
	at org.apache.spark.sql.catalyst.analysis.resolver.HybridAnalyzer.resolveInFixedPoint(HybridAnalyzer.scala:414)
	at org.apache.spark.sql.catalyst.analysis.resolver.HybridAnalyzer.$anonfun$apply$1(HybridAnalyzer.scala:97)
	at org.apache.spark.sql.catalyst.analysis.resolver.HybridAnalyzer.withTrackedAnalyzerBridgeState(HybridAnalyzer.scala:134)
	at org.apache.spark.sql.catalyst.analysis.resolver.HybridAnalyzer.apply(HybridAnalyzer.scala:90)
	at org.apache.spark.sql.catalyst.analysis.Analyzer.$anonfun$executeAndCheck$2(Analyzer.scala:620)
	at org.apache.spark.sql.catalyst.plans.logical.AnalysisHelper$.markInAnalyzer(AnalysisHelper.scala:425)
	at org.apache.spark.sql.catalyst.analysis.Analyzer.$anonfun$executeAndCheck$1(Analyzer.scala:620)
	at com.databricks.sql.unity.SAMSnapshotHelper$.visitPlansDuringAnalysis(SAMSnapshotHelper.scala:40)
	at org.apache.spark.sql.catalyst.analysis.Analyzer.executeAndCheck(Analyzer.scala:609)
	at org.apache.spark.sql.execution.QueryExecution.$anonfun$lazyAnalyzed$3(QueryExecution.scala:574)
	at com.databricks.spark.util.FrameProfiler$.$anonfun$record$1(FrameProfiler.scala:114)
	at com.databricks.spark.util.FrameProfilerExporter$.maybeExportFrameProfiler(FrameProfilerExporter.scala:201)
	at com.databricks.spark.util.FrameProfiler$.record(FrameProfiler.scala:105)
	at org.apache.spark.sql.catalyst.QueryPlanningTracker.measurePhase(QueryPlanningTracker.scala:818)
	at org.apache.spark.sql.execution.QueryExecution.$anonfun$executePhase$8(QueryExecution.scala:1000)
	at org.apache.spark.sql.execution.SQLExecution$.$anonfun$withExecutionPhase$1(SQLExecution.scala:228)
	at com.databricks.util.TracingSpanUtils$.withTracing(TracingSpanUtils.scala:250)
	at com.databricks.spark.util.DatabricksTracingHelper.withSpan(DatabricksSparkTracingHelper.scala:154)
	at com.databricks.spark.util.DBRTracing$.withSpan(DBRTracing.scala:87)
	at org.apache.spark.sql.execution.SQLExecution$.withExecutionPhase(SQLExecution.scala:209)
	at org.apache.spark.sql.execution.QueryExecution.$anonfun$executePhase$7(QueryExecution.scala:1000)
	at org.apache.spark.sql.execution.QueryExecution$.withInternalError(QueryExecution.scala:1708)
	at org.apache.spark.sql.execution.QueryExecution.$anonfun$executePhase$5(QueryExecution.scala:993)
	at com.databricks.util.LexicalThreadLocal$Handle.runWith(LexicalThreadLocal.scala:63)
	at org.apache.spark.sql.execution.QueryExecution.$anonfun$executePhase$4(QueryExecution.scala:990)
	at com.databricks.util.LexicalThreadLocal$Handle.runWith(LexicalThreadLocal.scala:63)
	at org.apache.spark.sql.execution.QueryExecution.$anonfun$executePhase$3(QueryExecution.scala:990)
	at com.databricks.util.LexicalThreadLocal$Handle.runWith(LexicalThreadLocal.scala:63)
	at org.apache.spark.sql.execution.QueryExecution.$anonfun$executePhase$2(QueryExecution.scala:989)
	at com.databricks.util.LexicalThreadLocal$Handle.runWith(LexicalThreadLocal.scala:63)
	at org.apache.spark.sql.execution.QueryExecution.withQueryExecutionId(QueryExecution.scala:977)
	at org.apache.spark.sql.execution.QueryExecution.$anonfun$executePhase$1(QueryExecution.scala:988)
	at org.apache.spark.sql.SparkSession.withActive(SparkSession.scala:866)
	at org.apache.spark.sql.execution.QueryExecution.executePhase(QueryExecution.scala:987)
	at org.apache.spark.sql.execution.QueryExecution.$anonfun$lazyAnalyzed$2(QueryExecution.scala:565)
	at com.databricks.sql.util.MemoryTrackerHelper.withMemoryTracking(MemoryTrackerHelper.scala:111)
	at org.apache.spark.sql.execution.QueryExecution.$anonfun$lazyAnalyzed$1(QueryExecution.scala:564)
	at scala.util.Try$.apply(Try.scala:217)
	at org.apache.spark.util.Utils$.doTryWithCallerStacktrace(Utils.scala:1708)
	at org.apache.spark.util.Utils$.getTryWithCallerStacktrace(Utils.scala:1758)
	at org.apache.spark.util.LazyTry.get(LazyTry.scala:78)
	at org.apache.spark.sql.execution.QueryExecution.analyzed(QueryExecution.scala:622)
	at org.apache.spark.sql.connect.planner.SparkConnectPlanner.transformDeduplicate(SparkConnectPlanner.scala:1956)
	at org.apache.spark.sql.connect.planner.SparkConnectPlanner.$anonfun$transformRelation$1(SparkConnectPlanner.scala:238)
	at org.apache.spark.sql.connect.service.SessionHolder.$anonfun$usePlanCache$10(SessionHolder.scala:935)
	at org.apache.spark.sql.connect.service.SessionHolder.measureSubtreeRelationNodes(SessionHolder.scala:955)
	at org.apache.spark.sql.connect.service.SessionHolder.$anonfun$usePlanCache$9(SessionHolder.scala:934)
	at org.apache.spark.sql.connect.utils.TimingUtils$.withTiming(TimingUtils.scala:35)
	at org.apache.spark.sql.connect.service.SessionHolder.$anonfun$usePlanCache$6(SessionHolder.scala:934)
	at scala.Option.getOrElse(Option.scala:201)
	at org.apache.spark.sql.connect.service.SessionHolder.usePlanCache(SessionHolder.scala:926)
	at org.apache.spark.sql.connect.planner.SparkConnectPlanner.transformRelation(SparkConnectPlanner.scala:224)
	at org.apache.spark.sql.connect.planner.SparkConnectPlanner.transformRelation(SparkConnectPlanner.scala:210)
	at org.apache.spark.sql.connect.planner.SparkConnectPlanner.handleWriteStreamOperationStart(SparkConnectPlanner.scala:4409)
	at org.apache.spark.sql.connect.planner.SparkConnectPlanner.process(SparkConnectPlanner.scala:3611)
	at org.apache.spark.sql.connect.execution.ExecuteThreadRunner.handleCommand(ExecuteThreadRunner.scala:492)
	at org.apache.spark.sql.connect.execution.ExecuteThreadRunner.$anonfun$executeInternal$1(ExecuteThreadRunner.scala:380)
	at org.apache.spark.sql.connect.execution.ExecuteThreadRunner.$anonfun$executeInternal$1$adapted(ExecuteThreadRunner.scala:317)
	at org.apache.spark.sql.connect.service.SessionHolder.$anonfun$withSession$2(SessionHolder.scala:707)
	at org.apache.spark.sql.SparkSession.withActive(SparkSession.scala:866)
	at org.apache.spark.sql.connect.service.SessionHolder.$anonfun$withSession$1(SessionHolder.scala:707)
	at org.apache.spark.JobArtifactSet$.withActiveJobArtifactState(JobArtifactSet.scala:97)
	at org.apache.spark.sql.artifact.ArtifactManager.$anonfun$withResources$1(ArtifactManager.scala:124)
	at org.apache.spark.sql.artifact.ArtifactManager.withClassLoaderIfNeeded(ArtifactManager.scala:118)
	at org.apache.spark.sql.artifact.ArtifactManager.withResources(ArtifactManager.scala:123)
	at org.apache.spark.sql.connect.service.SessionHolder.withSession(SessionHolder.scala:706)
	at org.apache.spark.sql.connect.execution.ExecuteThreadRunner.executeInternal(ExecuteThreadRunner.scala:317)
	at org.apache.spark.sql.connect.execution.ExecuteThreadRunner.$anonfun$execute$1(ExecuteThreadRunner.scala:182)
	at scala.runtime.java8.JFunction0$mcV$sp.apply(JFunction0$mcV$sp.scala:18)
	at com.databricks.spark.connect.service.UtilizationMetrics.recordActiveQueries(UtilizationMetrics.scala:43)
	at com.databricks.spark.connect.service.UtilizationMetrics.recordActiveQueries$(UtilizationMetrics.scala:40)
	at org.apache.spark.sql.connect.execution.ExecuteThreadRunner.recordActiveQueries(ExecuteThreadRunner.scala:57)
	at org.apache.spark.sql.connect.execution.ExecuteThreadRunner.org$apache$spark$sql$connect$execution$ExecuteThreadRunner$$execute(ExecuteThreadRunner.scala:174)
	at org.apache.spark.sql.connect.execution.ExecuteThreadRunner$ExecutionThread.$anonfun$run$3(ExecuteThreadRunner.scala:697)
	at scala.runtime.java8.JFunction0$mcV$sp.apply(JFunction0$mcV$sp.scala:18)
	at com.databricks.spark.util.DBRTracing$.withSpanFromParent(DBRTracing.scala:70)
	at org.apache.spark.sql.connect.execution.ExecuteThreadRunner$ExecutionThread.$anonfun$run$2(ExecuteThreadRunner.scala:697)
	at scala.runtime.java8.JFunction0$mcV$sp.apply(JFunction0$mcV$sp.scala:18)
	at com.databricks.unity.UCSEphemeralState$Handle.runWith(UCSEphemeralState.scala:51)
	at com.databricks.unity.HandleImpl.runWith(UCSHandle.scala:104)
	at com.databricks.unity.HandleImpl.$anonfun$runWithAndClose$1(UCSHandle.scala:109)
	at scala.util.Using$.resource(Using.scala:296)
	at com.databricks.unity.HandleImpl.runWithAndClose(UCSHandle.scala:108)
	at org.apache.spark.sql.connect.execution.ExecuteThreadRunner$ExecutionThread.run(ExecuteThreadRunner.scala:696)
Traceback (most recent call last):
  File "/Workspace/Repos/gnavin478@gmail.com/Realtime-Transaction-Pipeline/pyspark_streaming/silver/silver_transform.py", line 96, in write_to_silver
    .table("silver_transactions")
     ^^^^^^^^^^^^^^^^^^^^^^^^^^^^
  File "/databricks/python/lib/python3.12/site-packages/pyspark/sql/connect/streaming/readwriter.py", line 737, in table
    return self.toTable(tableName)
           ^^^^^^^^^^^^^^^^^^^^^^^
  File "/databricks/python/lib/python3.12/site-packages/pyspark/sql/connect/streaming/readwriter.py", line 748, in toTable
    return self._start_internal(
           ^^^^^^^^^^^^^^^^^^^^^
  File "/databricks/python/lib/python3.12/site-packages/pyspark/sql/connect/streaming/readwriter.py", line 685, in _start_internal
    (_, properties, _) = self._session.client.execute_command(cmd)
                         ^^^^^^^^^^^^^^^^^^^^^^^^^^^^^^^^^^^^^^^^^
  File "/databricks/python/lib/python3.12/site-packages/pyspark/sql/connect/client/core.py", line 1538, in execute_command
    data, _, metrics, observed_metrics, properties = self._execute_and_fetch(
                                                     ^^^^^^^^^^^^^^^^^^^^^^^^
  File "/databricks/python/lib/python3.12/site-packages/pyspark/sql/connect/client/core.py", line 2086, in _execute_and_fetch
    for response in self._execute_and_fetch_as_iterator(
  File "/databricks/python/lib/python3.12/site-packages/pyspark/sql/connect/client/core.py", line 2062, in _execute_and_fetch_as_iterator
    self._handle_error(error)
  File "/databricks/python/lib/python3.12/site-packages/pyspark/sql/connect/client/core.py", line 2380, in _handle_error
    self._handle_rpc_error(error)
  File "/databricks/python/lib/python3.12/site-packages/pyspark/sql/connect/client/core.py", line 2458, in _handle_rpc_error
    raise convert_exception(
pyspark.errors.exceptions.connect.AnalysisException: [UNRESOLVED_COLUMN.WITH_SUGGESTION] A column, variable, or function parameter with name `payment_status` cannot be resolved. Did you mean one of the following? [`payment_method`, `event_time`, `event_type`, `processed_at`, `product_name`]. SQLSTATE: 42703;
'Project [unresolvedstarwithcolumns(profit_amount, '`-`('net_amount, 'cost_price), Some(List({})))]
+- 'Project [unresolvedstarwithcolumns(currency, 'upper('trim('currency)), Some(List({})))]
   +- 'Project [unresolvedstarwithcolumns(customer_segment, 'upper('trim('customer_segment)), Some(List({})))]
      +- 'Project [unresolvedstarwithcolumns(order_status, 'upper('trim('order_status)), Some(List({})))]
         +- 'Project [event_id#12743, transaction_id#12744, customer_id#12745, merchant_id#12746, product_id#12747, product_name#12768, quantity#12749, unit_price#12750, gross_amount#12751, discount_amount#12752, tax_amount#12753, net_amount#12754, payment_method#12770, city#12772, device_type#12774, event_type#12776, transaction_status#12778, event_time#12780, ingestion_time#12782, topic#12762, partition#12763, offset#12764L, kafka_timestamp#12765, processed_at#12784, 'upper('trim('payment_status)) AS payment_status#12791]
            +- ~Project [event_id#12743, transaction_id#12744, customer_id#12745, merchant_id#12746, product_id#12747, product_name#12768, quantity#12749, unit_price#12750, gross_amount#12751, discount_amount#12752, tax_amount#12753, net_amount#12754, payment_method#12770, city#12772, device_type#12774, event_type#12776, transaction_status#12778, event_time#12780, ingestion_time#12782, topic#12762, partition#12763, offset#12764L, kafka_timestamp#12765, current_timestamp() AS processed_at#12784]
               +- ~Project [event_id#12743, transaction_id#12744, customer_id#12745, merchant_id#12746, product_id#12747, product_name#12768, quantity#12749, unit_price#12750, gross_amount#12751, discount_amount#12752, tax_amount#12753, net_amount#12754, payment_method#12770, city#12772, device_type#12774, event_type#12776, transaction_status#12778, event_time#12780, to_timestamp(ingestion_time#12761, None, TimestampType, Some(Etc/UTC), true) AS ingestion_time#12782, topic#12762, partition#12763, offset#12764L, kafka_timestamp#12765]
                  +- ~Project [event_id#12743, transaction_id#12744, customer_id#12745, merchant_id#12746, product_id#12747, product_name#12768, quantity#12749, unit_price#12750, gross_amount#12751, discount_amount#12752, tax_amount#12753, net_amount#12754, payment_method#12770, city#12772, device_type#12774, event_type#12776, transaction_status#12778, to_timestamp(event_time#12760, None, TimestampType, Some(Etc/UTC), true) AS event_time#12780, ingestion_time#12761, topic#12762, partition#12763, offset#12764L, kafka_timestamp#12765]
                     +- ~Project [event_id#12743, transaction_id#12744, customer_id#12745, merchant_id#12746, product_id#12747, product_name#12768, quantity#12749, unit_price#12750, gross_amount#12751, discount_amount#12752, tax_amount#12753, net_amount#12754, payment_method#12770, city#12772, device_type#12774, event_type#12776, upper(trim(transaction_status#12759, None)) AS transaction_status#12778, event_time#12760, ingestion_time#12761, topic#12762, partition#12763, offset#12764L, kafka_timestamp#12765]
                        +- ~Project [event_id#12743, transaction_id#12744, customer_id#12745, merchant_id#12746, product_id#12747, product_name#12768, quantity#12749, unit_price#12750, gross_amount#12751, discount_amount#12752, tax_amount#12753, net_amount#12754, payment_method#12770, city#12772, device_type#12774, upper(trim(event_type#12758, None)) AS event_type#12776, transaction_status#12759, event_time#12760, ingestion_time#12761, topic#12762, partition#12763, offset#12764L, kafka_timestamp#12765]
                           +- ~Project [event_id#12743, transaction_id#12744, customer_id#12745, merchant_id#12746, product_id#12747, product_name#12768, quantity#12749, unit_price#12750, gross_amount#12751, discount_amount#12752, tax_amount#12753, net_amount#12754, payment_method#12770, city#12772, upper(trim(device_type#12757, None)) AS device_type#12774, event_type#12758, transaction_status#12759, event_time#12760, ingestion_time#12761, topic#12762, partition#12763, offset#12764L, kafka_timestamp#12765]
                              +- ~Project [event_id#12743, transaction_id#12744, customer_id#12745, merchant_id#12746, product_id#12747, product_name#12768, quantity#12749, unit_price#12750, gross_amount#12751, discount_amount#12752, tax_amount#12753, net_amount#12754, payment_method#12770, trim(city#12756, None) AS city#12772, device_type#12757, event_type#12758, transaction_status#12759, event_time#12760, ingestion_time#12761, topic#12762, partition#12763, offset#12764L, kafka_timestamp#12765]
                                 +- ~Project [event_id#12743, transaction_id#12744, customer_id#12745, merchant_id#12746, product_id#12747, product_name#12768, quantity#12749, unit_price#12750, gross_amount#12751, discount_amount#12752, tax_amount#12753, net_amount#12754, upper(trim(payment_method#12755, None)) AS payment_method#12770, city#12756, device_type#12757, event_type#12758, transaction_status#12759, event_time#12760, ingestion_time#12761, topic#12762, partition#12763, offset#12764L, kafka_timestamp#12765]
                                    +- ~Project [event_id#12743, transaction_id#12744, customer_id#12745, merchant_id#12746, product_id#12747, trim(product_name#12748, None) AS product_name#12768, quantity#12749, unit_price#12750, gross_amount#12751, discount_amount#12752, tax_amount#12753, net_amount#12754, payment_method#12755, city#12756, device_type#12757, event_type#12758, transaction_status#12759, event_time#12760, ingestion_time#12761, topic#12762, partition#12763, offset#12764L, kafka_timestamp#12765]
                                       +- ~Filter (isnull(tax_amount#12753) OR (tax_amount#12753 >= cast(0 as double)))
                                          +- ~Filter (isnull(discount_amount#12752) OR (discount_amount#12752 >= cast(0 as double)))
                                             +- ~Filter (net_amount#12754 >= cast(0 as double))
                                                +- ~Filter (gross_amount#12751 >= cast(0 as double))
                                                   +- ~Filter (unit_price#12750 > cast(0 as double))
                                                      +- ~Filter (quantity#12749 > 0)
                                                         +- ~Filter isnotnull(event_time#12760)
                                                            +- ~Filter isnotnull(city#12756)
                                                               +- ~Filter isnotnull(payment_method#12755)
                                                                  +- ~Filter isnotnull(net_amount#12754)
                                                                     +- ~Filter isnotnull(gross_amount#12751)
                                                                        +- ~Filter isnotnull(unit_price#12750)
                                                                           +- ~Filter isnotnull(quantity#12749)
                                                                              +- ~Filter isnotnull(product_name#12748)
                                                                                 +- ~Filter isnotnull(product_id#12747)
                                                                                    +- ~Filter isnotnull(merchant_id#12746)
                                                                                       +- ~Filter isnotnull(customer_id#12745)
                                                                                          +- ~Filter isnotnull(transaction_id#12744)
                                                                                             +- ~Filter isnotnull(event_id#12743)
                                                                                                +- ~SubqueryAlias workspace.default.bronze_transactions
                                                                                                   +- StreamingRelation tahoe, [event_id#12743, transaction_id#12744, customer_id#12745, merchant_id#12746, product_id#12747, product_name#12748, quantity#12749, unit_price#12750, gross_amount#12751, discount_amount#12752, tax_amount#12753, net_amount#12754, payment_method#12755, city#12756, device_type#12757, event_type#12758, transaction_status#12759, event_time#12760, ingestion_time#12761, topic#12762, partition#12763, offset#12764L, kafka_timestamp#12765], name=<Unassigned>


JVM stacktrace:
org.apache.spark.sql.catalyst.ExtendedAnalysisException
	at org.apache.spark.sql.errors.QueryCompilationErrors$.unresolvedAttributeError(QueryCompilationErrors.scala:700)
	at org.apache.spark.sql.catalyst.analysis.CheckAnalysis.org$apache$spark$sql$catalyst$analysis$CheckAnalysis$$failUnresolvedAttribute(CheckAnalysis.scala:192)
	at org.apache.spark.sql.catalyst.analysis.CheckAnalysis.$anonfun$checkAnalysis0$10(CheckAnalysis.scala:509)
	at org.apache.spark.sql.catalyst.analysis.CheckAnalysis.$anonfun$checkAnalysis0$10$adapted(CheckAnalysis.scala:494)
	at org.apache.spark.sql.catalyst.analysis.CheckAnalysis.traverse$1(CheckAnalysis.scala:1130)
	at org.apache.spark.sql.catalyst.analysis.CheckAnalysis.$anonfun$foreachUpSkippingSecureView$1(CheckAnalysis.scala:1129)
	at org.apache.spark.sql.catalyst.analysis.CheckAnalysis.$anonfun$foreachUpSkippingSecureView$1$adapted(CheckAnalysis.scala:1129)
	at scala.collection.immutable.List.foreach(List.scala:334)
	at org.apache.spark.sql.catalyst.analysis.CheckAnalysis.traverse$1(CheckAnalysis.scala:1129)
	at org.apache.spark.sql.catalyst.analysis.CheckAnalysis.$anonfun$foreachUpSkippingSecureView$1(CheckAnalysis.scala:1129)
	at org.apache.spark.sql.catalyst.analysis.CheckAnalysis.$anonfun$foreachUpSkippingSecureView$1$adapted(CheckAnalysis.scala:1129)
	at scala.collection.immutable.List.foreach(List.scala:334)
	at org.apache.spark.sql.catalyst.analysis.CheckAnalysis.traverse$1(CheckAnalysis.scala:1129)
	at org.apache.spark.sql.catalyst.analysis.CheckAnalysis.$anonfun$foreachUpSkippingSecureView$1(CheckAnalysis.scala:1129)
	at org.apache.spark.sql.catalyst.analysis.CheckAnalysis.$anonfun$foreachUpSkippingSecureView$1$adapted(CheckAnalysis.scala:1129)
	at scala.collection.immutable.Vector.foreach(Vector.scala:2125)
	at org.apache.spark.sql.catalyst.analysis.CheckAnalysis.traverse$1(CheckAnalysis.scala:1129)
	at org.apache.spark.sql.catalyst.analysis.CheckAnalysis.foreachUpSkippingSecureView(CheckAnalysis.scala:1132)
	at org.apache.spark.sql.catalyst.analysis.CheckAnalysis.$anonfun$checkAnalysis0$9(CheckAnalysis.scala:494)
	at org.apache.spark.sql.catalyst.analysis.CheckAnalysis.$anonfun$checkAnalysis0$9$adapted(CheckAnalysis.scala:494)
	at scala.collection.IterableOnceOps.foreach(IterableOnce.scala:619)
	at scala.collection.IterableOnceOps.foreach$(IterableOnce.scala:617)
	at scala.collection.AbstractIterable.foreach(Iterable.scala:935)
	at org.apache.spark.sql.catalyst.analysis.CheckAnalysis.$anonfun$checkAnalysis0$2(CheckAnalysis.scala:494)
	at org.apache.spark.sql.catalyst.analysis.CheckAnalysis.$anonfun$checkAnalysis0$2$adapted(CheckAnalysis.scala:324)
	at org.apache.spark.sql.catalyst.trees.TreeNode.foreachUp(TreeNode.scala:371)
	at org.apache.spark.sql.catalyst.trees.TreeNode.$anonfun$foreachUp$1(TreeNode.scala:370)
	at org.apache.spark.sql.catalyst.trees.TreeNode.$anonfun$foreachUp$1$adapted(TreeNode.scala:370)
	at scala.collection.immutable.Vector.foreach(Vector.scala:2125)
	at org.apache.spark.sql.catalyst.trees.TreeNode.foreachUp(TreeNode.scala:370)
	at org.apache.spark.sql.catalyst.trees.TreeNode.$anonfun$foreachUp$1(TreeNode.scala:370)
	at org.apache.spark.sql.catalyst.trees.TreeNode.$anonfun$foreachUp$1$adapted(TreeNode.scala:370)
	at scala.collection.immutable.Vector.foreach(Vector.scala:2125)
	at org.apache.spark.sql.catalyst.trees.TreeNode.foreachUp(TreeNode.scala:370)
	at org.apache.spark.sql.catalyst.trees.TreeNode.$anonfun$foreachUp$1(TreeNode.scala:370)
	at org.apache.spark.sql.catalyst.trees.TreeNode.$anonfun$foreachUp$1$adapted(TreeNode.scala:370)
	at scala.collection.immutable.Vector.foreach(Vector.scala:2125)
	at org.apache.spark.sql.catalyst.trees.TreeNode.foreachUp(TreeNode.scala:370)
	at org.apache.spark.sql.catalyst.trees.TreeNode.$anonfun$foreachUp$1(TreeNode.scala:370)
	at org.apache.spark.sql.catalyst.trees.TreeNode.$anonfun$foreachUp$1$adapted(TreeNode.scala:370)
	at scala.collection.immutable.Vector.foreach(Vector.scala:2125)
	at org.apache.spark.sql.catalyst.trees.TreeNode.foreachUp(TreeNode.scala:370)
	at org.apache.spark.sql.catalyst.analysis.CheckAnalysis.checkAnalysis0(CheckAnalysis.scala:324)
	at org.apache.spark.sql.catalyst.analysis.CheckAnalysis.checkAnalysis0$(CheckAnalysis.scala:295)
	at org.apache.spark.sql.catalyst.analysis.Analyzer.checkAnalysis0(Analyzer.scala:554)
	at org.apache.spark.sql.catalyst.analysis.CheckAnalysis.$anonfun$checkAnalysis$1(CheckAnalysis.scala:280)
	at scala.runtime.java8.JFunction0$mcV$sp.apply(JFunction0$mcV$sp.scala:18)
	at com.databricks.spark.util.FrameProfiler$.$anonfun$record$1(FrameProfiler.scala:114)
	at com.databricks.spark.util.FrameProfilerExporter$.maybeExportFrameProfiler(FrameProfilerExporter.scala:201)
	at com.databricks.spark.util.FrameProfiler$.record(FrameProfiler.scala:105)
	at org.apache.spark.sql.catalyst.analysis.CheckAnalysis.checkAnalysis(CheckAnalysis.scala:267)
	at org.apache.spark.sql.catalyst.analysis.CheckAnalysis.checkAnalysis$(CheckAnalysis.scala:263)
	at org.apache.spark.sql.catalyst.analysis.Analyzer.checkAnalysis(Analyzer.scala:554)
	at org.apache.spark.sql.catalyst.analysis.resolver.HybridAnalyzer.$anonfun$resolveInFixedPoint$1(HybridAnalyzer.scala:414)
	at scala.runtime.java8.JFunction0$mcV$sp.apply(JFunction0$mcV$sp.scala:18)
	at org.apache.spark.sql.catalyst.QueryPlanningTracker$.withTracker(QueryPlanningTracker.scala:266)
	at org.apache.spark.sql.catalyst.analysis.resolver.HybridAnalyzer.resolveInFixedPoint(HybridAnalyzer.scala:414)
	at org.apache.spark.sql.catalyst.analysis.resolver.HybridAnalyzer.$anonfun$apply$1(HybridAnalyzer.scala:97)
	at org.apache.spark.sql.catalyst.analysis.resolver.HybridAnalyzer.withTrackedAnalyzerBridgeState(HybridAnalyzer.scala:134)
	at org.apache.spark.sql.catalyst.analysis.resolver.HybridAnalyzer.apply(HybridAnalyzer.scala:90)
	at org.apache.spark.sql.catalyst.analysis.Analyzer.$anonfun$executeAndCheck$2(Analyzer.scala:620)
	at org.apache.spark.sql.catalyst.plans.logical.AnalysisHelper$.markInAnalyzer(AnalysisHelper.scala:425)
	at org.apache.spark.sql.catalyst.analysis.Analyzer.$anonfun$executeAndCheck$1(Analyzer.scala:620)
	at com.databricks.sql.unity.SAMSnapshotHelper$.visitPlansDuringAnalysis(SAMSnapshotHelper.scala:40)
	at org.apache.spark.sql.catalyst.analysis.Analyzer.executeAndCheck(Analyzer.scala:609)
	at org.apache.spark.sql.execution.QueryExecution.$anonfun$lazyAnalyzed$3(QueryExecution.scala:574)
	at com.databricks.spark.util.FrameProfiler$.$anonfun$record$1(FrameProfiler.scala:114)
	at com.databricks.spark.util.FrameProfilerExporter$.maybeExportFrameProfiler(FrameProfilerExporter.scala:201)
	at com.databricks.spark.util.FrameProfiler$.record(FrameProfiler.scala:105)
	at org.apache.spark.sql.catalyst.QueryPlanningTracker.measurePhase(QueryPlanningTracker.scala:818)
	at org.apache.spark.sql.execution.QueryExecution.$anonfun$executePhase$8(QueryExecution.scala:1000)
	at org.apache.spark.sql.execution.SQLExecution$.$anonfun$withExecutionPhase$1(SQLExecution.scala:228)
	at com.databricks.util.TracingSpanUtils$.withTracing(TracingSpanUtils.scala:250)
	at com.databricks.spark.util.DatabricksTracingHelper.withSpan(DatabricksSparkTracingHelper.scala:154)
	at com.databricks.spark.util.DBRTracing$.withSpan(DBRTracing.scala:87)
	at org.apache.spark.sql.execution.SQLExecution$.withExecutionPhase(SQLExecution.scala:209)
	at org.apache.spark.sql.execution.QueryExecution.$anonfun$executePhase$7(QueryExecution.scala:1000)
	at org.apache.spark.sql.execution.QueryExecution$.withInternalError(QueryExecution.scala:1708)
	at org.apache.spark.sql.execution.QueryExecution.$anonfun$executePhase$5(QueryExecution.scala:993)
	at com.databricks.util.LexicalThreadLocal$Handle.runWith(LexicalThreadLocal.scala:63)
	at org.apache.spark.sql.execution.QueryExecution.$anonfun$executePhase$4(QueryExecution.scala:990)
	at com.databricks.util.LexicalThreadLocal$Handle.runWith(LexicalThreadLocal.scala:63)
	at org.apache.spark.sql.execution.QueryExecution.$anonfun$executePhase$3(QueryExecution.scala:990)
	at com.databricks.util.LexicalThreadLocal$Handle.runWith(LexicalThreadLocal.scala:63)
	at org.apache.spark.sql.execution.QueryExecution.$anonfun$executePhase$2(QueryExecution.scala:989)
	at com.databricks.util.LexicalThreadLocal$Handle.runWith(LexicalThreadLocal.scala:63)
	at org.apache.spark.sql.execution.QueryExecution.withQueryExecutionId(QueryExecution.scala:977)
	at org.apache.spark.sql.execution.QueryExecution.$anonfun$executePhase$1(QueryExecution.scala:988)
	at org.apache.spark.sql.SparkSession.withActive(SparkSession.scala:866)
	at org.apache.spark.sql.execution.QueryExecution.executePhase(QueryExecution.scala:987)
	at org.apache.spark.sql.execution.QueryExecution.$anonfun$lazyAnalyzed$2(QueryExecution.scala:565)
	at com.databricks.sql.util.MemoryTrackerHelper.withMemoryTracking(MemoryTrackerHelper.scala:111)
	at org.apache.spark.sql.execution.QueryExecution.$anonfun$lazyAnalyzed$1(QueryExecution.scala:564)
	at scala.util.Try$.apply(Try.scala:217)
	at org.apache.spark.util.Utils$.doTryWithCallerStacktrace(Utils.scala:1708)
	at org.apache.spark.util.Utils$.getTryWithCallerStacktrace(Utils.scala:1758)
	at org.apache.spark.util.LazyTry.get(LazyTry.scala:78)
	at org.apache.spark.sql.execution.QueryExecution.analyzed(QueryExecution.scala:622)
	at org.apache.spark.sql.connect.planner.SparkConnectPlanner.transformDeduplicate(SparkConnectPlanner.scala:1956)
	at org.apache.spark.sql.connect.planner.SparkConnectPlanner.$anonfun$transformRelation$1(SparkConnectPlanner.scala:238)
	at org.apache.spark.sql.connect.service.SessionHolder.$anonfun$usePlanCache$10(SessionHolder.scala:935)
	at org.apache.spark.sql.connect.service.SessionHolder.measureSubtreeRelationNodes(SessionHolder.scala:955)
	at org.apache.spark.sql.connect.service.SessionHolder.$anonfun$usePlanCache$9(SessionHolder.scala:934)
	at org.apache.spark.sql.connect.utils.TimingUtils$.withTiming(TimingUtils.scala:35)
	at org.apache.spark.sql.connect.service.SessionHolder.$anonfun$usePlanCache$6(SessionHolder.scala:934)
	at scala.Option.getOrElse(Option.scala:201)
	at org.apache.spark.sql.connect.service.SessionHolder.usePlanCache(SessionHolder.scala:926)
	at org.apache.spark.sql.connect.planner.SparkConnectPlanner.transformRelation(SparkConnectPlanner.scala:224)
	at org.apache.spark.sql.connect.planner.SparkConnectPlanner.transformRelation(SparkConnectPlanner.scala:210)
	at org.apache.spark.sql.connect.planner.SparkConnectPlanner.handleWriteStreamOperationStart(SparkConnectPlanner.scala:4409)
	at org.apache.spark.sql.connect.planner.SparkConnectPlanner.process(SparkConnectPlanner.scala:3611)
	at org.apache.spark.sql.connect.execution.ExecuteThreadRunner.handleCommand(ExecuteThreadRunner.scala:492)
	at org.apache.spark.sql.connect.execution.ExecuteThreadRunner.$anonfun$executeInternal$1(ExecuteThreadRunner.scala:380)
	at org.apache.spark.sql.connect.execution.ExecuteThreadRunner.$anonfun$executeInternal$1$adapted(ExecuteThreadRunner.scala:317)
	at org.apache.spark.sql.connect.service.SessionHolder.$anonfun$withSession$2(SessionHolder.scala:707)
	at org.apache.spark.sql.SparkSession.withActive(SparkSession.scala:866)
	at org.apache.spark.sql.connect.service.SessionHolder.$anonfun$withSession$1(SessionHolder.scala:707)
	at org.apache.spark.JobArtifactSet$.withActiveJobArtifactState(JobArtifactSet.scala:97)
	at org.apache.spark.sql.artifact.ArtifactManager.$anonfun$withResources$1(ArtifactManager.scala:124)
	at org.apache.spark.sql.artifact.ArtifactManager.withClassLoaderIfNeeded(ArtifactManager.scala:118)
	at org.apache.spark.sql.artifact.ArtifactManager.withResources(ArtifactManager.scala:123)
	at org.apache.spark.sql.connect.service.SessionHolder.withSession(SessionHolder.scala:706)
	at org.apache.spark.sql.connect.execution.ExecuteThreadRunner.executeInternal(ExecuteThreadRunner.scala:317)
	at org.apache.spark.sql.connect.execution.ExecuteThreadRunner.$anonfun$execute$1(ExecuteThreadRunner.scala:182)
	at scala.runtime.java8.JFunction0$mcV$sp.apply(JFunction0$mcV$sp.scala:18)
	at com.databricks.spark.connect.service.UtilizationMetrics.recordActiveQueries(UtilizationMetrics.scala:43)
	at com.databricks.spark.connect.service.UtilizationMetrics.recordActiveQueries$(UtilizationMetrics.scala:40)
	at org.apache.spark.sql.connect.execution.ExecuteThreadRunner.recordActiveQueries(ExecuteThreadRunner.scala:57)
	at org.apache.spark.sql.connect.execution.ExecuteThreadRunner.org$apache$spark$sql$connect$execution$ExecuteThreadRunner$$execute(ExecuteThreadRunner.scala:174)
	at org.apache.spark.sql.connect.execution.ExecuteThreadRunner$ExecutionThread.$anonfun$run$3(ExecuteThreadRunner.scala:697)
	at scala.runtime.java8.JFunction0$mcV$sp.apply(JFunction0$mcV$sp.scala:18)
	at com.databricks.spark.util.DBRTracing$.withSpanFromParent(DBRTracing.scala:70)
	at org.apache.spark.sql.connect.execution.ExecuteThreadRunner$ExecutionThread.$anonfun$run$2(ExecuteThreadRunner.scala:697)
	at scala.runtime.java8.JFunction0$mcV$sp.apply(JFunction0$mcV$sp.scala:18)
	at com.databricks.unity.UCSEphemeralState$Handle.runWith(UCSEphemeralState.scala:51)
	at com.databricks.unity.HandleImpl.runWith(UCSHandle.scala:104)
	at com.databricks.unity.HandleImpl.$anonfun$runWithAndClose$1(UCSHandle.scala:109)
	at scala.util.Using$.resource(Using.scala:296)
	at com.databricks.unity.HandleImpl.runWithAndClose(UCSHandle.scala:108)
	at org.apache.spark.sql.connect.execution.ExecuteThreadRunner$ExecutionThread.run(ExecuteThreadRunner.scala:696)
2026-04-11 19:36:07,226 | pyspark_streaming/silver | INFO | Creating Spark session for Silver layer
2026-04-11 19:36:07,228 | pyspark_streaming/silver | INFO | Spark session created successfully
2026-04-11 19:36:07,229 | pyspark_streaming/silver | INFO | Reading data from Bronze layer
2026-04-11 19:36:07,229 | pyspark_streaming/silver | INFO | Data read successfully from Bronze layer
2026-04-11 19:36:07,230 | pyspark_streaming/silver | INFO | Transforming data for Silver layer
2026-04-11 19:36:07,232 | pyspark_streaming/silver | INFO | Transformation Completed Successfully
2026-04-11 19:36:07,233 | pyspark_streaming/silver | INFO | Writing data to Silver layer
2026-04-11 19:36:08,049 | pyspark_streaming/silver | ERROR | Error writing data to Silver layer: [UNRESOLVED_COLUMN.WITH_SUGGESTION] A column, variable, or function parameter with name `payment_status` cannot be resolved. Did you mean one of the following? [`payment_method`, `event_time`, `event_type`, `processed_at`, `product_name`]. SQLSTATE: 42703;
'Project [unresolvedstarwithcolumns(profit_amount, '`-`('net_amount, 'cost_price), Some(List({})))]
+- 'Project [unresolvedstarwithcolumns(currency, 'upper('trim('currency)), Some(List({})))]
   +- 'Project [unresolvedstarwithcolumns(customer_segment, 'upper('trim('customer_segment)), Some(List({})))]
      +- 'Project [unresolvedstarwithcolumns(order_status, 'upper('trim('order_status)), Some(List({})))]
         +- 'Project [event_id#12839, transaction_id#12840, customer_id#12841, merchant_id#12842, product_id#12843, product_name#12864, quantity#12845, unit_price#12846, gross_amount#12847, discount_amount#12848, tax_amount#12849, net_amount#12850, payment_method#12866, city#12868, device_type#12870, event_type#12872, transaction_status#12874, event_time#12876, ingestion_time#12878, topic#12858, partition#12859, offset#12860L, kafka_timestamp#12861, processed_at#12880, 'upper('trim('payment_status)) AS payment_status#12887]
            +- ~Project [event_id#12839, transaction_id#12840, customer_id#12841, merchant_id#12842, product_id#12843, product_name#12864, quantity#12845, unit_price#12846, gross_amount#12847, discount_amount#12848, tax_amount#12849, net_amount#12850, payment_method#12866, city#12868, device_type#12870, event_type#12872, transaction_status#12874, event_time#12876, ingestion_time#12878, topic#12858, partition#12859, offset#12860L, kafka_timestamp#12861, current_timestamp() AS processed_at#12880]
               +- ~Project [event_id#12839, transaction_id#12840, customer_id#12841, merchant_id#12842, product_id#12843, product_name#12864, quantity#12845, unit_price#12846, gross_amount#12847, discount_amount#12848, tax_amount#12849, net_amount#12850, payment_method#12866, city#12868, device_type#12870, event_type#12872, transaction_status#12874, event_time#12876, to_timestamp(ingestion_time#12857, None, TimestampType, Some(Etc/UTC), true) AS ingestion_time#12878, topic#12858, partition#12859, offset#12860L, kafka_timestamp#12861]
                  +- ~Project [event_id#12839, transaction_id#12840, customer_id#12841, merchant_id#12842, product_id#12843, product_name#12864, quantity#12845, unit_price#12846, gross_amount#12847, discount_amount#12848, tax_amount#12849, net_amount#12850, payment_method#12866, city#12868, device_type#12870, event_type#12872, transaction_status#12874, to_timestamp(event_time#12856, None, TimestampType, Some(Etc/UTC), true) AS event_time#12876, ingestion_time#12857, topic#12858, partition#12859, offset#12860L, kafka_timestamp#12861]
                     +- ~Project [event_id#12839, transaction_id#12840, customer_id#12841, merchant_id#12842, product_id#12843, product_name#12864, quantity#12845, unit_price#12846, gross_amount#12847, discount_amount#12848, tax_amount#12849, net_amount#12850, payment_method#12866, city#12868, device_type#12870, event_type#12872, upper(trim(transaction_status#12855, None)) AS transaction_status#12874, event_time#12856, ingestion_time#12857, topic#12858, partition#12859, offset#12860L, kafka_timestamp#12861]
                        +- ~Project [event_id#12839, transaction_id#12840, customer_id#12841, merchant_id#12842, product_id#12843, product_name#12864, quantity#12845, unit_price#12846, gross_amount#12847, discount_amount#12848, tax_amount#12849, net_amount#12850, payment_method#12866, city#12868, device_type#12870, upper(trim(event_type#12854, None)) AS event_type#12872, transaction_status#12855, event_time#12856, ingestion_time#12857, topic#12858, partition#12859, offset#12860L, kafka_timestamp#12861]
                           +- ~Project [event_id#12839, transaction_id#12840, customer_id#12841, merchant_id#12842, product_id#12843, product_name#12864, quantity#12845, unit_price#12846, gross_amount#12847, discount_amount#12848, tax_amount#12849, net_amount#12850, payment_method#12866, city#12868, upper(trim(device_type#12853, None)) AS device_type#12870, event_type#12854, transaction_status#12855, event_time#12856, ingestion_time#12857, topic#12858, partition#12859, offset#12860L, kafka_timestamp#12861]
                              +- ~Project [event_id#12839, transaction_id#12840, customer_id#12841, merchant_id#12842, product_id#12843, product_name#12864, quantity#12845, unit_price#12846, gross_amount#12847, discount_amount#12848, tax_amount#12849, net_amount#12850, payment_method#12866, trim(city#12852, None) AS city#12868, device_type#12853, event_type#12854, transaction_status#12855, event_time#12856, ingestion_time#12857, topic#12858, partition#12859, offset#12860L, kafka_timestamp#12861]
                                 +- ~Project [event_id#12839, transaction_id#12840, customer_id#12841, merchant_id#12842, product_id#12843, product_name#12864, quantity#12845, unit_price#12846, gross_amount#12847, discount_amount#12848, tax_amount#12849, net_amount#12850, upper(trim(payment_method#12851, None)) AS payment_method#12866, city#12852, device_type#12853, event_type#12854, transaction_status#12855, event_time#12856, ingestion_time#12857, topic#12858, partition#12859, offset#12860L, kafka_timestamp#12861]
                                    +- ~Project [event_id#12839, transaction_id#12840, customer_id#12841, merchant_id#12842, product_id#12843, trim(product_name#12844, None) AS product_name#12864, quantity#12845, unit_price#12846, gross_amount#12847, discount_amount#12848, tax_amount#12849, net_amount#12850, payment_method#12851, city#12852, device_type#12853, event_type#12854, transaction_status#12855, event_time#12856, ingestion_time#12857, topic#12858, partition#12859, offset#12860L, kafka_timestamp#12861]
                                       +- ~Filter (isnull(tax_amount#12849) OR (tax_amount#12849 >= cast(0 as double)))
                                          +- ~Filter (isnull(discount_amount#12848) OR (discount_amount#12848 >= cast(0 as double)))
                                             +- ~Filter (net_amount#12850 >= cast(0 as double))
                                                +- ~Filter (gross_amount#12847 >= cast(0 as double))
                                                   +- ~Filter (unit_price#12846 > cast(0 as double))
                                                      +- ~Filter (quantity#12845 > 0)
                                                         +- ~Filter isnotnull(event_time#12856)
                                                            +- ~Filter isnotnull(city#12852)
                                                               +- ~Filter isnotnull(payment_method#12851)
                                                                  +- ~Filter isnotnull(net_amount#12850)
                                                                     +- ~Filter isnotnull(gross_amount#12847)
                                                                        +- ~Filter isnotnull(unit_price#12846)
                                                                           +- ~Filter isnotnull(quantity#12845)
                                                                              +- ~Filter isnotnull(product_name#12844)
                                                                                 +- ~Filter isnotnull(product_id#12843)
                                                                                    +- ~Filter isnotnull(merchant_id#12842)
                                                                                       +- ~Filter isnotnull(customer_id#12841)
                                                                                          +- ~Filter isnotnull(transaction_id#12840)
                                                                                             +- ~Filter isnotnull(event_id#12839)
                                                                                                +- ~SubqueryAlias workspace.default.bronze_transactions
                                                                                                   +- StreamingRelation tahoe, [event_id#12839, transaction_id#12840, customer_id#12841, merchant_id#12842, product_id#12843, product_name#12844, quantity#12845, unit_price#12846, gross_amount#12847, discount_amount#12848, tax_amount#12849, net_amount#12850, payment_method#12851, city#12852, device_type#12853, event_type#12854, transaction_status#12855, event_time#12856, ingestion_time#12857, topic#12858, partition#12859, offset#12860L, kafka_timestamp#12861], name=<Unassigned>


JVM stacktrace:
org.apache.spark.sql.catalyst.ExtendedAnalysisException
	at org.apache.spark.sql.errors.QueryCompilationErrors$.unresolvedAttributeError(QueryCompilationErrors.scala:700)
	at org.apache.spark.sql.catalyst.analysis.CheckAnalysis.org$apache$spark$sql$catalyst$analysis$CheckAnalysis$$failUnresolvedAttribute(CheckAnalysis.scala:192)
	at org.apache.spark.sql.catalyst.analysis.CheckAnalysis.$anonfun$checkAnalysis0$10(CheckAnalysis.scala:509)
	at org.apache.spark.sql.catalyst.analysis.CheckAnalysis.$anonfun$checkAnalysis0$10$adapted(CheckAnalysis.scala:494)
	at org.apache.spark.sql.catalyst.analysis.CheckAnalysis.traverse$1(CheckAnalysis.scala:1130)
	at org.apache.spark.sql.catalyst.analysis.CheckAnalysis.$anonfun$foreachUpSkippingSecureView$1(CheckAnalysis.scala:1129)
	at org.apache.spark.sql.catalyst.analysis.CheckAnalysis.$anonfun$foreachUpSkippingSecureView$1$adapted(CheckAnalysis.scala:1129)
	at scala.collection.immutable.List.foreach(List.scala:334)
	at org.apache.spark.sql.catalyst.analysis.CheckAnalysis.traverse$1(CheckAnalysis.scala:1129)
	at org.apache.spark.sql.catalyst.analysis.CheckAnalysis.$anonfun$foreachUpSkippingSecureView$1(CheckAnalysis.scala:1129)
	at org.apache.spark.sql.catalyst.analysis.CheckAnalysis.$anonfun$foreachUpSkippingSecureView$1$adapted(CheckAnalysis.scala:1129)
	at scala.collection.immutable.List.foreach(List.scala:334)
	at org.apache.spark.sql.catalyst.analysis.CheckAnalysis.traverse$1(CheckAnalysis.scala:1129)
	at org.apache.spark.sql.catalyst.analysis.CheckAnalysis.$anonfun$foreachUpSkippingSecureView$1(CheckAnalysis.scala:1129)
	at org.apache.spark.sql.catalyst.analysis.CheckAnalysis.$anonfun$foreachUpSkippingSecureView$1$adapted(CheckAnalysis.scala:1129)
	at scala.collection.immutable.Vector.foreach(Vector.scala:2125)
	at org.apache.spark.sql.catalyst.analysis.CheckAnalysis.traverse$1(CheckAnalysis.scala:1129)
	at org.apache.spark.sql.catalyst.analysis.CheckAnalysis.foreachUpSkippingSecureView(CheckAnalysis.scala:1132)
	at org.apache.spark.sql.catalyst.analysis.CheckAnalysis.$anonfun$checkAnalysis0$9(CheckAnalysis.scala:494)
	at org.apache.spark.sql.catalyst.analysis.CheckAnalysis.$anonfun$checkAnalysis0$9$adapted(CheckAnalysis.scala:494)
	at scala.collection.IterableOnceOps.foreach(IterableOnce.scala:619)
	at scala.collection.IterableOnceOps.foreach$(IterableOnce.scala:617)
	at scala.collection.AbstractIterable.foreach(Iterable.scala:935)
	at org.apache.spark.sql.catalyst.analysis.CheckAnalysis.$anonfun$checkAnalysis0$2(CheckAnalysis.scala:494)
	at org.apache.spark.sql.catalyst.analysis.CheckAnalysis.$anonfun$checkAnalysis0$2$adapted(CheckAnalysis.scala:324)
	at org.apache.spark.sql.catalyst.trees.TreeNode.foreachUp(TreeNode.scala:371)
	at org.apache.spark.sql.catalyst.trees.TreeNode.$anonfun$foreachUp$1(TreeNode.scala:370)
	at org.apache.spark.sql.catalyst.trees.TreeNode.$anonfun$foreachUp$1$adapted(TreeNode.scala:370)
	at scala.collection.immutable.Vector.foreach(Vector.scala:2125)
	at org.apache.spark.sql.catalyst.trees.TreeNode.foreachUp(TreeNode.scala:370)
	at org.apache.spark.sql.catalyst.trees.TreeNode.$anonfun$foreachUp$1(TreeNode.scala:370)
	at org.apache.spark.sql.catalyst.trees.TreeNode.$anonfun$foreachUp$1$adapted(TreeNode.scala:370)
	at scala.collection.immutable.Vector.foreach(Vector.scala:2125)
	at org.apache.spark.sql.catalyst.trees.TreeNode.foreachUp(TreeNode.scala:370)
	at org.apache.spark.sql.catalyst.trees.TreeNode.$anonfun$foreachUp$1(TreeNode.scala:370)
	at org.apache.spark.sql.catalyst.trees.TreeNode.$anonfun$foreachUp$1$adapted(TreeNode.scala:370)
	at scala.collection.immutable.Vector.foreach(Vector.scala:2125)
	at org.apache.spark.sql.catalyst.trees.TreeNode.foreachUp(TreeNode.scala:370)
	at org.apache.spark.sql.catalyst.trees.TreeNode.$anonfun$foreachUp$1(TreeNode.scala:370)
	at org.apache.spark.sql.catalyst.trees.TreeNode.$anonfun$foreachUp$1$adapted(TreeNode.scala:370)
	at scala.collection.immutable.Vector.foreach(Vector.scala:2125)
	at org.apache.spark.sql.catalyst.trees.TreeNode.foreachUp(TreeNode.scala:370)
	at org.apache.spark.sql.catalyst.analysis.CheckAnalysis.checkAnalysis0(CheckAnalysis.scala:324)
	at org.apache.spark.sql.catalyst.analysis.CheckAnalysis.checkAnalysis0$(CheckAnalysis.scala:295)
	at org.apache.spark.sql.catalyst.analysis.Analyzer.checkAnalysis0(Analyzer.scala:554)
	at org.apache.spark.sql.catalyst.analysis.CheckAnalysis.$anonfun$checkAnalysis$1(CheckAnalysis.scala:280)
	at scala.runtime.java8.JFunction0$mcV$sp.apply(JFunction0$mcV$sp.scala:18)
	at com.databricks.spark.util.FrameProfiler$.$anonfun$record$1(FrameProfiler.scala:114)
	at com.databricks.spark.util.FrameProfilerExporter$.maybeExportFrameProfiler(FrameProfilerExporter.scala:201)
	at com.databricks.spark.util.FrameProfiler$.record(FrameProfiler.scala:105)
	at org.apache.spark.sql.catalyst.analysis.CheckAnalysis.checkAnalysis(CheckAnalysis.scala:267)
	at org.apache.spark.sql.catalyst.analysis.CheckAnalysis.checkAnalysis$(CheckAnalysis.scala:263)
	at org.apache.spark.sql.catalyst.analysis.Analyzer.checkAnalysis(Analyzer.scala:554)
	at org.apache.spark.sql.catalyst.analysis.resolver.HybridAnalyzer.$anonfun$resolveInFixedPoint$1(HybridAnalyzer.scala:414)
	at scala.runtime.java8.JFunction0$mcV$sp.apply(JFunction0$mcV$sp.scala:18)
	at org.apache.spark.sql.catalyst.QueryPlanningTracker$.withTracker(QueryPlanningTracker.scala:266)
	at org.apache.spark.sql.catalyst.analysis.resolver.HybridAnalyzer.resolveInFixedPoint(HybridAnalyzer.scala:414)
	at org.apache.spark.sql.catalyst.analysis.resolver.HybridAnalyzer.$anonfun$apply$1(HybridAnalyzer.scala:97)
	at org.apache.spark.sql.catalyst.analysis.resolver.HybridAnalyzer.withTrackedAnalyzerBridgeState(HybridAnalyzer.scala:134)
	at org.apache.spark.sql.catalyst.analysis.resolver.HybridAnalyzer.apply(HybridAnalyzer.scala:90)
	at org.apache.spark.sql.catalyst.analysis.Analyzer.$anonfun$executeAndCheck$2(Analyzer.scala:620)
	at org.apache.spark.sql.catalyst.plans.logical.AnalysisHelper$.markInAnalyzer(AnalysisHelper.scala:425)
	at org.apache.spark.sql.catalyst.analysis.Analyzer.$anonfun$executeAndCheck$1(Analyzer.scala:620)
	at com.databricks.sql.unity.SAMSnapshotHelper$.visitPlansDuringAnalysis(SAMSnapshotHelper.scala:40)
	at org.apache.spark.sql.catalyst.analysis.Analyzer.executeAndCheck(Analyzer.scala:609)
	at org.apache.spark.sql.execution.QueryExecution.$anonfun$lazyAnalyzed$3(QueryExecution.scala:574)
	at com.databricks.spark.util.FrameProfiler$.$anonfun$record$1(FrameProfiler.scala:114)
	at com.databricks.spark.util.FrameProfilerExporter$.maybeExportFrameProfiler(FrameProfilerExporter.scala:201)
	at com.databricks.spark.util.FrameProfiler$.record(FrameProfiler.scala:105)
	at org.apache.spark.sql.catalyst.QueryPlanningTracker.measurePhase(QueryPlanningTracker.scala:818)
	at org.apache.spark.sql.execution.QueryExecution.$anonfun$executePhase$8(QueryExecution.scala:1000)
	at org.apache.spark.sql.execution.SQLExecution$.$anonfun$withExecutionPhase$1(SQLExecution.scala:228)
	at com.databricks.util.TracingSpanUtils$.withTracing(TracingSpanUtils.scala:250)
	at com.databricks.spark.util.DatabricksTracingHelper.withSpan(DatabricksSparkTracingHelper.scala:154)
	at com.databricks.spark.util.DBRTracing$.withSpan(DBRTracing.scala:87)
	at org.apache.spark.sql.execution.SQLExecution$.withExecutionPhase(SQLExecution.scala:209)
	at org.apache.spark.sql.execution.QueryExecution.$anonfun$executePhase$7(QueryExecution.scala:1000)
	at org.apache.spark.sql.execution.QueryExecution$.withInternalError(QueryExecution.scala:1708)
	at org.apache.spark.sql.execution.QueryExecution.$anonfun$executePhase$5(QueryExecution.scala:993)
	at com.databricks.util.LexicalThreadLocal$Handle.runWith(LexicalThreadLocal.scala:63)
	at org.apache.spark.sql.execution.QueryExecution.$anonfun$executePhase$4(QueryExecution.scala:990)
	at com.databricks.util.LexicalThreadLocal$Handle.runWith(LexicalThreadLocal.scala:63)
	at org.apache.spark.sql.execution.QueryExecution.$anonfun$executePhase$3(QueryExecution.scala:990)
	at com.databricks.util.LexicalThreadLocal$Handle.runWith(LexicalThreadLocal.scala:63)
	at org.apache.spark.sql.execution.QueryExecution.$anonfun$executePhase$2(QueryExecution.scala:989)
	at com.databricks.util.LexicalThreadLocal$Handle.runWith(LexicalThreadLocal.scala:63)
	at org.apache.spark.sql.execution.QueryExecution.withQueryExecutionId(QueryExecution.scala:977)
	at org.apache.spark.sql.execution.QueryExecution.$anonfun$executePhase$1(QueryExecution.scala:988)
	at org.apache.spark.sql.SparkSession.withActive(SparkSession.scala:866)
	at org.apache.spark.sql.execution.QueryExecution.executePhase(QueryExecution.scala:987)
	at org.apache.spark.sql.execution.QueryExecution.$anonfun$lazyAnalyzed$2(QueryExecution.scala:565)
	at com.databricks.sql.util.MemoryTrackerHelper.withMemoryTracking(MemoryTrackerHelper.scala:111)
	at org.apache.spark.sql.execution.QueryExecution.$anonfun$lazyAnalyzed$1(QueryExecution.scala:564)
	at scala.util.Try$.apply(Try.scala:217)
	at org.apache.spark.util.Utils$.doTryWithCallerStacktrace(Utils.scala:1708)
	at org.apache.spark.util.Utils$.getTryWithCallerStacktrace(Utils.scala:1758)
	at org.apache.spark.util.LazyTry.get(LazyTry.scala:78)
	at org.apache.spark.sql.execution.QueryExecution.analyzed(QueryExecution.scala:622)
	at org.apache.spark.sql.connect.planner.SparkConnectPlanner.transformDeduplicate(SparkConnectPlanner.scala:1956)
	at org.apache.spark.sql.connect.planner.SparkConnectPlanner.$anonfun$transformRelation$1(SparkConnectPlanner.scala:238)
	at org.apache.spark.sql.connect.service.SessionHolder.$anonfun$usePlanCache$10(SessionHolder.scala:935)
	at org.apache.spark.sql.connect.service.SessionHolder.measureSubtreeRelationNodes(SessionHolder.scala:955)
	at org.apache.spark.sql.connect.service.SessionHolder.$anonfun$usePlanCache$9(SessionHolder.scala:934)
	at org.apache.spark.sql.connect.utils.TimingUtils$.withTiming(TimingUtils.scala:35)
	at org.apache.spark.sql.connect.service.SessionHolder.$anonfun$usePlanCache$6(SessionHolder.scala:934)
	at scala.Option.getOrElse(Option.scala:201)
	at org.apache.spark.sql.connect.service.SessionHolder.usePlanCache(SessionHolder.scala:926)
	at org.apache.spark.sql.connect.planner.SparkConnectPlanner.transformRelation(SparkConnectPlanner.scala:224)
	at org.apache.spark.sql.connect.planner.SparkConnectPlanner.transformRelation(SparkConnectPlanner.scala:210)
	at org.apache.spark.sql.connect.planner.SparkConnectPlanner.handleWriteStreamOperationStart(SparkConnectPlanner.scala:4409)
	at org.apache.spark.sql.connect.planner.SparkConnectPlanner.process(SparkConnectPlanner.scala:3611)
	at org.apache.spark.sql.connect.execution.ExecuteThreadRunner.handleCommand(ExecuteThreadRunner.scala:492)
	at org.apache.spark.sql.connect.execution.ExecuteThreadRunner.$anonfun$executeInternal$1(ExecuteThreadRunner.scala:380)
	at org.apache.spark.sql.connect.execution.ExecuteThreadRunner.$anonfun$executeInternal$1$adapted(ExecuteThreadRunner.scala:317)
	at org.apache.spark.sql.connect.service.SessionHolder.$anonfun$withSession$2(SessionHolder.scala:707)
	at org.apache.spark.sql.SparkSession.withActive(SparkSession.scala:866)
	at org.apache.spark.sql.connect.service.SessionHolder.$anonfun$withSession$1(SessionHolder.scala:707)
	at org.apache.spark.JobArtifactSet$.withActiveJobArtifactState(JobArtifactSet.scala:97)
	at org.apache.spark.sql.artifact.ArtifactManager.$anonfun$withResources$1(ArtifactManager.scala:124)
	at org.apache.spark.sql.artifact.ArtifactManager.withClassLoaderIfNeeded(ArtifactManager.scala:118)
	at org.apache.spark.sql.artifact.ArtifactManager.withResources(ArtifactManager.scala:123)
	at org.apache.spark.sql.connect.service.SessionHolder.withSession(SessionHolder.scala:706)
	at org.apache.spark.sql.connect.execution.ExecuteThreadRunner.executeInternal(ExecuteThreadRunner.scala:317)
	at org.apache.spark.sql.connect.execution.ExecuteThreadRunner.$anonfun$execute$1(ExecuteThreadRunner.scala:182)
	at scala.runtime.java8.JFunction0$mcV$sp.apply(JFunction0$mcV$sp.scala:18)
	at com.databricks.spark.connect.service.UtilizationMetrics.recordActiveQueries(UtilizationMetrics.scala:43)
	at com.databricks.spark.connect.service.UtilizationMetrics.recordActiveQueries$(UtilizationMetrics.scala:40)
	at org.apache.spark.sql.connect.execution.ExecuteThreadRunner.recordActiveQueries(ExecuteThreadRunner.scala:57)
	at org.apache.spark.sql.connect.execution.ExecuteThreadRunner.org$apache$spark$sql$connect$execution$ExecuteThreadRunner$$execute(ExecuteThreadRunner.scala:174)
	at org.apache.spark.sql.connect.execution.ExecuteThreadRunner$ExecutionThread.$anonfun$run$3(ExecuteThreadRunner.scala:697)
	at scala.runtime.java8.JFunction0$mcV$sp.apply(JFunction0$mcV$sp.scala:18)
	at com.databricks.spark.util.DBRTracing$.withSpanFromParent(DBRTracing.scala:70)
	at org.apache.spark.sql.connect.execution.ExecuteThreadRunner$ExecutionThread.$anonfun$run$2(ExecuteThreadRunner.scala:697)
	at scala.runtime.java8.JFunction0$mcV$sp.apply(JFunction0$mcV$sp.scala:18)
	at com.databricks.unity.UCSEphemeralState$Handle.runWith(UCSEphemeralState.scala:51)
	at com.databricks.unity.HandleImpl.runWith(UCSHandle.scala:104)
	at com.databricks.unity.HandleImpl.$anonfun$runWithAndClose$1(UCSHandle.scala:109)
	at scala.util.Using$.resource(Using.scala:296)
	at com.databricks.unity.HandleImpl.runWithAndClose(UCSHandle.scala:108)
	at org.apache.spark.sql.connect.execution.ExecuteThreadRunner$ExecutionThread.run(ExecuteThreadRunner.scala:696)
Traceback (most recent call last):
  File "/Workspace/Repos/gnavin478@gmail.com/Realtime-Transaction-Pipeline/pyspark_streaming/silver/silver_transform.py", line 96, in write_to_silver
    .table("silver_transactions")
     ^^^^^^^^^^^^^^^^^^^^^^^^^^^^
  File "/databricks/python/lib/python3.12/site-packages/pyspark/sql/connect/streaming/readwriter.py", line 737, in table
    return self.toTable(tableName)
           ^^^^^^^^^^^^^^^^^^^^^^^
  File "/databricks/python/lib/python3.12/site-packages/pyspark/sql/connect/streaming/readwriter.py", line 748, in toTable
    return self._start_internal(
           ^^^^^^^^^^^^^^^^^^^^^
  File "/databricks/python/lib/python3.12/site-packages/pyspark/sql/connect/streaming/readwriter.py", line 685, in _start_internal
    (_, properties, _) = self._session.client.execute_command(cmd)
                         ^^^^^^^^^^^^^^^^^^^^^^^^^^^^^^^^^^^^^^^^^
  File "/databricks/python/lib/python3.12/site-packages/pyspark/sql/connect/client/core.py", line 1538, in execute_command
    data, _, metrics, observed_metrics, properties = self._execute_and_fetch(
                                                     ^^^^^^^^^^^^^^^^^^^^^^^^
  File "/databricks/python/lib/python3.12/site-packages/pyspark/sql/connect/client/core.py", line 2086, in _execute_and_fetch
    for response in self._execute_and_fetch_as_iterator(
  File "/databricks/python/lib/python3.12/site-packages/pyspark/sql/connect/client/core.py", line 2062, in _execute_and_fetch_as_iterator
    self._handle_error(error)
  File "/databricks/python/lib/python3.12/site-packages/pyspark/sql/connect/client/core.py", line 2380, in _handle_error
    self._handle_rpc_error(error)
  File "/databricks/python/lib/python3.12/site-packages/pyspark/sql/connect/client/core.py", line 2458, in _handle_rpc_error
    raise convert_exception(
pyspark.errors.exceptions.connect.AnalysisException: [UNRESOLVED_COLUMN.WITH_SUGGESTION] A column, variable, or function parameter with name `payment_status` cannot be resolved. Did you mean one of the following? [`payment_method`, `event_time`, `event_type`, `processed_at`, `product_name`]. SQLSTATE: 42703;
'Project [unresolvedstarwithcolumns(profit_amount, '`-`('net_amount, 'cost_price), Some(List({})))]
+- 'Project [unresolvedstarwithcolumns(currency, 'upper('trim('currency)), Some(List({})))]
   +- 'Project [unresolvedstarwithcolumns(customer_segment, 'upper('trim('customer_segment)), Some(List({})))]
      +- 'Project [unresolvedstarwithcolumns(order_status, 'upper('trim('order_status)), Some(List({})))]
         +- 'Project [event_id#12839, transaction_id#12840, customer_id#12841, merchant_id#12842, product_id#12843, product_name#12864, quantity#12845, unit_price#12846, gross_amount#12847, discount_amount#12848, tax_amount#12849, net_amount#12850, payment_method#12866, city#12868, device_type#12870, event_type#12872, transaction_status#12874, event_time#12876, ingestion_time#12878, topic#12858, partition#12859, offset#12860L, kafka_timestamp#12861, processed_at#12880, 'upper('trim('payment_status)) AS payment_status#12887]
            +- ~Project [event_id#12839, transaction_id#12840, customer_id#12841, merchant_id#12842, product_id#12843, product_name#12864, quantity#12845, unit_price#12846, gross_amount#12847, discount_amount#12848, tax_amount#12849, net_amount#12850, payment_method#12866, city#12868, device_type#12870, event_type#12872, transaction_status#12874, event_time#12876, ingestion_time#12878, topic#12858, partition#12859, offset#12860L, kafka_timestamp#12861, current_timestamp() AS processed_at#12880]
               +- ~Project [event_id#12839, transaction_id#12840, customer_id#12841, merchant_id#12842, product_id#12843, product_name#12864, quantity#12845, unit_price#12846, gross_amount#12847, discount_amount#12848, tax_amount#12849, net_amount#12850, payment_method#12866, city#12868, device_type#12870, event_type#12872, transaction_status#12874, event_time#12876, to_timestamp(ingestion_time#12857, None, TimestampType, Some(Etc/UTC), true) AS ingestion_time#12878, topic#12858, partition#12859, offset#12860L, kafka_timestamp#12861]
                  +- ~Project [event_id#12839, transaction_id#12840, customer_id#12841, merchant_id#12842, product_id#12843, product_name#12864, quantity#12845, unit_price#12846, gross_amount#12847, discount_amount#12848, tax_amount#12849, net_amount#12850, payment_method#12866, city#12868, device_type#12870, event_type#12872, transaction_status#12874, to_timestamp(event_time#12856, None, TimestampType, Some(Etc/UTC), true) AS event_time#12876, ingestion_time#12857, topic#12858, partition#12859, offset#12860L, kafka_timestamp#12861]
                     +- ~Project [event_id#12839, transaction_id#12840, customer_id#12841, merchant_id#12842, product_id#12843, product_name#12864, quantity#12845, unit_price#12846, gross_amount#12847, discount_amount#12848, tax_amount#12849, net_amount#12850, payment_method#12866, city#12868, device_type#12870, event_type#12872, upper(trim(transaction_status#12855, None)) AS transaction_status#12874, event_time#12856, ingestion_time#12857, topic#12858, partition#12859, offset#12860L, kafka_timestamp#12861]
                        +- ~Project [event_id#12839, transaction_id#12840, customer_id#12841, merchant_id#12842, product_id#12843, product_name#12864, quantity#12845, unit_price#12846, gross_amount#12847, discount_amount#12848, tax_amount#12849, net_amount#12850, payment_method#12866, city#12868, device_type#12870, upper(trim(event_type#12854, None)) AS event_type#12872, transaction_status#12855, event_time#12856, ingestion_time#12857, topic#12858, partition#12859, offset#12860L, kafka_timestamp#12861]
                           +- ~Project [event_id#12839, transaction_id#12840, customer_id#12841, merchant_id#12842, product_id#12843, product_name#12864, quantity#12845, unit_price#12846, gross_amount#12847, discount_amount#12848, tax_amount#12849, net_amount#12850, payment_method#12866, city#12868, upper(trim(device_type#12853, None)) AS device_type#12870, event_type#12854, transaction_status#12855, event_time#12856, ingestion_time#12857, topic#12858, partition#12859, offset#12860L, kafka_timestamp#12861]
                              +- ~Project [event_id#12839, transaction_id#12840, customer_id#12841, merchant_id#12842, product_id#12843, product_name#12864, quantity#12845, unit_price#12846, gross_amount#12847, discount_amount#12848, tax_amount#12849, net_amount#12850, payment_method#12866, trim(city#12852, None) AS city#12868, device_type#12853, event_type#12854, transaction_status#12855, event_time#12856, ingestion_time#12857, topic#12858, partition#12859, offset#12860L, kafka_timestamp#12861]
                                 +- ~Project [event_id#12839, transaction_id#12840, customer_id#12841, merchant_id#12842, product_id#12843, product_name#12864, quantity#12845, unit_price#12846, gross_amount#12847, discount_amount#12848, tax_amount#12849, net_amount#12850, upper(trim(payment_method#12851, None)) AS payment_method#12866, city#12852, device_type#12853, event_type#12854, transaction_status#12855, event_time#12856, ingestion_time#12857, topic#12858, partition#12859, offset#12860L, kafka_timestamp#12861]
                                    +- ~Project [event_id#12839, transaction_id#12840, customer_id#12841, merchant_id#12842, product_id#12843, trim(product_name#12844, None) AS product_name#12864, quantity#12845, unit_price#12846, gross_amount#12847, discount_amount#12848, tax_amount#12849, net_amount#12850, payment_method#12851, city#12852, device_type#12853, event_type#12854, transaction_status#12855, event_time#12856, ingestion_time#12857, topic#12858, partition#12859, offset#12860L, kafka_timestamp#12861]
                                       +- ~Filter (isnull(tax_amount#12849) OR (tax_amount#12849 >= cast(0 as double)))
                                          +- ~Filter (isnull(discount_amount#12848) OR (discount_amount#12848 >= cast(0 as double)))
                                             +- ~Filter (net_amount#12850 >= cast(0 as double))
                                                +- ~Filter (gross_amount#12847 >= cast(0 as double))
                                                   +- ~Filter (unit_price#12846 > cast(0 as double))
                                                      +- ~Filter (quantity#12845 > 0)
                                                         +- ~Filter isnotnull(event_time#12856)
                                                            +- ~Filter isnotnull(city#12852)
                                                               +- ~Filter isnotnull(payment_method#12851)
                                                                  +- ~Filter isnotnull(net_amount#12850)
                                                                     +- ~Filter isnotnull(gross_amount#12847)
                                                                        +- ~Filter isnotnull(unit_price#12846)
                                                                           +- ~Filter isnotnull(quantity#12845)
                                                                              +- ~Filter isnotnull(product_name#12844)
                                                                                 +- ~Filter isnotnull(product_id#12843)
                                                                                    +- ~Filter isnotnull(merchant_id#12842)
                                                                                       +- ~Filter isnotnull(customer_id#12841)
                                                                                          +- ~Filter isnotnull(transaction_id#12840)
                                                                                             +- ~Filter isnotnull(event_id#12839)
                                                                                                +- ~SubqueryAlias workspace.default.bronze_transactions
                                                                                                   +- StreamingRelation tahoe, [event_id#12839, transaction_id#12840, customer_id#12841, merchant_id#12842, product_id#12843, product_name#12844, quantity#12845, unit_price#12846, gross_amount#12847, discount_amount#12848, tax_amount#12849, net_amount#12850, payment_method#12851, city#12852, device_type#12853, event_type#12854, transaction_status#12855, event_time#12856, ingestion_time#12857, topic#12858, partition#12859, offset#12860L, kafka_timestamp#12861], name=<Unassigned>


JVM stacktrace:
org.apache.spark.sql.catalyst.ExtendedAnalysisException
	at org.apache.spark.sql.errors.QueryCompilationErrors$.unresolvedAttributeError(QueryCompilationErrors.scala:700)
	at org.apache.spark.sql.catalyst.analysis.CheckAnalysis.org$apache$spark$sql$catalyst$analysis$CheckAnalysis$$failUnresolvedAttribute(CheckAnalysis.scala:192)
	at org.apache.spark.sql.catalyst.analysis.CheckAnalysis.$anonfun$checkAnalysis0$10(CheckAnalysis.scala:509)
	at org.apache.spark.sql.catalyst.analysis.CheckAnalysis.$anonfun$checkAnalysis0$10$adapted(CheckAnalysis.scala:494)
	at org.apache.spark.sql.catalyst.analysis.CheckAnalysis.traverse$1(CheckAnalysis.scala:1130)
	at org.apache.spark.sql.catalyst.analysis.CheckAnalysis.$anonfun$foreachUpSkippingSecureView$1(CheckAnalysis.scala:1129)
	at org.apache.spark.sql.catalyst.analysis.CheckAnalysis.$anonfun$foreachUpSkippingSecureView$1$adapted(CheckAnalysis.scala:1129)
	at scala.collection.immutable.List.foreach(List.scala:334)
	at org.apache.spark.sql.catalyst.analysis.CheckAnalysis.traverse$1(CheckAnalysis.scala:1129)
	at org.apache.spark.sql.catalyst.analysis.CheckAnalysis.$anonfun$foreachUpSkippingSecureView$1(CheckAnalysis.scala:1129)
	at org.apache.spark.sql.catalyst.analysis.CheckAnalysis.$anonfun$foreachUpSkippingSecureView$1$adapted(CheckAnalysis.scala:1129)
	at scala.collection.immutable.List.foreach(List.scala:334)
	at org.apache.spark.sql.catalyst.analysis.CheckAnalysis.traverse$1(CheckAnalysis.scala:1129)
	at org.apache.spark.sql.catalyst.analysis.CheckAnalysis.$anonfun$foreachUpSkippingSecureView$1(CheckAnalysis.scala:1129)
	at org.apache.spark.sql.catalyst.analysis.CheckAnalysis.$anonfun$foreachUpSkippingSecureView$1$adapted(CheckAnalysis.scala:1129)
	at scala.collection.immutable.Vector.foreach(Vector.scala:2125)
	at org.apache.spark.sql.catalyst.analysis.CheckAnalysis.traverse$1(CheckAnalysis.scala:1129)
	at org.apache.spark.sql.catalyst.analysis.CheckAnalysis.foreachUpSkippingSecureView(CheckAnalysis.scala:1132)
	at org.apache.spark.sql.catalyst.analysis.CheckAnalysis.$anonfun$checkAnalysis0$9(CheckAnalysis.scala:494)
	at org.apache.spark.sql.catalyst.analysis.CheckAnalysis.$anonfun$checkAnalysis0$9$adapted(CheckAnalysis.scala:494)
	at scala.collection.IterableOnceOps.foreach(IterableOnce.scala:619)
	at scala.collection.IterableOnceOps.foreach$(IterableOnce.scala:617)
	at scala.collection.AbstractIterable.foreach(Iterable.scala:935)
	at org.apache.spark.sql.catalyst.analysis.CheckAnalysis.$anonfun$checkAnalysis0$2(CheckAnalysis.scala:494)
	at org.apache.spark.sql.catalyst.analysis.CheckAnalysis.$anonfun$checkAnalysis0$2$adapted(CheckAnalysis.scala:324)
	at org.apache.spark.sql.catalyst.trees.TreeNode.foreachUp(TreeNode.scala:371)
	at org.apache.spark.sql.catalyst.trees.TreeNode.$anonfun$foreachUp$1(TreeNode.scala:370)
	at org.apache.spark.sql.catalyst.trees.TreeNode.$anonfun$foreachUp$1$adapted(TreeNode.scala:370)
	at scala.collection.immutable.Vector.foreach(Vector.scala:2125)
	at org.apache.spark.sql.catalyst.trees.TreeNode.foreachUp(TreeNode.scala:370)
	at org.apache.spark.sql.catalyst.trees.TreeNode.$anonfun$foreachUp$1(TreeNode.scala:370)
	at org.apache.spark.sql.catalyst.trees.TreeNode.$anonfun$foreachUp$1$adapted(TreeNode.scala:370)
	at scala.collection.immutable.Vector.foreach(Vector.scala:2125)
	at org.apache.spark.sql.catalyst.trees.TreeNode.foreachUp(TreeNode.scala:370)
	at org.apache.spark.sql.catalyst.trees.TreeNode.$anonfun$foreachUp$1(TreeNode.scala:370)
	at org.apache.spark.sql.catalyst.trees.TreeNode.$anonfun$foreachUp$1$adapted(TreeNode.scala:370)
	at scala.collection.immutable.Vector.foreach(Vector.scala:2125)
	at org.apache.spark.sql.catalyst.trees.TreeNode.foreachUp(TreeNode.scala:370)
	at org.apache.spark.sql.catalyst.trees.TreeNode.$anonfun$foreachUp$1(TreeNode.scala:370)
	at org.apache.spark.sql.catalyst.trees.TreeNode.$anonfun$foreachUp$1$adapted(TreeNode.scala:370)
	at scala.collection.immutable.Vector.foreach(Vector.scala:2125)
	at org.apache.spark.sql.catalyst.trees.TreeNode.foreachUp(TreeNode.scala:370)
	at org.apache.spark.sql.catalyst.analysis.CheckAnalysis.checkAnalysis0(CheckAnalysis.scala:324)
	at org.apache.spark.sql.catalyst.analysis.CheckAnalysis.checkAnalysis0$(CheckAnalysis.scala:295)
	at org.apache.spark.sql.catalyst.analysis.Analyzer.checkAnalysis0(Analyzer.scala:554)
	at org.apache.spark.sql.catalyst.analysis.CheckAnalysis.$anonfun$checkAnalysis$1(CheckAnalysis.scala:280)
	at scala.runtime.java8.JFunction0$mcV$sp.apply(JFunction0$mcV$sp.scala:18)
	at com.databricks.spark.util.FrameProfiler$.$anonfun$record$1(FrameProfiler.scala:114)
	at com.databricks.spark.util.FrameProfilerExporter$.maybeExportFrameProfiler(FrameProfilerExporter.scala:201)
	at com.databricks.spark.util.FrameProfiler$.record(FrameProfiler.scala:105)
	at org.apache.spark.sql.catalyst.analysis.CheckAnalysis.checkAnalysis(CheckAnalysis.scala:267)
	at org.apache.spark.sql.catalyst.analysis.CheckAnalysis.checkAnalysis$(CheckAnalysis.scala:263)
	at org.apache.spark.sql.catalyst.analysis.Analyzer.checkAnalysis(Analyzer.scala:554)
	at org.apache.spark.sql.catalyst.analysis.resolver.HybridAnalyzer.$anonfun$resolveInFixedPoint$1(HybridAnalyzer.scala:414)
	at scala.runtime.java8.JFunction0$mcV$sp.apply(JFunction0$mcV$sp.scala:18)
	at org.apache.spark.sql.catalyst.QueryPlanningTracker$.withTracker(QueryPlanningTracker.scala:266)
	at org.apache.spark.sql.catalyst.analysis.resolver.HybridAnalyzer.resolveInFixedPoint(HybridAnalyzer.scala:414)
	at org.apache.spark.sql.catalyst.analysis.resolver.HybridAnalyzer.$anonfun$apply$1(HybridAnalyzer.scala:97)
	at org.apache.spark.sql.catalyst.analysis.resolver.HybridAnalyzer.withTrackedAnalyzerBridgeState(HybridAnalyzer.scala:134)
	at org.apache.spark.sql.catalyst.analysis.resolver.HybridAnalyzer.apply(HybridAnalyzer.scala:90)
	at org.apache.spark.sql.catalyst.analysis.Analyzer.$anonfun$executeAndCheck$2(Analyzer.scala:620)
	at org.apache.spark.sql.catalyst.plans.logical.AnalysisHelper$.markInAnalyzer(AnalysisHelper.scala:425)
	at org.apache.spark.sql.catalyst.analysis.Analyzer.$anonfun$executeAndCheck$1(Analyzer.scala:620)
	at com.databricks.sql.unity.SAMSnapshotHelper$.visitPlansDuringAnalysis(SAMSnapshotHelper.scala:40)
	at org.apache.spark.sql.catalyst.analysis.Analyzer.executeAndCheck(Analyzer.scala:609)
	at org.apache.spark.sql.execution.QueryExecution.$anonfun$lazyAnalyzed$3(QueryExecution.scala:574)
	at com.databricks.spark.util.FrameProfiler$.$anonfun$record$1(FrameProfiler.scala:114)
	at com.databricks.spark.util.FrameProfilerExporter$.maybeExportFrameProfiler(FrameProfilerExporter.scala:201)
	at com.databricks.spark.util.FrameProfiler$.record(FrameProfiler.scala:105)
	at org.apache.spark.sql.catalyst.QueryPlanningTracker.measurePhase(QueryPlanningTracker.scala:818)
	at org.apache.spark.sql.execution.QueryExecution.$anonfun$executePhase$8(QueryExecution.scala:1000)
	at org.apache.spark.sql.execution.SQLExecution$.$anonfun$withExecutionPhase$1(SQLExecution.scala:228)
	at com.databricks.util.TracingSpanUtils$.withTracing(TracingSpanUtils.scala:250)
	at com.databricks.spark.util.DatabricksTracingHelper.withSpan(DatabricksSparkTracingHelper.scala:154)
	at com.databricks.spark.util.DBRTracing$.withSpan(DBRTracing.scala:87)
	at org.apache.spark.sql.execution.SQLExecution$.withExecutionPhase(SQLExecution.scala:209)
	at org.apache.spark.sql.execution.QueryExecution.$anonfun$executePhase$7(QueryExecution.scala:1000)
	at org.apache.spark.sql.execution.QueryExecution$.withInternalError(QueryExecution.scala:1708)
	at org.apache.spark.sql.execution.QueryExecution.$anonfun$executePhase$5(QueryExecution.scala:993)
	at com.databricks.util.LexicalThreadLocal$Handle.runWith(LexicalThreadLocal.scala:63)
	at org.apache.spark.sql.execution.QueryExecution.$anonfun$executePhase$4(QueryExecution.scala:990)
	at com.databricks.util.LexicalThreadLocal$Handle.runWith(LexicalThreadLocal.scala:63)
	at org.apache.spark.sql.execution.QueryExecution.$anonfun$executePhase$3(QueryExecution.scala:990)
	at com.databricks.util.LexicalThreadLocal$Handle.runWith(LexicalThreadLocal.scala:63)
	at org.apache.spark.sql.execution.QueryExecution.$anonfun$executePhase$2(QueryExecution.scala:989)
	at com.databricks.util.LexicalThreadLocal$Handle.runWith(LexicalThreadLocal.scala:63)
	at org.apache.spark.sql.execution.QueryExecution.withQueryExecutionId(QueryExecution.scala:977)
	at org.apache.spark.sql.execution.QueryExecution.$anonfun$executePhase$1(QueryExecution.scala:988)
	at org.apache.spark.sql.SparkSession.withActive(SparkSession.scala:866)
	at org.apache.spark.sql.execution.QueryExecution.executePhase(QueryExecution.scala:987)
	at org.apache.spark.sql.execution.QueryExecution.$anonfun$lazyAnalyzed$2(QueryExecution.scala:565)
	at com.databricks.sql.util.MemoryTrackerHelper.withMemoryTracking(MemoryTrackerHelper.scala:111)
	at org.apache.spark.sql.execution.QueryExecution.$anonfun$lazyAnalyzed$1(QueryExecution.scala:564)
	at scala.util.Try$.apply(Try.scala:217)
	at org.apache.spark.util.Utils$.doTryWithCallerStacktrace(Utils.scala:1708)
	at org.apache.spark.util.Utils$.getTryWithCallerStacktrace(Utils.scala:1758)
	at org.apache.spark.util.LazyTry.get(LazyTry.scala:78)
	at org.apache.spark.sql.execution.QueryExecution.analyzed(QueryExecution.scala:622)
	at org.apache.spark.sql.connect.planner.SparkConnectPlanner.transformDeduplicate(SparkConnectPlanner.scala:1956)
	at org.apache.spark.sql.connect.planner.SparkConnectPlanner.$anonfun$transformRelation$1(SparkConnectPlanner.scala:238)
	at org.apache.spark.sql.connect.service.SessionHolder.$anonfun$usePlanCache$10(SessionHolder.scala:935)
	at org.apache.spark.sql.connect.service.SessionHolder.measureSubtreeRelationNodes(SessionHolder.scala:955)
	at org.apache.spark.sql.connect.service.SessionHolder.$anonfun$usePlanCache$9(SessionHolder.scala:934)
	at org.apache.spark.sql.connect.utils.TimingUtils$.withTiming(TimingUtils.scala:35)
	at org.apache.spark.sql.connect.service.SessionHolder.$anonfun$usePlanCache$6(SessionHolder.scala:934)
	at scala.Option.getOrElse(Option.scala:201)
	at org.apache.spark.sql.connect.service.SessionHolder.usePlanCache(SessionHolder.scala:926)
	at org.apache.spark.sql.connect.planner.SparkConnectPlanner.transformRelation(SparkConnectPlanner.scala:224)
	at org.apache.spark.sql.connect.planner.SparkConnectPlanner.transformRelation(SparkConnectPlanner.scala:210)
	at org.apache.spark.sql.connect.planner.SparkConnectPlanner.handleWriteStreamOperationStart(SparkConnectPlanner.scala:4409)
	at org.apache.spark.sql.connect.planner.SparkConnectPlanner.process(SparkConnectPlanner.scala:3611)
	at org.apache.spark.sql.connect.execution.ExecuteThreadRunner.handleCommand(ExecuteThreadRunner.scala:492)
	at org.apache.spark.sql.connect.execution.ExecuteThreadRunner.$anonfun$executeInternal$1(ExecuteThreadRunner.scala:380)
	at org.apache.spark.sql.connect.execution.ExecuteThreadRunner.$anonfun$executeInternal$1$adapted(ExecuteThreadRunner.scala:317)
	at org.apache.spark.sql.connect.service.SessionHolder.$anonfun$withSession$2(SessionHolder.scala:707)
	at org.apache.spark.sql.SparkSession.withActive(SparkSession.scala:866)
	at org.apache.spark.sql.connect.service.SessionHolder.$anonfun$withSession$1(SessionHolder.scala:707)
	at org.apache.spark.JobArtifactSet$.withActiveJobArtifactState(JobArtifactSet.scala:97)
	at org.apache.spark.sql.artifact.ArtifactManager.$anonfun$withResources$1(ArtifactManager.scala:124)
	at org.apache.spark.sql.artifact.ArtifactManager.withClassLoaderIfNeeded(ArtifactManager.scala:118)
	at org.apache.spark.sql.artifact.ArtifactManager.withResources(ArtifactManager.scala:123)
	at org.apache.spark.sql.connect.service.SessionHolder.withSession(SessionHolder.scala:706)
	at org.apache.spark.sql.connect.execution.ExecuteThreadRunner.executeInternal(ExecuteThreadRunner.scala:317)
	at org.apache.spark.sql.connect.execution.ExecuteThreadRunner.$anonfun$execute$1(ExecuteThreadRunner.scala:182)
	at scala.runtime.java8.JFunction0$mcV$sp.apply(JFunction0$mcV$sp.scala:18)
	at com.databricks.spark.connect.service.UtilizationMetrics.recordActiveQueries(UtilizationMetrics.scala:43)
	at com.databricks.spark.connect.service.UtilizationMetrics.recordActiveQueries$(UtilizationMetrics.scala:40)
	at org.apache.spark.sql.connect.execution.ExecuteThreadRunner.recordActiveQueries(ExecuteThreadRunner.scala:57)
	at org.apache.spark.sql.connect.execution.ExecuteThreadRunner.org$apache$spark$sql$connect$execution$ExecuteThreadRunner$$execute(ExecuteThreadRunner.scala:174)
	at org.apache.spark.sql.connect.execution.ExecuteThreadRunner$ExecutionThread.$anonfun$run$3(ExecuteThreadRunner.scala:697)
	at scala.runtime.java8.JFunction0$mcV$sp.apply(JFunction0$mcV$sp.scala:18)
	at com.databricks.spark.util.DBRTracing$.withSpanFromParent(DBRTracing.scala:70)
	at org.apache.spark.sql.connect.execution.ExecuteThreadRunner$ExecutionThread.$anonfun$run$2(ExecuteThreadRunner.scala:697)
	at scala.runtime.java8.JFunction0$mcV$sp.apply(JFunction0$mcV$sp.scala:18)
	at com.databricks.unity.UCSEphemeralState$Handle.runWith(UCSEphemeralState.scala:51)
	at com.databricks.unity.HandleImpl.runWith(UCSHandle.scala:104)
	at com.databricks.unity.HandleImpl.$anonfun$runWithAndClose$1(UCSHandle.scala:109)
	at scala.util.Using$.resource(Using.scala:296)
	at com.databricks.unity.HandleImpl.runWithAndClose(UCSHandle.scala:108)
	at org.apache.spark.sql.connect.execution.ExecuteThreadRunner$ExecutionThread.run(ExecuteThreadRunner.scala:696)
2026-04-11 19:38:01,132 | pyspark_streaming/silver | INFO | Creating Spark session for Silver layer
2026-04-11 19:38:01,134 | pyspark_streaming/silver | INFO | Spark session created successfully
2026-04-11 19:38:01,135 | pyspark_streaming/silver | INFO | Reading data from Bronze layer
2026-04-11 19:38:01,136 | pyspark_streaming/silver | INFO | Data read successfully from Bronze layer
2026-04-11 19:38:01,137 | pyspark_streaming/silver | INFO | Transforming data for Silver layer
2026-04-11 19:38:01,140 | pyspark_streaming/silver | INFO | Transformation Completed Successfully
2026-04-11 19:38:01,140 | pyspark_streaming/silver | INFO | Writing data to Silver layer
2026-04-11 19:38:02,081 | pyspark_streaming/silver | ERROR | Error writing data to Silver layer: [UNRESOLVED_COLUMN.WITH_SUGGESTION] A column, variable, or function parameter with name `payment_status` cannot be resolved. Did you mean one of the following? [`payment_method`, `event_time`, `event_type`, `processed_at`, `product_name`]. SQLSTATE: 42703;
'Project [unresolvedstarwithcolumns(profit_amount, '`-`('net_amount, 'cost_price), Some(List({})))]
+- 'Project [unresolvedstarwithcolumns(currency, 'upper('trim('currency)), Some(List({})))]
   +- 'Project [unresolvedstarwithcolumns(customer_segment, 'upper('trim('customer_segment)), Some(List({})))]
      +- 'Project [unresolvedstarwithcolumns(order_status, 'upper('trim('order_status)), Some(List({})))]
         +- 'Project [event_id#13025, transaction_id#13026, customer_id#13027, merchant_id#13028, product_id#13029, product_name#13050, quantity#13031, unit_price#13032, gross_amount#13033, discount_amount#13034, tax_amount#13035, net_amount#13036, payment_method#13052, city#13054, device_type#13056, event_type#13058, transaction_status#13060, event_time#13062, ingestion_time#13064, topic#13044, partition#13045, offset#13046L, kafka_timestamp#13047, processed_at#13066, 'upper('trim('payment_status)) AS payment_status#13073]
            +- ~Project [event_id#13025, transaction_id#13026, customer_id#13027, merchant_id#13028, product_id#13029, product_name#13050, quantity#13031, unit_price#13032, gross_amount#13033, discount_amount#13034, tax_amount#13035, net_amount#13036, payment_method#13052, city#13054, device_type#13056, event_type#13058, transaction_status#13060, event_time#13062, ingestion_time#13064, topic#13044, partition#13045, offset#13046L, kafka_timestamp#13047, current_timestamp() AS processed_at#13066]
               +- ~Project [event_id#13025, transaction_id#13026, customer_id#13027, merchant_id#13028, product_id#13029, product_name#13050, quantity#13031, unit_price#13032, gross_amount#13033, discount_amount#13034, tax_amount#13035, net_amount#13036, payment_method#13052, city#13054, device_type#13056, event_type#13058, transaction_status#13060, event_time#13062, to_timestamp(ingestion_time#13043, None, TimestampType, Some(Etc/UTC), true) AS ingestion_time#13064, topic#13044, partition#13045, offset#13046L, kafka_timestamp#13047]
                  +- ~Project [event_id#13025, transaction_id#13026, customer_id#13027, merchant_id#13028, product_id#13029, product_name#13050, quantity#13031, unit_price#13032, gross_amount#13033, discount_amount#13034, tax_amount#13035, net_amount#13036, payment_method#13052, city#13054, device_type#13056, event_type#13058, transaction_status#13060, to_timestamp(event_time#13042, None, TimestampType, Some(Etc/UTC), true) AS event_time#13062, ingestion_time#13043, topic#13044, partition#13045, offset#13046L, kafka_timestamp#13047]
                     +- ~Project [event_id#13025, transaction_id#13026, customer_id#13027, merchant_id#13028, product_id#13029, product_name#13050, quantity#13031, unit_price#13032, gross_amount#13033, discount_amount#13034, tax_amount#13035, net_amount#13036, payment_method#13052, city#13054, device_type#13056, event_type#13058, upper(trim(transaction_status#13041, None)) AS transaction_status#13060, event_time#13042, ingestion_time#13043, topic#13044, partition#13045, offset#13046L, kafka_timestamp#13047]
                        +- ~Project [event_id#13025, transaction_id#13026, customer_id#13027, merchant_id#13028, product_id#13029, product_name#13050, quantity#13031, unit_price#13032, gross_amount#13033, discount_amount#13034, tax_amount#13035, net_amount#13036, payment_method#13052, city#13054, device_type#13056, upper(trim(event_type#13040, None)) AS event_type#13058, transaction_status#13041, event_time#13042, ingestion_time#13043, topic#13044, partition#13045, offset#13046L, kafka_timestamp#13047]
                           +- ~Project [event_id#13025, transaction_id#13026, customer_id#13027, merchant_id#13028, product_id#13029, product_name#13050, quantity#13031, unit_price#13032, gross_amount#13033, discount_amount#13034, tax_amount#13035, net_amount#13036, payment_method#13052, city#13054, upper(trim(device_type#13039, None)) AS device_type#13056, event_type#13040, transaction_status#13041, event_time#13042, ingestion_time#13043, topic#13044, partition#13045, offset#13046L, kafka_timestamp#13047]
                              +- ~Project [event_id#13025, transaction_id#13026, customer_id#13027, merchant_id#13028, product_id#13029, product_name#13050, quantity#13031, unit_price#13032, gross_amount#13033, discount_amount#13034, tax_amount#13035, net_amount#13036, payment_method#13052, trim(city#13038, None) AS city#13054, device_type#13039, event_type#13040, transaction_status#13041, event_time#13042, ingestion_time#13043, topic#13044, partition#13045, offset#13046L, kafka_timestamp#13047]
                                 +- ~Project [event_id#13025, transaction_id#13026, customer_id#13027, merchant_id#13028, product_id#13029, product_name#13050, quantity#13031, unit_price#13032, gross_amount#13033, discount_amount#13034, tax_amount#13035, net_amount#13036, upper(trim(payment_method#13037, None)) AS payment_method#13052, city#13038, device_type#13039, event_type#13040, transaction_status#13041, event_time#13042, ingestion_time#13043, topic#13044, partition#13045, offset#13046L, kafka_timestamp#13047]
                                    +- ~Project [event_id#13025, transaction_id#13026, customer_id#13027, merchant_id#13028, product_id#13029, trim(product_name#13030, None) AS product_name#13050, quantity#13031, unit_price#13032, gross_amount#13033, discount_amount#13034, tax_amount#13035, net_amount#13036, payment_method#13037, city#13038, device_type#13039, event_type#13040, transaction_status#13041, event_time#13042, ingestion_time#13043, topic#13044, partition#13045, offset#13046L, kafka_timestamp#13047]
                                       +- ~Filter (isnull(tax_amount#13035) OR (tax_amount#13035 >= cast(0 as double)))
                                          +- ~Filter (isnull(discount_amount#13034) OR (discount_amount#13034 >= cast(0 as double)))
                                             +- ~Filter (net_amount#13036 >= cast(0 as double))
                                                +- ~Filter (gross_amount#13033 >= cast(0 as double))
                                                   +- ~Filter (unit_price#13032 > cast(0 as double))
                                                      +- ~Filter (quantity#13031 > 0)
                                                         +- ~Filter isnotnull(event_time#13042)
                                                            +- ~Filter isnotnull(city#13038)
                                                               +- ~Filter isnotnull(payment_method#13037)
                                                                  +- ~Filter isnotnull(net_amount#13036)
                                                                     +- ~Filter isnotnull(gross_amount#13033)
                                                                        +- ~Filter isnotnull(unit_price#13032)
                                                                           +- ~Filter isnotnull(quantity#13031)
                                                                              +- ~Filter isnotnull(product_name#13030)
                                                                                 +- ~Filter isnotnull(product_id#13029)
                                                                                    +- ~Filter isnotnull(merchant_id#13028)
                                                                                       +- ~Filter isnotnull(customer_id#13027)
                                                                                          +- ~Filter isnotnull(transaction_id#13026)
                                                                                             +- ~Filter isnotnull(event_id#13025)
                                                                                                +- ~SubqueryAlias workspace.default.bronze_transactions
                                                                                                   +- StreamingRelation tahoe, [event_id#13025, transaction_id#13026, customer_id#13027, merchant_id#13028, product_id#13029, product_name#13030, quantity#13031, unit_price#13032, gross_amount#13033, discount_amount#13034, tax_amount#13035, net_amount#13036, payment_method#13037, city#13038, device_type#13039, event_type#13040, transaction_status#13041, event_time#13042, ingestion_time#13043, topic#13044, partition#13045, offset#13046L, kafka_timestamp#13047], name=<Unassigned>


JVM stacktrace:
org.apache.spark.sql.catalyst.ExtendedAnalysisException
	at org.apache.spark.sql.errors.QueryCompilationErrors$.unresolvedAttributeError(QueryCompilationErrors.scala:700)
	at org.apache.spark.sql.catalyst.analysis.CheckAnalysis.org$apache$spark$sql$catalyst$analysis$CheckAnalysis$$failUnresolvedAttribute(CheckAnalysis.scala:192)
	at org.apache.spark.sql.catalyst.analysis.CheckAnalysis.$anonfun$checkAnalysis0$10(CheckAnalysis.scala:509)
	at org.apache.spark.sql.catalyst.analysis.CheckAnalysis.$anonfun$checkAnalysis0$10$adapted(CheckAnalysis.scala:494)
	at org.apache.spark.sql.catalyst.analysis.CheckAnalysis.traverse$1(CheckAnalysis.scala:1130)
	at org.apache.spark.sql.catalyst.analysis.CheckAnalysis.$anonfun$foreachUpSkippingSecureView$1(CheckAnalysis.scala:1129)
	at org.apache.spark.sql.catalyst.analysis.CheckAnalysis.$anonfun$foreachUpSkippingSecureView$1$adapted(CheckAnalysis.scala:1129)
	at scala.collection.immutable.List.foreach(List.scala:334)
	at org.apache.spark.sql.catalyst.analysis.CheckAnalysis.traverse$1(CheckAnalysis.scala:1129)
	at org.apache.spark.sql.catalyst.analysis.CheckAnalysis.$anonfun$foreachUpSkippingSecureView$1(CheckAnalysis.scala:1129)
	at org.apache.spark.sql.catalyst.analysis.CheckAnalysis.$anonfun$foreachUpSkippingSecureView$1$adapted(CheckAnalysis.scala:1129)
	at scala.collection.immutable.List.foreach(List.scala:334)
	at org.apache.spark.sql.catalyst.analysis.CheckAnalysis.traverse$1(CheckAnalysis.scala:1129)
	at org.apache.spark.sql.catalyst.analysis.CheckAnalysis.$anonfun$foreachUpSkippingSecureView$1(CheckAnalysis.scala:1129)
	at org.apache.spark.sql.catalyst.analysis.CheckAnalysis.$anonfun$foreachUpSkippingSecureView$1$adapted(CheckAnalysis.scala:1129)
	at scala.collection.immutable.Vector.foreach(Vector.scala:2125)
	at org.apache.spark.sql.catalyst.analysis.CheckAnalysis.traverse$1(CheckAnalysis.scala:1129)
	at org.apache.spark.sql.catalyst.analysis.CheckAnalysis.foreachUpSkippingSecureView(CheckAnalysis.scala:1132)
	at org.apache.spark.sql.catalyst.analysis.CheckAnalysis.$anonfun$checkAnalysis0$9(CheckAnalysis.scala:494)
	at org.apache.spark.sql.catalyst.analysis.CheckAnalysis.$anonfun$checkAnalysis0$9$adapted(CheckAnalysis.scala:494)
	at scala.collection.IterableOnceOps.foreach(IterableOnce.scala:619)
	at scala.collection.IterableOnceOps.foreach$(IterableOnce.scala:617)
	at scala.collection.AbstractIterable.foreach(Iterable.scala:935)
	at org.apache.spark.sql.catalyst.analysis.CheckAnalysis.$anonfun$checkAnalysis0$2(CheckAnalysis.scala:494)
	at org.apache.spark.sql.catalyst.analysis.CheckAnalysis.$anonfun$checkAnalysis0$2$adapted(CheckAnalysis.scala:324)
	at org.apache.spark.sql.catalyst.trees.TreeNode.foreachUp(TreeNode.scala:371)
	at org.apache.spark.sql.catalyst.trees.TreeNode.$anonfun$foreachUp$1(TreeNode.scala:370)
	at org.apache.spark.sql.catalyst.trees.TreeNode.$anonfun$foreachUp$1$adapted(TreeNode.scala:370)
	at scala.collection.immutable.Vector.foreach(Vector.scala:2125)
	at org.apache.spark.sql.catalyst.trees.TreeNode.foreachUp(TreeNode.scala:370)
	at org.apache.spark.sql.catalyst.trees.TreeNode.$anonfun$foreachUp$1(TreeNode.scala:370)
	at org.apache.spark.sql.catalyst.trees.TreeNode.$anonfun$foreachUp$1$adapted(TreeNode.scala:370)
	at scala.collection.immutable.Vector.foreach(Vector.scala:2125)
	at org.apache.spark.sql.catalyst.trees.TreeNode.foreachUp(TreeNode.scala:370)
	at org.apache.spark.sql.catalyst.trees.TreeNode.$anonfun$foreachUp$1(TreeNode.scala:370)
	at org.apache.spark.sql.catalyst.trees.TreeNode.$anonfun$foreachUp$1$adapted(TreeNode.scala:370)
	at scala.collection.immutable.Vector.foreach(Vector.scala:2125)
	at org.apache.spark.sql.catalyst.trees.TreeNode.foreachUp(TreeNode.scala:370)
	at org.apache.spark.sql.catalyst.trees.TreeNode.$anonfun$foreachUp$1(TreeNode.scala:370)
	at org.apache.spark.sql.catalyst.trees.TreeNode.$anonfun$foreachUp$1$adapted(TreeNode.scala:370)
	at scala.collection.immutable.Vector.foreach(Vector.scala:2125)
	at org.apache.spark.sql.catalyst.trees.TreeNode.foreachUp(TreeNode.scala:370)
	at org.apache.spark.sql.catalyst.analysis.CheckAnalysis.checkAnalysis0(CheckAnalysis.scala:324)
	at org.apache.spark.sql.catalyst.analysis.CheckAnalysis.checkAnalysis0$(CheckAnalysis.scala:295)
	at org.apache.spark.sql.catalyst.analysis.Analyzer.checkAnalysis0(Analyzer.scala:554)
	at org.apache.spark.sql.catalyst.analysis.CheckAnalysis.$anonfun$checkAnalysis$1(CheckAnalysis.scala:280)
	at scala.runtime.java8.JFunction0$mcV$sp.apply(JFunction0$mcV$sp.scala:18)
	at com.databricks.spark.util.FrameProfiler$.$anonfun$record$1(FrameProfiler.scala:114)
	at com.databricks.spark.util.FrameProfilerExporter$.maybeExportFrameProfiler(FrameProfilerExporter.scala:201)
	at com.databricks.spark.util.FrameProfiler$.record(FrameProfiler.scala:105)
	at org.apache.spark.sql.catalyst.analysis.CheckAnalysis.checkAnalysis(CheckAnalysis.scala:267)
	at org.apache.spark.sql.catalyst.analysis.CheckAnalysis.checkAnalysis$(CheckAnalysis.scala:263)
	at org.apache.spark.sql.catalyst.analysis.Analyzer.checkAnalysis(Analyzer.scala:554)
	at org.apache.spark.sql.catalyst.analysis.resolver.HybridAnalyzer.$anonfun$resolveInFixedPoint$1(HybridAnalyzer.scala:414)
	at scala.runtime.java8.JFunction0$mcV$sp.apply(JFunction0$mcV$sp.scala:18)
	at org.apache.spark.sql.catalyst.QueryPlanningTracker$.withTracker(QueryPlanningTracker.scala:266)
	at org.apache.spark.sql.catalyst.analysis.resolver.HybridAnalyzer.resolveInFixedPoint(HybridAnalyzer.scala:414)
	at org.apache.spark.sql.catalyst.analysis.resolver.HybridAnalyzer.$anonfun$apply$1(HybridAnalyzer.scala:97)
	at org.apache.spark.sql.catalyst.analysis.resolver.HybridAnalyzer.withTrackedAnalyzerBridgeState(HybridAnalyzer.scala:134)
	at org.apache.spark.sql.catalyst.analysis.resolver.HybridAnalyzer.apply(HybridAnalyzer.scala:90)
	at org.apache.spark.sql.catalyst.analysis.Analyzer.$anonfun$executeAndCheck$2(Analyzer.scala:620)
	at org.apache.spark.sql.catalyst.plans.logical.AnalysisHelper$.markInAnalyzer(AnalysisHelper.scala:425)
	at org.apache.spark.sql.catalyst.analysis.Analyzer.$anonfun$executeAndCheck$1(Analyzer.scala:620)
	at com.databricks.sql.unity.SAMSnapshotHelper$.visitPlansDuringAnalysis(SAMSnapshotHelper.scala:40)
	at org.apache.spark.sql.catalyst.analysis.Analyzer.executeAndCheck(Analyzer.scala:609)
	at org.apache.spark.sql.execution.QueryExecution.$anonfun$lazyAnalyzed$3(QueryExecution.scala:574)
	at com.databricks.spark.util.FrameProfiler$.$anonfun$record$1(FrameProfiler.scala:114)
	at com.databricks.spark.util.FrameProfilerExporter$.maybeExportFrameProfiler(FrameProfilerExporter.scala:201)
	at com.databricks.spark.util.FrameProfiler$.record(FrameProfiler.scala:105)
	at org.apache.spark.sql.catalyst.QueryPlanningTracker.measurePhase(QueryPlanningTracker.scala:818)
	at org.apache.spark.sql.execution.QueryExecution.$anonfun$executePhase$8(QueryExecution.scala:1000)
	at org.apache.spark.sql.execution.SQLExecution$.$anonfun$withExecutionPhase$1(SQLExecution.scala:228)
	at com.databricks.util.TracingSpanUtils$.withTracing(TracingSpanUtils.scala:250)
	at com.databricks.spark.util.DatabricksTracingHelper.withSpan(DatabricksSparkTracingHelper.scala:154)
	at com.databricks.spark.util.DBRTracing$.withSpan(DBRTracing.scala:87)
	at org.apache.spark.sql.execution.SQLExecution$.withExecutionPhase(SQLExecution.scala:209)
	at org.apache.spark.sql.execution.QueryExecution.$anonfun$executePhase$7(QueryExecution.scala:1000)
	at org.apache.spark.sql.execution.QueryExecution$.withInternalError(QueryExecution.scala:1708)
	at org.apache.spark.sql.execution.QueryExecution.$anonfun$executePhase$5(QueryExecution.scala:993)
	at com.databricks.util.LexicalThreadLocal$Handle.runWith(LexicalThreadLocal.scala:63)
	at org.apache.spark.sql.execution.QueryExecution.$anonfun$executePhase$4(QueryExecution.scala:990)
	at com.databricks.util.LexicalThreadLocal$Handle.runWith(LexicalThreadLocal.scala:63)
	at org.apache.spark.sql.execution.QueryExecution.$anonfun$executePhase$3(QueryExecution.scala:990)
	at com.databricks.util.LexicalThreadLocal$Handle.runWith(LexicalThreadLocal.scala:63)
	at org.apache.spark.sql.execution.QueryExecution.$anonfun$executePhase$2(QueryExecution.scala:989)
	at com.databricks.util.LexicalThreadLocal$Handle.runWith(LexicalThreadLocal.scala:63)
	at org.apache.spark.sql.execution.QueryExecution.withQueryExecutionId(QueryExecution.scala:977)
	at org.apache.spark.sql.execution.QueryExecution.$anonfun$executePhase$1(QueryExecution.scala:988)
	at org.apache.spark.sql.SparkSession.withActive(SparkSession.scala:866)
	at org.apache.spark.sql.execution.QueryExecution.executePhase(QueryExecution.scala:987)
	at org.apache.spark.sql.execution.QueryExecution.$anonfun$lazyAnalyzed$2(QueryExecution.scala:565)
	at com.databricks.sql.util.MemoryTrackerHelper.withMemoryTracking(MemoryTrackerHelper.scala:111)
	at org.apache.spark.sql.execution.QueryExecution.$anonfun$lazyAnalyzed$1(QueryExecution.scala:564)
	at scala.util.Try$.apply(Try.scala:217)
	at org.apache.spark.util.Utils$.doTryWithCallerStacktrace(Utils.scala:1708)
	at org.apache.spark.util.Utils$.getTryWithCallerStacktrace(Utils.scala:1758)
	at org.apache.spark.util.LazyTry.get(LazyTry.scala:78)
	at org.apache.spark.sql.execution.QueryExecution.analyzed(QueryExecution.scala:622)
	at org.apache.spark.sql.connect.planner.SparkConnectPlanner.transformDeduplicate(SparkConnectPlanner.scala:1956)
	at org.apache.spark.sql.connect.planner.SparkConnectPlanner.$anonfun$transformRelation$1(SparkConnectPlanner.scala:238)
	at org.apache.spark.sql.connect.service.SessionHolder.$anonfun$usePlanCache$10(SessionHolder.scala:935)
	at org.apache.spark.sql.connect.service.SessionHolder.measureSubtreeRelationNodes(SessionHolder.scala:955)
	at org.apache.spark.sql.connect.service.SessionHolder.$anonfun$usePlanCache$9(SessionHolder.scala:934)
	at org.apache.spark.sql.connect.utils.TimingUtils$.withTiming(TimingUtils.scala:35)
	at org.apache.spark.sql.connect.service.SessionHolder.$anonfun$usePlanCache$6(SessionHolder.scala:934)
	at scala.Option.getOrElse(Option.scala:201)
	at org.apache.spark.sql.connect.service.SessionHolder.usePlanCache(SessionHolder.scala:926)
	at org.apache.spark.sql.connect.planner.SparkConnectPlanner.transformRelation(SparkConnectPlanner.scala:224)
	at org.apache.spark.sql.connect.planner.SparkConnectPlanner.transformRelation(SparkConnectPlanner.scala:210)
	at org.apache.spark.sql.connect.planner.SparkConnectPlanner.handleWriteStreamOperationStart(SparkConnectPlanner.scala:4409)
	at org.apache.spark.sql.connect.planner.SparkConnectPlanner.process(SparkConnectPlanner.scala:3611)
	at org.apache.spark.sql.connect.execution.ExecuteThreadRunner.handleCommand(ExecuteThreadRunner.scala:492)
	at org.apache.spark.sql.connect.execution.ExecuteThreadRunner.$anonfun$executeInternal$1(ExecuteThreadRunner.scala:380)
	at org.apache.spark.sql.connect.execution.ExecuteThreadRunner.$anonfun$executeInternal$1$adapted(ExecuteThreadRunner.scala:317)
	at org.apache.spark.sql.connect.service.SessionHolder.$anonfun$withSession$2(SessionHolder.scala:707)
	at org.apache.spark.sql.SparkSession.withActive(SparkSession.scala:866)
	at org.apache.spark.sql.connect.service.SessionHolder.$anonfun$withSession$1(SessionHolder.scala:707)
	at org.apache.spark.JobArtifactSet$.withActiveJobArtifactState(JobArtifactSet.scala:97)
	at org.apache.spark.sql.artifact.ArtifactManager.$anonfun$withResources$1(ArtifactManager.scala:124)
	at org.apache.spark.sql.artifact.ArtifactManager.withClassLoaderIfNeeded(ArtifactManager.scala:118)
	at org.apache.spark.sql.artifact.ArtifactManager.withResources(ArtifactManager.scala:123)
	at org.apache.spark.sql.connect.service.SessionHolder.withSession(SessionHolder.scala:706)
	at org.apache.spark.sql.connect.execution.ExecuteThreadRunner.executeInternal(ExecuteThreadRunner.scala:317)
	at org.apache.spark.sql.connect.execution.ExecuteThreadRunner.$anonfun$execute$1(ExecuteThreadRunner.scala:182)
	at scala.runtime.java8.JFunction0$mcV$sp.apply(JFunction0$mcV$sp.scala:18)
	at com.databricks.spark.connect.service.UtilizationMetrics.recordActiveQueries(UtilizationMetrics.scala:43)
	at com.databricks.spark.connect.service.UtilizationMetrics.recordActiveQueries$(UtilizationMetrics.scala:40)
	at org.apache.spark.sql.connect.execution.ExecuteThreadRunner.recordActiveQueries(ExecuteThreadRunner.scala:57)
	at org.apache.spark.sql.connect.execution.ExecuteThreadRunner.org$apache$spark$sql$connect$execution$ExecuteThreadRunner$$execute(ExecuteThreadRunner.scala:174)
	at org.apache.spark.sql.connect.execution.ExecuteThreadRunner$ExecutionThread.$anonfun$run$3(ExecuteThreadRunner.scala:697)
	at scala.runtime.java8.JFunction0$mcV$sp.apply(JFunction0$mcV$sp.scala:18)
	at com.databricks.spark.util.DBRTracing$.withSpanFromParent(DBRTracing.scala:70)
	at org.apache.spark.sql.connect.execution.ExecuteThreadRunner$ExecutionThread.$anonfun$run$2(ExecuteThreadRunner.scala:697)
	at scala.runtime.java8.JFunction0$mcV$sp.apply(JFunction0$mcV$sp.scala:18)
	at com.databricks.unity.UCSEphemeralState$Handle.runWith(UCSEphemeralState.scala:51)
	at com.databricks.unity.HandleImpl.runWith(UCSHandle.scala:104)
	at com.databricks.unity.HandleImpl.$anonfun$runWithAndClose$1(UCSHandle.scala:109)
	at scala.util.Using$.resource(Using.scala:296)
	at com.databricks.unity.HandleImpl.runWithAndClose(UCSHandle.scala:108)
	at org.apache.spark.sql.connect.execution.ExecuteThreadRunner$ExecutionThread.run(ExecuteThreadRunner.scala:696)
Traceback (most recent call last):
  File "/Workspace/Repos/gnavin478@gmail.com/Realtime-Transaction-Pipeline/pyspark_streaming/silver/silver_transform.py", line 96, in write_to_silver
    .table("silver_transactions")
     ^^^^^^^^^^^^^^^^^^^^^^^^^^^^
  File "/databricks/python/lib/python3.12/site-packages/pyspark/sql/connect/streaming/readwriter.py", line 737, in table
    return self.toTable(tableName)
           ^^^^^^^^^^^^^^^^^^^^^^^
  File "/databricks/python/lib/python3.12/site-packages/pyspark/sql/connect/streaming/readwriter.py", line 748, in toTable
    return self._start_internal(
           ^^^^^^^^^^^^^^^^^^^^^
  File "/databricks/python/lib/python3.12/site-packages/pyspark/sql/connect/streaming/readwriter.py", line 685, in _start_internal
    (_, properties, _) = self._session.client.execute_command(cmd)
                         ^^^^^^^^^^^^^^^^^^^^^^^^^^^^^^^^^^^^^^^^^
  File "/databricks/python/lib/python3.12/site-packages/pyspark/sql/connect/client/core.py", line 1538, in execute_command
    data, _, metrics, observed_metrics, properties = self._execute_and_fetch(
                                                     ^^^^^^^^^^^^^^^^^^^^^^^^
  File "/databricks/python/lib/python3.12/site-packages/pyspark/sql/connect/client/core.py", line 2086, in _execute_and_fetch
    for response in self._execute_and_fetch_as_iterator(
  File "/databricks/python/lib/python3.12/site-packages/pyspark/sql/connect/client/core.py", line 2062, in _execute_and_fetch_as_iterator
    self._handle_error(error)
  File "/databricks/python/lib/python3.12/site-packages/pyspark/sql/connect/client/core.py", line 2380, in _handle_error
    self._handle_rpc_error(error)
  File "/databricks/python/lib/python3.12/site-packages/pyspark/sql/connect/client/core.py", line 2458, in _handle_rpc_error
    raise convert_exception(
pyspark.errors.exceptions.connect.AnalysisException: [UNRESOLVED_COLUMN.WITH_SUGGESTION] A column, variable, or function parameter with name `payment_status` cannot be resolved. Did you mean one of the following? [`payment_method`, `event_time`, `event_type`, `processed_at`, `product_name`]. SQLSTATE: 42703;
'Project [unresolvedstarwithcolumns(profit_amount, '`-`('net_amount, 'cost_price), Some(List({})))]
+- 'Project [unresolvedstarwithcolumns(currency, 'upper('trim('currency)), Some(List({})))]
   +- 'Project [unresolvedstarwithcolumns(customer_segment, 'upper('trim('customer_segment)), Some(List({})))]
      +- 'Project [unresolvedstarwithcolumns(order_status, 'upper('trim('order_status)), Some(List({})))]
         +- 'Project [event_id#13025, transaction_id#13026, customer_id#13027, merchant_id#13028, product_id#13029, product_name#13050, quantity#13031, unit_price#13032, gross_amount#13033, discount_amount#13034, tax_amount#13035, net_amount#13036, payment_method#13052, city#13054, device_type#13056, event_type#13058, transaction_status#13060, event_time#13062, ingestion_time#13064, topic#13044, partition#13045, offset#13046L, kafka_timestamp#13047, processed_at#13066, 'upper('trim('payment_status)) AS payment_status#13073]
            +- ~Project [event_id#13025, transaction_id#13026, customer_id#13027, merchant_id#13028, product_id#13029, product_name#13050, quantity#13031, unit_price#13032, gross_amount#13033, discount_amount#13034, tax_amount#13035, net_amount#13036, payment_method#13052, city#13054, device_type#13056, event_type#13058, transaction_status#13060, event_time#13062, ingestion_time#13064, topic#13044, partition#13045, offset#13046L, kafka_timestamp#13047, current_timestamp() AS processed_at#13066]
               +- ~Project [event_id#13025, transaction_id#13026, customer_id#13027, merchant_id#13028, product_id#13029, product_name#13050, quantity#13031, unit_price#13032, gross_amount#13033, discount_amount#13034, tax_amount#13035, net_amount#13036, payment_method#13052, city#13054, device_type#13056, event_type#13058, transaction_status#13060, event_time#13062, to_timestamp(ingestion_time#13043, None, TimestampType, Some(Etc/UTC), true) AS ingestion_time#13064, topic#13044, partition#13045, offset#13046L, kafka_timestamp#13047]
                  +- ~Project [event_id#13025, transaction_id#13026, customer_id#13027, merchant_id#13028, product_id#13029, product_name#13050, quantity#13031, unit_price#13032, gross_amount#13033, discount_amount#13034, tax_amount#13035, net_amount#13036, payment_method#13052, city#13054, device_type#13056, event_type#13058, transaction_status#13060, to_timestamp(event_time#13042, None, TimestampType, Some(Etc/UTC), true) AS event_time#13062, ingestion_time#13043, topic#13044, partition#13045, offset#13046L, kafka_timestamp#13047]
                     +- ~Project [event_id#13025, transaction_id#13026, customer_id#13027, merchant_id#13028, product_id#13029, product_name#13050, quantity#13031, unit_price#13032, gross_amount#13033, discount_amount#13034, tax_amount#13035, net_amount#13036, payment_method#13052, city#13054, device_type#13056, event_type#13058, upper(trim(transaction_status#13041, None)) AS transaction_status#13060, event_time#13042, ingestion_time#13043, topic#13044, partition#13045, offset#13046L, kafka_timestamp#13047]
                        +- ~Project [event_id#13025, transaction_id#13026, customer_id#13027, merchant_id#13028, product_id#13029, product_name#13050, quantity#13031, unit_price#13032, gross_amount#13033, discount_amount#13034, tax_amount#13035, net_amount#13036, payment_method#13052, city#13054, device_type#13056, upper(trim(event_type#13040, None)) AS event_type#13058, transaction_status#13041, event_time#13042, ingestion_time#13043, topic#13044, partition#13045, offset#13046L, kafka_timestamp#13047]
                           +- ~Project [event_id#13025, transaction_id#13026, customer_id#13027, merchant_id#13028, product_id#13029, product_name#13050, quantity#13031, unit_price#13032, gross_amount#13033, discount_amount#13034, tax_amount#13035, net_amount#13036, payment_method#13052, city#13054, upper(trim(device_type#13039, None)) AS device_type#13056, event_type#13040, transaction_status#13041, event_time#13042, ingestion_time#13043, topic#13044, partition#13045, offset#13046L, kafka_timestamp#13047]
                              +- ~Project [event_id#13025, transaction_id#13026, customer_id#13027, merchant_id#13028, product_id#13029, product_name#13050, quantity#13031, unit_price#13032, gross_amount#13033, discount_amount#13034, tax_amount#13035, net_amount#13036, payment_method#13052, trim(city#13038, None) AS city#13054, device_type#13039, event_type#13040, transaction_status#13041, event_time#13042, ingestion_time#13043, topic#13044, partition#13045, offset#13046L, kafka_timestamp#13047]
                                 +- ~Project [event_id#13025, transaction_id#13026, customer_id#13027, merchant_id#13028, product_id#13029, product_name#13050, quantity#13031, unit_price#13032, gross_amount#13033, discount_amount#13034, tax_amount#13035, net_amount#13036, upper(trim(payment_method#13037, None)) AS payment_method#13052, city#13038, device_type#13039, event_type#13040, transaction_status#13041, event_time#13042, ingestion_time#13043, topic#13044, partition#13045, offset#13046L, kafka_timestamp#13047]
                                    +- ~Project [event_id#13025, transaction_id#13026, customer_id#13027, merchant_id#13028, product_id#13029, trim(product_name#13030, None) AS product_name#13050, quantity#13031, unit_price#13032, gross_amount#13033, discount_amount#13034, tax_amount#13035, net_amount#13036, payment_method#13037, city#13038, device_type#13039, event_type#13040, transaction_status#13041, event_time#13042, ingestion_time#13043, topic#13044, partition#13045, offset#13046L, kafka_timestamp#13047]
                                       +- ~Filter (isnull(tax_amount#13035) OR (tax_amount#13035 >= cast(0 as double)))
                                          +- ~Filter (isnull(discount_amount#13034) OR (discount_amount#13034 >= cast(0 as double)))
                                             +- ~Filter (net_amount#13036 >= cast(0 as double))
                                                +- ~Filter (gross_amount#13033 >= cast(0 as double))
                                                   +- ~Filter (unit_price#13032 > cast(0 as double))
                                                      +- ~Filter (quantity#13031 > 0)
                                                         +- ~Filter isnotnull(event_time#13042)
                                                            +- ~Filter isnotnull(city#13038)
                                                               +- ~Filter isnotnull(payment_method#13037)
                                                                  +- ~Filter isnotnull(net_amount#13036)
                                                                     +- ~Filter isnotnull(gross_amount#13033)
                                                                        +- ~Filter isnotnull(unit_price#13032)
                                                                           +- ~Filter isnotnull(quantity#13031)
                                                                              +- ~Filter isnotnull(product_name#13030)
                                                                                 +- ~Filter isnotnull(product_id#13029)
                                                                                    +- ~Filter isnotnull(merchant_id#13028)
                                                                                       +- ~Filter isnotnull(customer_id#13027)
                                                                                          +- ~Filter isnotnull(transaction_id#13026)
                                                                                             +- ~Filter isnotnull(event_id#13025)
                                                                                                +- ~SubqueryAlias workspace.default.bronze_transactions
                                                                                                   +- StreamingRelation tahoe, [event_id#13025, transaction_id#13026, customer_id#13027, merchant_id#13028, product_id#13029, product_name#13030, quantity#13031, unit_price#13032, gross_amount#13033, discount_amount#13034, tax_amount#13035, net_amount#13036, payment_method#13037, city#13038, device_type#13039, event_type#13040, transaction_status#13041, event_time#13042, ingestion_time#13043, topic#13044, partition#13045, offset#13046L, kafka_timestamp#13047], name=<Unassigned>


JVM stacktrace:
org.apache.spark.sql.catalyst.ExtendedAnalysisException
	at org.apache.spark.sql.errors.QueryCompilationErrors$.unresolvedAttributeError(QueryCompilationErrors.scala:700)
	at org.apache.spark.sql.catalyst.analysis.CheckAnalysis.org$apache$spark$sql$catalyst$analysis$CheckAnalysis$$failUnresolvedAttribute(CheckAnalysis.scala:192)
	at org.apache.spark.sql.catalyst.analysis.CheckAnalysis.$anonfun$checkAnalysis0$10(CheckAnalysis.scala:509)
	at org.apache.spark.sql.catalyst.analysis.CheckAnalysis.$anonfun$checkAnalysis0$10$adapted(CheckAnalysis.scala:494)
	at org.apache.spark.sql.catalyst.analysis.CheckAnalysis.traverse$1(CheckAnalysis.scala:1130)
	at org.apache.spark.sql.catalyst.analysis.CheckAnalysis.$anonfun$foreachUpSkippingSecureView$1(CheckAnalysis.scala:1129)
	at org.apache.spark.sql.catalyst.analysis.CheckAnalysis.$anonfun$foreachUpSkippingSecureView$1$adapted(CheckAnalysis.scala:1129)
	at scala.collection.immutable.List.foreach(List.scala:334)
	at org.apache.spark.sql.catalyst.analysis.CheckAnalysis.traverse$1(CheckAnalysis.scala:1129)
	at org.apache.spark.sql.catalyst.analysis.CheckAnalysis.$anonfun$foreachUpSkippingSecureView$1(CheckAnalysis.scala:1129)
	at org.apache.spark.sql.catalyst.analysis.CheckAnalysis.$anonfun$foreachUpSkippingSecureView$1$adapted(CheckAnalysis.scala:1129)
	at scala.collection.immutable.List.foreach(List.scala:334)
	at org.apache.spark.sql.catalyst.analysis.CheckAnalysis.traverse$1(CheckAnalysis.scala:1129)
	at org.apache.spark.sql.catalyst.analysis.CheckAnalysis.$anonfun$foreachUpSkippingSecureView$1(CheckAnalysis.scala:1129)
	at org.apache.spark.sql.catalyst.analysis.CheckAnalysis.$anonfun$foreachUpSkippingSecureView$1$adapted(CheckAnalysis.scala:1129)
	at scala.collection.immutable.Vector.foreach(Vector.scala:2125)
	at org.apache.spark.sql.catalyst.analysis.CheckAnalysis.traverse$1(CheckAnalysis.scala:1129)
	at org.apache.spark.sql.catalyst.analysis.CheckAnalysis.foreachUpSkippingSecureView(CheckAnalysis.scala:1132)
	at org.apache.spark.sql.catalyst.analysis.CheckAnalysis.$anonfun$checkAnalysis0$9(CheckAnalysis.scala:494)
	at org.apache.spark.sql.catalyst.analysis.CheckAnalysis.$anonfun$checkAnalysis0$9$adapted(CheckAnalysis.scala:494)
	at scala.collection.IterableOnceOps.foreach(IterableOnce.scala:619)
	at scala.collection.IterableOnceOps.foreach$(IterableOnce.scala:617)
	at scala.collection.AbstractIterable.foreach(Iterable.scala:935)
	at org.apache.spark.sql.catalyst.analysis.CheckAnalysis.$anonfun$checkAnalysis0$2(CheckAnalysis.scala:494)
	at org.apache.spark.sql.catalyst.analysis.CheckAnalysis.$anonfun$checkAnalysis0$2$adapted(CheckAnalysis.scala:324)
	at org.apache.spark.sql.catalyst.trees.TreeNode.foreachUp(TreeNode.scala:371)
	at org.apache.spark.sql.catalyst.trees.TreeNode.$anonfun$foreachUp$1(TreeNode.scala:370)
	at org.apache.spark.sql.catalyst.trees.TreeNode.$anonfun$foreachUp$1$adapted(TreeNode.scala:370)
	at scala.collection.immutable.Vector.foreach(Vector.scala:2125)
	at org.apache.spark.sql.catalyst.trees.TreeNode.foreachUp(TreeNode.scala:370)
	at org.apache.spark.sql.catalyst.trees.TreeNode.$anonfun$foreachUp$1(TreeNode.scala:370)
	at org.apache.spark.sql.catalyst.trees.TreeNode.$anonfun$foreachUp$1$adapted(TreeNode.scala:370)
	at scala.collection.immutable.Vector.foreach(Vector.scala:2125)
	at org.apache.spark.sql.catalyst.trees.TreeNode.foreachUp(TreeNode.scala:370)
	at org.apache.spark.sql.catalyst.trees.TreeNode.$anonfun$foreachUp$1(TreeNode.scala:370)
	at org.apache.spark.sql.catalyst.trees.TreeNode.$anonfun$foreachUp$1$adapted(TreeNode.scala:370)
	at scala.collection.immutable.Vector.foreach(Vector.scala:2125)
	at org.apache.spark.sql.catalyst.trees.TreeNode.foreachUp(TreeNode.scala:370)
	at org.apache.spark.sql.catalyst.trees.TreeNode.$anonfun$foreachUp$1(TreeNode.scala:370)
	at org.apache.spark.sql.catalyst.trees.TreeNode.$anonfun$foreachUp$1$adapted(TreeNode.scala:370)
	at scala.collection.immutable.Vector.foreach(Vector.scala:2125)
	at org.apache.spark.sql.catalyst.trees.TreeNode.foreachUp(TreeNode.scala:370)
	at org.apache.spark.sql.catalyst.analysis.CheckAnalysis.checkAnalysis0(CheckAnalysis.scala:324)
	at org.apache.spark.sql.catalyst.analysis.CheckAnalysis.checkAnalysis0$(CheckAnalysis.scala:295)
	at org.apache.spark.sql.catalyst.analysis.Analyzer.checkAnalysis0(Analyzer.scala:554)
	at org.apache.spark.sql.catalyst.analysis.CheckAnalysis.$anonfun$checkAnalysis$1(CheckAnalysis.scala:280)
	at scala.runtime.java8.JFunction0$mcV$sp.apply(JFunction0$mcV$sp.scala:18)
	at com.databricks.spark.util.FrameProfiler$.$anonfun$record$1(FrameProfiler.scala:114)
	at com.databricks.spark.util.FrameProfilerExporter$.maybeExportFrameProfiler(FrameProfilerExporter.scala:201)
	at com.databricks.spark.util.FrameProfiler$.record(FrameProfiler.scala:105)
	at org.apache.spark.sql.catalyst.analysis.CheckAnalysis.checkAnalysis(CheckAnalysis.scala:267)
	at org.apache.spark.sql.catalyst.analysis.CheckAnalysis.checkAnalysis$(CheckAnalysis.scala:263)
	at org.apache.spark.sql.catalyst.analysis.Analyzer.checkAnalysis(Analyzer.scala:554)
	at org.apache.spark.sql.catalyst.analysis.resolver.HybridAnalyzer.$anonfun$resolveInFixedPoint$1(HybridAnalyzer.scala:414)
	at scala.runtime.java8.JFunction0$mcV$sp.apply(JFunction0$mcV$sp.scala:18)
	at org.apache.spark.sql.catalyst.QueryPlanningTracker$.withTracker(QueryPlanningTracker.scala:266)
	at org.apache.spark.sql.catalyst.analysis.resolver.HybridAnalyzer.resolveInFixedPoint(HybridAnalyzer.scala:414)
	at org.apache.spark.sql.catalyst.analysis.resolver.HybridAnalyzer.$anonfun$apply$1(HybridAnalyzer.scala:97)
	at org.apache.spark.sql.catalyst.analysis.resolver.HybridAnalyzer.withTrackedAnalyzerBridgeState(HybridAnalyzer.scala:134)
	at org.apache.spark.sql.catalyst.analysis.resolver.HybridAnalyzer.apply(HybridAnalyzer.scala:90)
	at org.apache.spark.sql.catalyst.analysis.Analyzer.$anonfun$executeAndCheck$2(Analyzer.scala:620)
	at org.apache.spark.sql.catalyst.plans.logical.AnalysisHelper$.markInAnalyzer(AnalysisHelper.scala:425)
	at org.apache.spark.sql.catalyst.analysis.Analyzer.$anonfun$executeAndCheck$1(Analyzer.scala:620)
	at com.databricks.sql.unity.SAMSnapshotHelper$.visitPlansDuringAnalysis(SAMSnapshotHelper.scala:40)
	at org.apache.spark.sql.catalyst.analysis.Analyzer.executeAndCheck(Analyzer.scala:609)
	at org.apache.spark.sql.execution.QueryExecution.$anonfun$lazyAnalyzed$3(QueryExecution.scala:574)
	at com.databricks.spark.util.FrameProfiler$.$anonfun$record$1(FrameProfiler.scala:114)
	at com.databricks.spark.util.FrameProfilerExporter$.maybeExportFrameProfiler(FrameProfilerExporter.scala:201)
	at com.databricks.spark.util.FrameProfiler$.record(FrameProfiler.scala:105)
	at org.apache.spark.sql.catalyst.QueryPlanningTracker.measurePhase(QueryPlanningTracker.scala:818)
	at org.apache.spark.sql.execution.QueryExecution.$anonfun$executePhase$8(QueryExecution.scala:1000)
	at org.apache.spark.sql.execution.SQLExecution$.$anonfun$withExecutionPhase$1(SQLExecution.scala:228)
	at com.databricks.util.TracingSpanUtils$.withTracing(TracingSpanUtils.scala:250)
	at com.databricks.spark.util.DatabricksTracingHelper.withSpan(DatabricksSparkTracingHelper.scala:154)
	at com.databricks.spark.util.DBRTracing$.withSpan(DBRTracing.scala:87)
	at org.apache.spark.sql.execution.SQLExecution$.withExecutionPhase(SQLExecution.scala:209)
	at org.apache.spark.sql.execution.QueryExecution.$anonfun$executePhase$7(QueryExecution.scala:1000)
	at org.apache.spark.sql.execution.QueryExecution$.withInternalError(QueryExecution.scala:1708)
	at org.apache.spark.sql.execution.QueryExecution.$anonfun$executePhase$5(QueryExecution.scala:993)
	at com.databricks.util.LexicalThreadLocal$Handle.runWith(LexicalThreadLocal.scala:63)
	at org.apache.spark.sql.execution.QueryExecution.$anonfun$executePhase$4(QueryExecution.scala:990)
	at com.databricks.util.LexicalThreadLocal$Handle.runWith(LexicalThreadLocal.scala:63)
	at org.apache.spark.sql.execution.QueryExecution.$anonfun$executePhase$3(QueryExecution.scala:990)
	at com.databricks.util.LexicalThreadLocal$Handle.runWith(LexicalThreadLocal.scala:63)
	at org.apache.spark.sql.execution.QueryExecution.$anonfun$executePhase$2(QueryExecution.scala:989)
	at com.databricks.util.LexicalThreadLocal$Handle.runWith(LexicalThreadLocal.scala:63)
	at org.apache.spark.sql.execution.QueryExecution.withQueryExecutionId(QueryExecution.scala:977)
	at org.apache.spark.sql.execution.QueryExecution.$anonfun$executePhase$1(QueryExecution.scala:988)
	at org.apache.spark.sql.SparkSession.withActive(SparkSession.scala:866)
	at org.apache.spark.sql.execution.QueryExecution.executePhase(QueryExecution.scala:987)
	at org.apache.spark.sql.execution.QueryExecution.$anonfun$lazyAnalyzed$2(QueryExecution.scala:565)
	at com.databricks.sql.util.MemoryTrackerHelper.withMemoryTracking(MemoryTrackerHelper.scala:111)
	at org.apache.spark.sql.execution.QueryExecution.$anonfun$lazyAnalyzed$1(QueryExecution.scala:564)
	at scala.util.Try$.apply(Try.scala:217)
	at org.apache.spark.util.Utils$.doTryWithCallerStacktrace(Utils.scala:1708)
	at org.apache.spark.util.Utils$.getTryWithCallerStacktrace(Utils.scala:1758)
	at org.apache.spark.util.LazyTry.get(LazyTry.scala:78)
	at org.apache.spark.sql.execution.QueryExecution.analyzed(QueryExecution.scala:622)
	at org.apache.spark.sql.connect.planner.SparkConnectPlanner.transformDeduplicate(SparkConnectPlanner.scala:1956)
	at org.apache.spark.sql.connect.planner.SparkConnectPlanner.$anonfun$transformRelation$1(SparkConnectPlanner.scala:238)
	at org.apache.spark.sql.connect.service.SessionHolder.$anonfun$usePlanCache$10(SessionHolder.scala:935)
	at org.apache.spark.sql.connect.service.SessionHolder.measureSubtreeRelationNodes(SessionHolder.scala:955)
	at org.apache.spark.sql.connect.service.SessionHolder.$anonfun$usePlanCache$9(SessionHolder.scala:934)
	at org.apache.spark.sql.connect.utils.TimingUtils$.withTiming(TimingUtils.scala:35)
	at org.apache.spark.sql.connect.service.SessionHolder.$anonfun$usePlanCache$6(SessionHolder.scala:934)
	at scala.Option.getOrElse(Option.scala:201)
	at org.apache.spark.sql.connect.service.SessionHolder.usePlanCache(SessionHolder.scala:926)
	at org.apache.spark.sql.connect.planner.SparkConnectPlanner.transformRelation(SparkConnectPlanner.scala:224)
	at org.apache.spark.sql.connect.planner.SparkConnectPlanner.transformRelation(SparkConnectPlanner.scala:210)
	at org.apache.spark.sql.connect.planner.SparkConnectPlanner.handleWriteStreamOperationStart(SparkConnectPlanner.scala:4409)
	at org.apache.spark.sql.connect.planner.SparkConnectPlanner.process(SparkConnectPlanner.scala:3611)
	at org.apache.spark.sql.connect.execution.ExecuteThreadRunner.handleCommand(ExecuteThreadRunner.scala:492)
	at org.apache.spark.sql.connect.execution.ExecuteThreadRunner.$anonfun$executeInternal$1(ExecuteThreadRunner.scala:380)
	at org.apache.spark.sql.connect.execution.ExecuteThreadRunner.$anonfun$executeInternal$1$adapted(ExecuteThreadRunner.scala:317)
	at org.apache.spark.sql.connect.service.SessionHolder.$anonfun$withSession$2(SessionHolder.scala:707)
	at org.apache.spark.sql.SparkSession.withActive(SparkSession.scala:866)
	at org.apache.spark.sql.connect.service.SessionHolder.$anonfun$withSession$1(SessionHolder.scala:707)
	at org.apache.spark.JobArtifactSet$.withActiveJobArtifactState(JobArtifactSet.scala:97)
	at org.apache.spark.sql.artifact.ArtifactManager.$anonfun$withResources$1(ArtifactManager.scala:124)
	at org.apache.spark.sql.artifact.ArtifactManager.withClassLoaderIfNeeded(ArtifactManager.scala:118)
	at org.apache.spark.sql.artifact.ArtifactManager.withResources(ArtifactManager.scala:123)
	at org.apache.spark.sql.connect.service.SessionHolder.withSession(SessionHolder.scala:706)
	at org.apache.spark.sql.connect.execution.ExecuteThreadRunner.executeInternal(ExecuteThreadRunner.scala:317)
	at org.apache.spark.sql.connect.execution.ExecuteThreadRunner.$anonfun$execute$1(ExecuteThreadRunner.scala:182)
	at scala.runtime.java8.JFunction0$mcV$sp.apply(JFunction0$mcV$sp.scala:18)
	at com.databricks.spark.connect.service.UtilizationMetrics.recordActiveQueries(UtilizationMetrics.scala:43)
	at com.databricks.spark.connect.service.UtilizationMetrics.recordActiveQueries$(UtilizationMetrics.scala:40)
	at org.apache.spark.sql.connect.execution.ExecuteThreadRunner.recordActiveQueries(ExecuteThreadRunner.scala:57)
	at org.apache.spark.sql.connect.execution.ExecuteThreadRunner.org$apache$spark$sql$connect$execution$ExecuteThreadRunner$$execute(ExecuteThreadRunner.scala:174)
	at org.apache.spark.sql.connect.execution.ExecuteThreadRunner$ExecutionThread.$anonfun$run$3(ExecuteThreadRunner.scala:697)
	at scala.runtime.java8.JFunction0$mcV$sp.apply(JFunction0$mcV$sp.scala:18)
	at com.databricks.spark.util.DBRTracing$.withSpanFromParent(DBRTracing.scala:70)
	at org.apache.spark.sql.connect.execution.ExecuteThreadRunner$ExecutionThread.$anonfun$run$2(ExecuteThreadRunner.scala:697)
	at scala.runtime.java8.JFunction0$mcV$sp.apply(JFunction0$mcV$sp.scala:18)
	at com.databricks.unity.UCSEphemeralState$Handle.runWith(UCSEphemeralState.scala:51)
	at com.databricks.unity.HandleImpl.runWith(UCSHandle.scala:104)
	at com.databricks.unity.HandleImpl.$anonfun$runWithAndClose$1(UCSHandle.scala:109)
	at scala.util.Using$.resource(Using.scala:296)
	at com.databricks.unity.HandleImpl.runWithAndClose(UCSHandle.scala:108)
	at org.apache.spark.sql.connect.execution.ExecuteThreadRunner$ExecutionThread.run(ExecuteThreadRunner.scala:696)
2026-04-11 19:50:26,656 | pyspark_streaming/silver | INFO | Creating Spark session for Silver layer
2026-04-11 19:50:26,659 | pyspark_streaming/silver | INFO | Spark session created successfully
2026-04-11 19:50:26,660 | pyspark_streaming/silver | INFO | Reading data from Bronze layer
2026-04-11 19:50:26,661 | pyspark_streaming/silver | INFO | Data read successfully from Bronze layer
2026-04-11 19:50:26,663 | pyspark_streaming/silver | INFO | Transforming data for Silver layer
2026-04-11 19:50:26,665 | pyspark_streaming/silver | INFO | Transformation Completed Successfully
2026-04-11 19:50:26,670 | pyspark_streaming/silver | INFO | Writing data to Silver layer
2026-04-11 19:50:28,480 | pyspark_streaming/silver | INFO | Silver streaming query started successfully
2026-04-11 19:50:31,127 | pyspark_streaming/silver | ERROR | Error writing data to Silver layer: [STREAM_FAILED] Query [id = b38c02c5-8c0b-461a-bb40-69b37e8730c0, runId = 59ba8beb-1168-4b7f-b53d-a55c7376246e] terminated with exception: [DELTA_SOURCE_IGNORE_DELETE] Detected deleted data (for example part-00001-5d910f92-4b36-459a-9ced-a272bd6db59f.c000.zstd.parquet) from streaming source at version 3. This is currently not supported. If you'd like to ignore deletes, set the option 'ignoreDeletes' to 'true'. The source table can be found at path s3://dbstorage-prod-cpgdo/uc/3caf84d5-b3d7-4fa6-a0e4-69f50d7c5d27/8dbdb134-53db-41c4-a8c1-a01b8d04aacf/__unitystorage/catalogs/8af0af66-b28c-4b17-9c21-d4a5a323e3d0/tables/d20a61b9-3ce2-4323-a1ff-5970d0ec9b94. SQLSTATE: XXKST
=== Streaming Query ===
Identifier: [id = b38c02c5-8c0b-461a-bb40-69b37e8730c0, runId = 59ba8beb-1168-4b7f-b53d-a55c7376246e]
Current Start Offsets: {DeltaSource[s3://dbstorage-prod-cpgdo/uc/3caf84d5-b3d7-4fa6-a0e4-69f50d7c5d27/8dbdb134-53db-41c4-a8c1-a01b8d04aacf/__unitystorage/catalogs/8af0af66-b28c-4b17-9c21-d4a5a323e3d0/tables/d20a61b9-3ce2-4323-a1ff-5970d0ec9b94]: {"sourceVersion":1,"reservoirId":"7831103a-de04-4071-b217-57d8e3dd1f21","reservoirVersion":3,"index":-1,"isStartingVersion":false}}
Current End Offsets: {DeltaSource[s3://dbstorage-prod-cpgdo/uc/3caf84d5-b3d7-4fa6-a0e4-69f50d7c5d27/8dbdb134-53db-41c4-a8c1-a01b8d04aacf/__unitystorage/catalogs/8af0af66-b28c-4b17-9c21-d4a5a323e3d0/tables/d20a61b9-3ce2-4323-a1ff-5970d0ec9b94]: {"sourceVersion":1,"reservoirId":"7831103a-de04-4071-b217-57d8e3dd1f21","reservoirVersion":3,"index":-1,"isStartingVersion":false}}

Current State: ACTIVE
Thread State: RUNNABLE

Logical Plan:
~WriteToMicroBatchDataSourceV1 `workspace`.`default`.`silver_transactions`, DeltaSink[s3://dbstorage-prod-cpgdo/uc/3caf84d5-b3d7-4fa6-a0e4-69f50d7c5d27/8dbdb134-53db-41c4-a8c1-a01b8d04aacf/__unitystorage/catalogs/8af0af66-b28c-4b17-9c21-d4a5a323e3d0/tables/629bf959-540a-496d-8510-fd5f9c731b5d], b38c02c5-8c0b-461a-bb40-69b37e8730c0, [checkpointLocation=/Volumes/workspace/transaction_data_pipeline/silver/checkpoints/silver_transactions, path=s3://dbstorage-prod-cpgdo/uc/3caf84d5-b3d7-4fa6-a0e4-69f50d7c5d27/8dbdb134-53db-41c4-a8c1-a01b8d04aacf/__unitystorage/catalogs/8af0af66-b28c-4b17-9c21-d4a5a323e3d0/tables/629bf959-540a-496d-8510-fd5f9c731b5d], Append
+- ~Project [event_id#14439, transaction_id#14440, customer_id#14441, merchant_id#14442, product_id#14443, product_name#14478, quantity#14445, unit_price#14446, gross_amount#14447, discount_amount#14448, tax_amount#14449, net_amount#14450, payment_method#14480, city#14482, device_type#14484, event_type#14486, transaction_status#14488, event_time#14490, ingestion_time#14492, topic#14458, partition#14459, offset#14460L, kafka_timestamp#14461, currency#14502, exchange_rate#14463, ... 13 more fields]
   +- ~Project [event_id#14439, transaction_id#14440, customer_id#14441, merchant_id#14442, product_id#14443, product_name#14478, quantity#14445, unit_price#14446, gross_amount#14447, discount_amount#14448, tax_amount#14449, net_amount#14450, payment_method#14480, city#14482, device_type#14484, event_type#14486, transaction_status#14488, event_time#14490, ingestion_time#14492, topic#14458, partition#14459, offset#14460L, kafka_timestamp#14461, upper(trim(currency#14462, None)) AS currency#14502, exchange_rate#14463, ... 13 more fields]
      +- ~Project [event_id#14439, transaction_id#14440, customer_id#14441, merchant_id#14442, product_id#14443, product_name#14478, quantity#14445, unit_price#14446, gross_amount#14447, discount_amount#14448, tax_amount#14449, net_amount#14450, payment_method#14480, city#14482, device_type#14484, event_type#14486, transaction_status#14488, event_time#14490, ingestion_time#14492, topic#14458, partition#14459, offset#14460L, kafka_timestamp#14461, currency#14462, exchange_rate#14463, ... 13 more fields]
         +- ~Project [event_id#14439, transaction_id#14440, customer_id#14441, merchant_id#14442, product_id#14443, product_name#14478, quantity#14445, unit_price#14446, gross_amount#14447, discount_amount#14448, tax_amount#14449, net_amount#14450, payment_method#14480, city#14482, device_type#14484, event_type#14486, transaction_status#14488, event_time#14490, ingestion_time#14492, topic#14458, partition#14459, offset#14460L, kafka_timestamp#14461, currency#14462, exchange_rate#14463, ... 13 more fields]
            +- ~Project [event_id#14439, transaction_id#14440, customer_id#14441, merchant_id#14442, product_id#14443, product_name#14478, quantity#14445, unit_price#14446, gross_amount#14447, discount_amount#14448, tax_amount#14449, net_amount#14450, payment_method#14480, city#14482, device_type#14484, event_type#14486, transaction_status#14488, event_time#14490, ingestion_time#14492, topic#14458, partition#14459, offset#14460L, kafka_timestamp#14461, currency#14462, exchange_rate#14463, ... 13 more fields]
               +- ~Deduplicate [event_id#14439]
                  +- ~Project [event_id#14439, transaction_id#14440, customer_id#14441, merchant_id#14442, product_id#14443, product_name#14478, quantity#14445, unit_price#14446, gross_amount#14447, discount_amount#14448, tax_amount#14449, net_amount#14450, payment_method#14480, city#14482, device_type#14484, event_type#14486, transaction_status#14488, event_time#14490, ingestion_time#14492, topic#14458, partition#14459, offset#14460L, kafka_timestamp#14461, currency#14462, exchange_rate#14463, ... 13 more fields]
                     +- ~Project [event_id#14439, transaction_id#14440, customer_id#14441, merchant_id#14442, product_id#14443, product_name#14478, quantity#14445, unit_price#14446, gross_amount#14447, discount_amount#14448, tax_amount#14449, net_amount#14450, payment_method#14480, city#14482, device_type#14484, event_type#14486, transaction_status#14488, event_time#14490, to_timestamp(ingestion_time#14457, None, TimestampType, Some(Etc/UTC), true) AS ingestion_time#14492, topic#14458, partition#14459, offset#14460L, kafka_timestamp#14461, currency#14462, exchange_rate#14463, ... 12 more fields]
                        +- ~Project [event_id#14439, transaction_id#14440, customer_id#14441, merchant_id#14442, product_id#14443, product_name#14478, quantity#14445, unit_price#14446, gross_amount#14447, discount_amount#14448, tax_amount#14449, net_amount#14450, payment_method#14480, city#14482, device_type#14484, event_type#14486, transaction_status#14488, to_timestamp(event_time#14456, None, TimestampType, Some(Etc/UTC), true) AS event_time#14490, ingestion_time#14457, topic#14458, partition#14459, offset#14460L, kafka_timestamp#14461, currency#14462, exchange_rate#14463, ... 12 more fields]
                           +- ~Project [event_id#14439, transaction_id#14440, customer_id#14441, merchant_id#14442, product_id#14443, product_name#14478, quantity#14445, unit_price#14446, gross_amount#14447, discount_amount#14448, tax_amount#14449, net_amount#14450, payment_method#14480, city#14482, device_type#14484, event_type#14486, upper(trim(transaction_status#14455, None)) AS transaction_status#14488, event_time#14456, ingestion_time#14457, topic#14458, partition#14459, offset#14460L, kafka_timestamp#14461, currency#14462, exchange_rate#14463, ... 12 more fields]
                              +- ~Project [event_id#14439, transaction_id#14440, customer_id#14441, merchant_id#14442, product_id#14443, product_name#14478, quantity#14445, unit_price#14446, gross_amount#14447, discount_amount#14448, tax_amount#14449, net_amount#14450, payment_method#14480, city#14482, device_type#14484, upper(trim(event_type#14454, None)) AS event_type#14486, transaction_status#14455, event_time#14456, ingestion_time#14457, topic#14458, partition#14459, offset#14460L, kafka_timestamp#14461, currency#14462, exchange_rate#14463, ... 12 more fields]
                                 +- ~Project [event_id#14439, transaction_id#14440, customer_id#14441, merchant_id#14442, product_id#14443, product_name#14478, quantity#14445, unit_price#14446, gross_amount#14447, discount_amount#14448, tax_amount#14449, net_amount#14450, payment_method#14480, city#14482, upper(trim(device_type#14453, None)) AS device_type#14484, event_type#14454, transaction_status#14455, event_time#14456, ingestion_time#14457, topic#14458, partition#14459, offset#14460L, kafka_timestamp#14461, currency#14462, exchange_rate#14463, ... 12 more fields]
                                    +- ~Project [event_id#14439, transaction_id#14440, customer_id#14441, merchant_id#14442, product_id#14443, product_name#14478, quantity#14445, unit_price#14446, gross_amount#14447, discount_amount#14448, tax_amount#14449, net_amount#14450, payment_method#14480, trim(city#14452, None) AS city#14482, device_type#14453, event_type#14454, transaction_status#14455, event_time#14456, ingestion_time#14457, topic#14458, partition#14459, offset#14460L, kafka_timestamp#14461, currency#14462, exchange_rate#14463, ... 12 more fields]
                                       +- ~Project [event_id#14439, transaction_id#14440, customer_id#14441, merchant_id#14442, product_id#14443, product_name#14478, quantity#14445, unit_price#14446, gross_amount#14447, discount_amount#14448, tax_amount#14449, net_amount#14450, upper(trim(payment_method#14451, None)) AS payment_method#14480, city#14452, device_type#14453, event_type#14454, transaction_status#14455, event_time#14456, ingestion_time#14457, topic#14458, partition#14459, offset#14460L, kafka_timestamp#14461, currency#14462, exchange_rate#14463, ... 12 more fields]
                                          +- ~Project [event_id#14439, transaction_id#14440, customer_id#14441, merchant_id#14442, product_id#14443, trim(product_name#14444, None) AS product_name#14478, quantity#14445, unit_price#14446, gross_amount#14447, discount_amount#14448, tax_amount#14449, net_amount#14450, payment_method#14451, city#14452, device_type#14453, event_type#14454, transaction_status#14455, event_time#14456, ingestion_time#14457, topic#14458, partition#14459, offset#14460L, kafka_timestamp#14461, currency#14462, exchange_rate#14463, ... 12 more fields]
                                             +- ~Filter (isnull(tax_amount#14449) OR (tax_amount#14449 >= cast(0 as double)))
                                                +- ~Filter (isnull(discount_amount#14448) OR (discount_amount#14448 >= cast(0 as double)))
                                                   +- ~Filter (net_amount#14450 >= cast(0 as double))
                                                      +- ~Filter (gross_amount#14447 >= cast(0 as double))
                                                         +- ~Filter (unit_price#14446 > cast(0 as double))
                                                            +- ~Filter (quantity#14445 > 0)
                                                               +- ~Filter isnotnull(event_time#14456)
                                                                  +- ~Filter isnotnull(city#14452)
                                                                     +- ~Filter isnotnull(payment_method#14451)
                                                                        +- ~Filter isnotnull(net_amount#14450)
                                                                           +- ~Filter isnotnull(gross_amount#14447)
                                                                              +- ~Filter isnotnull(unit_price#14446)
                                                                                 +- ~Filter isnotnull(quantity#14445)
                                                                                    +- ~Filter isnotnull(product_name#14444)
                                                                                       +- ~Filter isnotnull(product_id#14443)
                                                                                          +- ~Filter isnotnull(merchant_id#14442)
                                                                                             +- ~Filter isnotnull(customer_id#14441)
                                                                                                +- ~Filter isnotnull(transaction_id#14440)
                                                                                                   +- ~Filter isnotnull(event_id#14439)
                                                                                                      +- ~StreamingExecutionRelation DeltaSource[s3://dbstorage-prod-cpgdo/uc/3caf84d5-b3d7-4fa6-a0e4-69f50d7c5d27/8dbdb134-53db-41c4-a8c1-a01b8d04aacf/__unitystorage/catalogs/8af0af66-b28c-4b17-9c21-d4a5a323e3d0/tables/d20a61b9-3ce2-4323-a1ff-5970d0ec9b94], [event_id#14439, transaction_id#14440, customer_id#14441, merchant_id#14442, product_id#14443, product_name#14444, quantity#14445, unit_price#14446, gross_amount#14447, discount_amount#14448, tax_amount#14449, net_amount#14450, payment_method#14451, city#14452, device_type#14453, event_type#14454, transaction_status#14455, event_time#14456, ingestion_time#14457, topic#14458, partition#14459, offset#14460L, kafka_timestamp#14461, currency#14462, exchange_rate#14463, ... 12 more fields], `workspace`.`default`.`bronze_transactions`, name=<Unassigned>


Physical Plan: not available

JVM stacktrace:
org.apache.spark.sql.streaming.StreamingQueryException
	at org.apache.spark.sql.execution.streaming.runtime.StreamExecution.$anonfun$runStream$1(StreamExecution.scala:589)
	at scala.runtime.java8.JFunction0$mcV$sp.apply(JFunction0$mcV$sp.scala:18)
	at com.databricks.logging.AttributionContextTracing.$anonfun$withAttributionContext$1(AttributionContextTracing.scala:147)
	at com.databricks.logging.AttributionContext$.$anonfun$withValue$1(AttributionContext.scala:349)
	at scala.util.DynamicVariable.withValue(DynamicVariable.scala:59)
	at com.databricks.logging.AttributionContext$.withValue(AttributionContext.scala:345)
	at com.databricks.logging.AttributionContextTracing.withAttributionContext(AttributionContextTracing.scala:145)
	at com.databricks.logging.AttributionContextTracing.withAttributionContext$(AttributionContextTracing.scala:142)
	at com.databricks.spark.util.PublicDBLogging.withAttributionContext(DatabricksSparkUsageLogger.scala:29)
	at com.databricks.logging.AttributionContextTracing.withAttributionTags(AttributionContextTracing.scala:202)
	at com.databricks.logging.AttributionContextTracing.withAttributionTags$(AttributionContextTracing.scala:183)
	at com.databricks.spark.util.PublicDBLogging.withAttributionTags(DatabricksSparkUsageLogger.scala:29)
	at com.databricks.spark.util.PublicDBLogging.withAttributionTags0(DatabricksSparkUsageLogger.scala:108)
	at com.databricks.spark.util.DatabricksSparkUsageLogger.withAttributionTags(DatabricksSparkUsageLogger.scala:215)
	at com.databricks.spark.util.UsageLogging.$anonfun$withAttributionTags$1(UsageLogger.scala:668)
	at com.databricks.spark.util.UsageLogging$.withAttributionTags(UsageLogger.scala:780)
	at com.databricks.spark.util.UsageLogging$.withAttributionTags(UsageLogger.scala:789)
	at com.databricks.spark.util.UsageLogging.withAttributionTags(UsageLogger.scala:668)
	at com.databricks.spark.util.UsageLogging.withAttributionTags$(UsageLogger.scala:666)
	at org.apache.spark.sql.execution.streaming.runtime.StreamExecution.withAttributionTags(StreamExecution.scala:96)
	at org.apache.spark.sql.execution.streaming.runtime.StreamExecution.org$apache$spark$sql$execution$streaming$runtime$StreamExecution$$runStream(StreamExecution.scala:386)
	at org.apache.spark.sql.execution.streaming.runtime.StreamExecution$$anon$1.$anonfun$run$2(StreamExecution.scala:305)
	at scala.runtime.java8.JFunction0$mcV$sp.apply(JFunction0$mcV$sp.scala:18)
	at com.databricks.unity.UCSEphemeralState$Handle.runWith(UCSEphemeralState.scala:51)
	at com.databricks.unity.HandleImpl.runWith(UCSHandle.scala:104)
	at com.databricks.unity.HandleImpl.$anonfun$runWithAndClose$1(UCSHandle.scala:109)
	at scala.util.Using$.resource(Using.scala:296)
	at com.databricks.unity.HandleImpl.runWithAndClose(UCSHandle.scala:108)
	at org.apache.spark.sql.execution.streaming.runtime.StreamExecution$$anon$1.run(StreamExecution.scala:305)
Caused by: com.databricks.sql.transaction.tahoe.DeltaUnsupportedOperationException: [DELTA_SOURCE_IGNORE_DELETE] Detected deleted data (for example part-00001-5d910f92-4b36-459a-9ced-a272bd6db59f.c000.zstd.parquet) from streaming source at version 3. This is currently not supported. If you'd like to ignore deletes, set the option 'ignoreDeletes' to 'true'. The source table can be found at path s3://dbstorage-prod-cpgdo/uc/3caf84d5-b3d7-4fa6-a0e4-69f50d7c5d27/8dbdb134-53db-41c4-a8c1-a01b8d04aacf/__unitystorage/catalogs/8af0af66-b28c-4b17-9c21-d4a5a323e3d0/tables/d20a61b9-3ce2-4323-a1ff-5970d0ec9b94.
	at com.databricks.sql.transaction.tahoe.DeltaErrorsBase.deltaSourceIgnoreDeleteError(DeltaErrors.scala:194)
	at com.databricks.sql.transaction.tahoe.DeltaErrorsBase.deltaSourceIgnoreDeleteError$(DeltaErrors.scala:188)
	at com.databricks.sql.transaction.tahoe.DeltaErrors$.deltaSourceIgnoreDeleteError(DeltaErrors.scala:4306)
	at com.databricks.sql.transaction.tahoe.sources.DeltaSource.validateCommitAndDecideSkipping(DeltaSource.scala:1581)
	at com.databricks.sql.transaction.tahoe.sources.DeltaSource.$anonfun$getFileChanges$9(DeltaSource.scala:1085)
	at com.databricks.sql.transaction.tahoe.storage.ClosableIterator.processAndClose(ClosableIterator.scala:43)
	at com.databricks.sql.transaction.tahoe.storage.ClosableIterator.processAndClose$(ClosableIterator.scala:41)
	at com.databricks.sql.transaction.tahoe.sources.DeltaSource$$anon$4.processAndClose(DeltaSource.scala:2126)
	at com.databricks.sql.transaction.tahoe.sources.DeltaSource.fParallel$1(DeltaSource.scala:1081)
	at com.databricks.sql.transaction.tahoe.sources.DeltaSource.$anonfun$getFileChanges$11(DeltaSource.scala:1112)
	at com.databricks.sql.transaction.tahoe.storage.ClosableIterator$IteratorFlatMapBatchWithCloseOp$$anon$3.$anonfun$getNextBatch$2(ClosableIterator.scala:143)
	at scala.concurrent.Future$.$anonfun$apply$1(Future.scala:687)
	at scala.concurrent.impl.Promise$Transformation.run(Promise.scala:467)
	at org.apache.spark.util.threads.SparkThreadLocalCapturingRunnable.$anonfun$run$1(SparkThreadLocalForwardingThreadPoolExecutor.scala:171)
	at scala.runtime.java8.JFunction0$mcV$sp.apply(JFunction0$mcV$sp.scala:18)
	at com.databricks.spark.util.DBRTracing$.withSpanFromParent(DBRTracing.scala:70)
	at org.apache.spark.util.threads.SparkThreadLocalCapturingHelper.$anonfun$runWithCaptured$7(SparkThreadLocalForwardingThreadPoolExecutor.scala:124)
	at com.databricks.util.LexicalThreadLocal$Handle.runWith(LexicalThreadLocal.scala:63)
	at org.apache.spark.util.threads.SparkThreadLocalCapturingHelper.$anonfun$runWithCaptured$6(SparkThreadLocalForwardingThreadPoolExecutor.scala:123)
	at com.databricks.sql.transaction.tahoe.mst.MSTThreadHelper$.runWithMSTContext(MSTThreadHelper.scala:60)
	at org.apache.spark.util.threads.SparkThreadLocalCapturingHelper.$anonfun$runWithCaptured$5(SparkThreadLocalForwardingThreadPoolExecutor.scala:120)
	at com.databricks.spark.util.IdentityClaim$.withClaim(IdentityClaim.scala:48)
	at org.apache.spark.util.threads.SparkThreadLocalCapturingHelper.$anonfun$runWithCaptured$4(SparkThreadLocalForwardingThreadPoolExecutor.scala:119)
	at com.databricks.unity.UCSEphemeralState$Handle.runWith(UCSEphemeralState.scala:51)
	at org.apache.spark.util.threads.SparkThreadLocalCapturingHelper.runWithCaptured(SparkThreadLocalForwardingThreadPoolExecutor.scala:118)
	at org.apache.spark.util.threads.SparkThreadLocalCapturingHelper.runWithCaptured$(SparkThreadLocalForwardingThreadPoolExecutor.scala:95)
	at org.apache.spark.util.threads.SparkThreadLocalCapturingRunnable.runWithCaptured(SparkThreadLocalForwardingThreadPoolExecutor.scala:168)
	at org.apache.spark.util.threads.SparkThreadLocalCapturingRunnable.run(SparkThreadLocalForwardingThreadPoolExecutor.scala:171)
	at java.util.concurrent.ThreadPoolExecutor.runWorker(ThreadPoolExecutor.java:1136)
	at java.util.concurrent.ThreadPoolExecutor$Worker.run(ThreadPoolExecutor.java:635)
	at java.lang.Thread.run(Thread.java:840)
Traceback (most recent call last):
  File "/Workspace/Repos/gnavin478@gmail.com/Realtime-Transaction-Pipeline/pyspark_streaming/silver/silver_transform.py", line 98, in write_to_silver
    query.awaitTermination()
  File "/databricks/python/lib/python3.12/site-packages/pyspark/sql/connect/streaming/query.py", line 100, in awaitTermination
    self._execute_streaming_query_cmd(cmd)
  File "/databricks/python/lib/python3.12/site-packages/pyspark/sql/connect/streaming/query.py", line 188, in _execute_streaming_query_cmd
    (_, properties, _) = self._session.client.execute_command(exec_cmd)
                         ^^^^^^^^^^^^^^^^^^^^^^^^^^^^^^^^^^^^^^^^^^^^^^
  File "/databricks/python/lib/python3.12/site-packages/pyspark/sql/connect/client/core.py", line 1538, in execute_command
    data, _, metrics, observed_metrics, properties = self._execute_and_fetch(
                                                     ^^^^^^^^^^^^^^^^^^^^^^^^
  File "/databricks/python/lib/python3.12/site-packages/pyspark/sql/connect/client/core.py", line 2086, in _execute_and_fetch
    for response in self._execute_and_fetch_as_iterator(
  File "/databricks/python/lib/python3.12/site-packages/pyspark/sql/connect/client/core.py", line 2062, in _execute_and_fetch_as_iterator
    self._handle_error(error)
  File "/databricks/python/lib/python3.12/site-packages/pyspark/sql/connect/client/core.py", line 2380, in _handle_error
    self._handle_rpc_error(error)
  File "/databricks/python/lib/python3.12/site-packages/pyspark/sql/connect/client/core.py", line 2458, in _handle_rpc_error
    raise convert_exception(
pyspark.errors.exceptions.connect.StreamingQueryException: [STREAM_FAILED] Query [id = b38c02c5-8c0b-461a-bb40-69b37e8730c0, runId = 59ba8beb-1168-4b7f-b53d-a55c7376246e] terminated with exception: [DELTA_SOURCE_IGNORE_DELETE] Detected deleted data (for example part-00001-5d910f92-4b36-459a-9ced-a272bd6db59f.c000.zstd.parquet) from streaming source at version 3. This is currently not supported. If you'd like to ignore deletes, set the option 'ignoreDeletes' to 'true'. The source table can be found at path s3://dbstorage-prod-cpgdo/uc/3caf84d5-b3d7-4fa6-a0e4-69f50d7c5d27/8dbdb134-53db-41c4-a8c1-a01b8d04aacf/__unitystorage/catalogs/8af0af66-b28c-4b17-9c21-d4a5a323e3d0/tables/d20a61b9-3ce2-4323-a1ff-5970d0ec9b94. SQLSTATE: XXKST
=== Streaming Query ===
Identifier: [id = b38c02c5-8c0b-461a-bb40-69b37e8730c0, runId = 59ba8beb-1168-4b7f-b53d-a55c7376246e]
Current Start Offsets: {DeltaSource[s3://dbstorage-prod-cpgdo/uc/3caf84d5-b3d7-4fa6-a0e4-69f50d7c5d27/8dbdb134-53db-41c4-a8c1-a01b8d04aacf/__unitystorage/catalogs/8af0af66-b28c-4b17-9c21-d4a5a323e3d0/tables/d20a61b9-3ce2-4323-a1ff-5970d0ec9b94]: {"sourceVersion":1,"reservoirId":"7831103a-de04-4071-b217-57d8e3dd1f21","reservoirVersion":3,"index":-1,"isStartingVersion":false}}
Current End Offsets: {DeltaSource[s3://dbstorage-prod-cpgdo/uc/3caf84d5-b3d7-4fa6-a0e4-69f50d7c5d27/8dbdb134-53db-41c4-a8c1-a01b8d04aacf/__unitystorage/catalogs/8af0af66-b28c-4b17-9c21-d4a5a323e3d0/tables/d20a61b9-3ce2-4323-a1ff-5970d0ec9b94]: {"sourceVersion":1,"reservoirId":"7831103a-de04-4071-b217-57d8e3dd1f21","reservoirVersion":3,"index":-1,"isStartingVersion":false}}

Current State: ACTIVE
Thread State: RUNNABLE

Logical Plan:
~WriteToMicroBatchDataSourceV1 `workspace`.`default`.`silver_transactions`, DeltaSink[s3://dbstorage-prod-cpgdo/uc/3caf84d5-b3d7-4fa6-a0e4-69f50d7c5d27/8dbdb134-53db-41c4-a8c1-a01b8d04aacf/__unitystorage/catalogs/8af0af66-b28c-4b17-9c21-d4a5a323e3d0/tables/629bf959-540a-496d-8510-fd5f9c731b5d], b38c02c5-8c0b-461a-bb40-69b37e8730c0, [checkpointLocation=/Volumes/workspace/transaction_data_pipeline/silver/checkpoints/silver_transactions, path=s3://dbstorage-prod-cpgdo/uc/3caf84d5-b3d7-4fa6-a0e4-69f50d7c5d27/8dbdb134-53db-41c4-a8c1-a01b8d04aacf/__unitystorage/catalogs/8af0af66-b28c-4b17-9c21-d4a5a323e3d0/tables/629bf959-540a-496d-8510-fd5f9c731b5d], Append
+- ~Project [event_id#14439, transaction_id#14440, customer_id#14441, merchant_id#14442, product_id#14443, product_name#14478, quantity#14445, unit_price#14446, gross_amount#14447, discount_amount#14448, tax_amount#14449, net_amount#14450, payment_method#14480, city#14482, device_type#14484, event_type#14486, transaction_status#14488, event_time#14490, ingestion_time#14492, topic#14458, partition#14459, offset#14460L, kafka_timestamp#14461, currency#14502, exchange_rate#14463, ... 13 more fields]
   +- ~Project [event_id#14439, transaction_id#14440, customer_id#14441, merchant_id#14442, product_id#14443, product_name#14478, quantity#14445, unit_price#14446, gross_amount#14447, discount_amount#14448, tax_amount#14449, net_amount#14450, payment_method#14480, city#14482, device_type#14484, event_type#14486, transaction_status#14488, event_time#14490, ingestion_time#14492, topic#14458, partition#14459, offset#14460L, kafka_timestamp#14461, upper(trim(currency#14462, None)) AS currency#14502, exchange_rate#14463, ... 13 more fields]
      +- ~Project [event_id#14439, transaction_id#14440, customer_id#14441, merchant_id#14442, product_id#14443, product_name#14478, quantity#14445, unit_price#14446, gross_amount#14447, discount_amount#14448, tax_amount#14449, net_amount#14450, payment_method#14480, city#14482, device_type#14484, event_type#14486, transaction_status#14488, event_time#14490, ingestion_time#14492, topic#14458, partition#14459, offset#14460L, kafka_timestamp#14461, currency#14462, exchange_rate#14463, ... 13 more fields]
         +- ~Project [event_id#14439, transaction_id#14440, customer_id#14441, merchant_id#14442, product_id#14443, product_name#14478, quantity#14445, unit_price#14446, gross_amount#14447, discount_amount#14448, tax_amount#14449, net_amount#14450, payment_method#14480, city#14482, device_type#14484, event_type#14486, transaction_status#14488, event_time#14490, ingestion_time#14492, topic#14458, partition#14459, offset#14460L, kafka_timestamp#14461, currency#14462, exchange_rate#14463, ... 13 more fields]
            +- ~Project [event_id#14439, transaction_id#14440, customer_id#14441, merchant_id#14442, product_id#14443, product_name#14478, quantity#14445, unit_price#14446, gross_amount#14447, discount_amount#14448, tax_amount#14449, net_amount#14450, payment_method#14480, city#14482, device_type#14484, event_type#14486, transaction_status#14488, event_time#14490, ingestion_time#14492, topic#14458, partition#14459, offset#14460L, kafka_timestamp#14461, currency#14462, exchange_rate#14463, ... 13 more fields]
               +- ~Deduplicate [event_id#14439]
                  +- ~Project [event_id#14439, transaction_id#14440, customer_id#14441, merchant_id#14442, product_id#14443, product_name#14478, quantity#14445, unit_price#14446, gross_amount#14447, discount_amount#14448, tax_amount#14449, net_amount#14450, payment_method#14480, city#14482, device_type#14484, event_type#14486, transaction_status#14488, event_time#14490, ingestion_time#14492, topic#14458, partition#14459, offset#14460L, kafka_timestamp#14461, currency#14462, exchange_rate#14463, ... 13 more fields]
                     +- ~Project [event_id#14439, transaction_id#14440, customer_id#14441, merchant_id#14442, product_id#14443, product_name#14478, quantity#14445, unit_price#14446, gross_amount#14447, discount_amount#14448, tax_amount#14449, net_amount#14450, payment_method#14480, city#14482, device_type#14484, event_type#14486, transaction_status#14488, event_time#14490, to_timestamp(ingestion_time#14457, None, TimestampType, Some(Etc/UTC), true) AS ingestion_time#14492, topic#14458, partition#14459, offset#14460L, kafka_timestamp#14461, currency#14462, exchange_rate#14463, ... 12 more fields]
                        +- ~Project [event_id#14439, transaction_id#14440, customer_id#14441, merchant_id#14442, product_id#14443, product_name#14478, quantity#14445, unit_price#14446, gross_amount#14447, discount_amount#14448, tax_amount#14449, net_amount#14450, payment_method#14480, city#14482, device_type#14484, event_type#14486, transaction_status#14488, to_timestamp(event_time#14456, None, TimestampType, Some(Etc/UTC), true) AS event_time#14490, ingestion_time#14457, topic#14458, partition#14459, offset#14460L, kafka_timestamp#14461, currency#14462, exchange_rate#14463, ... 12 more fields]
                           +- ~Project [event_id#14439, transaction_id#14440, customer_id#14441, merchant_id#14442, product_id#14443, product_name#14478, quantity#14445, unit_price#14446, gross_amount#14447, discount_amount#14448, tax_amount#14449, net_amount#14450, payment_method#14480, city#14482, device_type#14484, event_type#14486, upper(trim(transaction_status#14455, None)) AS transaction_status#14488, event_time#14456, ingestion_time#14457, topic#14458, partition#14459, offset#14460L, kafka_timestamp#14461, currency#14462, exchange_rate#14463, ... 12 more fields]
                              +- ~Project [event_id#14439, transaction_id#14440, customer_id#14441, merchant_id#14442, product_id#14443, product_name#14478, quantity#14445, unit_price#14446, gross_amount#14447, discount_amount#14448, tax_amount#14449, net_amount#14450, payment_method#14480, city#14482, device_type#14484, upper(trim(event_type#14454, None)) AS event_type#14486, transaction_status#14455, event_time#14456, ingestion_time#14457, topic#14458, partition#14459, offset#14460L, kafka_timestamp#14461, currency#14462, exchange_rate#14463, ... 12 more fields]
                                 +- ~Project [event_id#14439, transaction_id#14440, customer_id#14441, merchant_id#14442, product_id#14443, product_name#14478, quantity#14445, unit_price#14446, gross_amount#14447, discount_amount#14448, tax_amount#14449, net_amount#14450, payment_method#14480, city#14482, upper(trim(device_type#14453, None)) AS device_type#14484, event_type#14454, transaction_status#14455, event_time#14456, ingestion_time#14457, topic#14458, partition#14459, offset#14460L, kafka_timestamp#14461, currency#14462, exchange_rate#14463, ... 12 more fields]
                                    +- ~Project [event_id#14439, transaction_id#14440, customer_id#14441, merchant_id#14442, product_id#14443, product_name#14478, quantity#14445, unit_price#14446, gross_amount#14447, discount_amount#14448, tax_amount#14449, net_amount#14450, payment_method#14480, trim(city#14452, None) AS city#14482, device_type#14453, event_type#14454, transaction_status#14455, event_time#14456, ingestion_time#14457, topic#14458, partition#14459, offset#14460L, kafka_timestamp#14461, currency#14462, exchange_rate#14463, ... 12 more fields]
                                       +- ~Project [event_id#14439, transaction_id#14440, customer_id#14441, merchant_id#14442, product_id#14443, product_name#14478, quantity#14445, unit_price#14446, gross_amount#14447, discount_amount#14448, tax_amount#14449, net_amount#14450, upper(trim(payment_method#14451, None)) AS payment_method#14480, city#14452, device_type#14453, event_type#14454, transaction_status#14455, event_time#14456, ingestion_time#14457, topic#14458, partition#14459, offset#14460L, kafka_timestamp#14461, currency#14462, exchange_rate#14463, ... 12 more fields]
                                          +- ~Project [event_id#14439, transaction_id#14440, customer_id#14441, merchant_id#14442, product_id#14443, trim(product_name#14444, None) AS product_name#14478, quantity#14445, unit_price#14446, gross_amount#14447, discount_amount#14448, tax_amount#14449, net_amount#14450, payment_method#14451, city#14452, device_type#14453, event_type#14454, transaction_status#14455, event_time#14456, ingestion_time#14457, topic#14458, partition#14459, offset#14460L, kafka_timestamp#14461, currency#14462, exchange_rate#14463, ... 12 more fields]
                                             +- ~Filter (isnull(tax_amount#14449) OR (tax_amount#14449 >= cast(0 as double)))
                                                +- ~Filter (isnull(discount_amount#14448) OR (discount_amount#14448 >= cast(0 as double)))
                                                   +- ~Filter (net_amount#14450 >= cast(0 as double))
                                                      +- ~Filter (gross_amount#14447 >= cast(0 as double))
                                                         +- ~Filter (unit_price#14446 > cast(0 as double))
                                                            +- ~Filter (quantity#14445 > 0)
                                                               +- ~Filter isnotnull(event_time#14456)
                                                                  +- ~Filter isnotnull(city#14452)
                                                                     +- ~Filter isnotnull(payment_method#14451)
                                                                        +- ~Filter isnotnull(net_amount#14450)
                                                                           +- ~Filter isnotnull(gross_amount#14447)
                                                                              +- ~Filter isnotnull(unit_price#14446)
                                                                                 +- ~Filter isnotnull(quantity#14445)
                                                                                    +- ~Filter isnotnull(product_name#14444)
                                                                                       +- ~Filter isnotnull(product_id#14443)
                                                                                          +- ~Filter isnotnull(merchant_id#14442)
                                                                                             +- ~Filter isnotnull(customer_id#14441)
                                                                                                +- ~Filter isnotnull(transaction_id#14440)
                                                                                                   +- ~Filter isnotnull(event_id#14439)
                                                                                                      +- ~StreamingExecutionRelation DeltaSource[s3://dbstorage-prod-cpgdo/uc/3caf84d5-b3d7-4fa6-a0e4-69f50d7c5d27/8dbdb134-53db-41c4-a8c1-a01b8d04aacf/__unitystorage/catalogs/8af0af66-b28c-4b17-9c21-d4a5a323e3d0/tables/d20a61b9-3ce2-4323-a1ff-5970d0ec9b94], [event_id#14439, transaction_id#14440, customer_id#14441, merchant_id#14442, product_id#14443, product_name#14444, quantity#14445, unit_price#14446, gross_amount#14447, discount_amount#14448, tax_amount#14449, net_amount#14450, payment_method#14451, city#14452, device_type#14453, event_type#14454, transaction_status#14455, event_time#14456, ingestion_time#14457, topic#14458, partition#14459, offset#14460L, kafka_timestamp#14461, currency#14462, exchange_rate#14463, ... 12 more fields], `workspace`.`default`.`bronze_transactions`, name=<Unassigned>


Physical Plan: not available

JVM stacktrace:
org.apache.spark.sql.streaming.StreamingQueryException
	at org.apache.spark.sql.execution.streaming.runtime.StreamExecution.$anonfun$runStream$1(StreamExecution.scala:589)
	at scala.runtime.java8.JFunction0$mcV$sp.apply(JFunction0$mcV$sp.scala:18)
	at com.databricks.logging.AttributionContextTracing.$anonfun$withAttributionContext$1(AttributionContextTracing.scala:147)
	at com.databricks.logging.AttributionContext$.$anonfun$withValue$1(AttributionContext.scala:349)
	at scala.util.DynamicVariable.withValue(DynamicVariable.scala:59)
	at com.databricks.logging.AttributionContext$.withValue(AttributionContext.scala:345)
	at com.databricks.logging.AttributionContextTracing.withAttributionContext(AttributionContextTracing.scala:145)
	at com.databricks.logging.AttributionContextTracing.withAttributionContext$(AttributionContextTracing.scala:142)
	at com.databricks.spark.util.PublicDBLogging.withAttributionContext(DatabricksSparkUsageLogger.scala:29)
	at com.databricks.logging.AttributionContextTracing.withAttributionTags(AttributionContextTracing.scala:202)
	at com.databricks.logging.AttributionContextTracing.withAttributionTags$(AttributionContextTracing.scala:183)
	at com.databricks.spark.util.PublicDBLogging.withAttributionTags(DatabricksSparkUsageLogger.scala:29)
	at com.databricks.spark.util.PublicDBLogging.withAttributionTags0(DatabricksSparkUsageLogger.scala:108)
	at com.databricks.spark.util.DatabricksSparkUsageLogger.withAttributionTags(DatabricksSparkUsageLogger.scala:215)
	at com.databricks.spark.util.UsageLogging.$anonfun$withAttributionTags$1(UsageLogger.scala:668)
	at com.databricks.spark.util.UsageLogging$.withAttributionTags(UsageLogger.scala:780)
	at com.databricks.spark.util.UsageLogging$.withAttributionTags(UsageLogger.scala:789)
	at com.databricks.spark.util.UsageLogging.withAttributionTags(UsageLogger.scala:668)
	at com.databricks.spark.util.UsageLogging.withAttributionTags$(UsageLogger.scala:666)
	at org.apache.spark.sql.execution.streaming.runtime.StreamExecution.withAttributionTags(StreamExecution.scala:96)
	at org.apache.spark.sql.execution.streaming.runtime.StreamExecution.org$apache$spark$sql$execution$streaming$runtime$StreamExecution$$runStream(StreamExecution.scala:386)
	at org.apache.spark.sql.execution.streaming.runtime.StreamExecution$$anon$1.$anonfun$run$2(StreamExecution.scala:305)
	at scala.runtime.java8.JFunction0$mcV$sp.apply(JFunction0$mcV$sp.scala:18)
	at com.databricks.unity.UCSEphemeralState$Handle.runWith(UCSEphemeralState.scala:51)
	at com.databricks.unity.HandleImpl.runWith(UCSHandle.scala:104)
	at com.databricks.unity.HandleImpl.$anonfun$runWithAndClose$1(UCSHandle.scala:109)
	at scala.util.Using$.resource(Using.scala:296)
	at com.databricks.unity.HandleImpl.runWithAndClose(UCSHandle.scala:108)
	at org.apache.spark.sql.execution.streaming.runtime.StreamExecution$$anon$1.run(StreamExecution.scala:305)
Caused by: com.databricks.sql.transaction.tahoe.DeltaUnsupportedOperationException: [DELTA_SOURCE_IGNORE_DELETE] Detected deleted data (for example part-00001-5d910f92-4b36-459a-9ced-a272bd6db59f.c000.zstd.parquet) from streaming source at version 3. This is currently not supported. If you'd like to ignore deletes, set the option 'ignoreDeletes' to 'true'. The source table can be found at path s3://dbstorage-prod-cpgdo/uc/3caf84d5-b3d7-4fa6-a0e4-69f50d7c5d27/8dbdb134-53db-41c4-a8c1-a01b8d04aacf/__unitystorage/catalogs/8af0af66-b28c-4b17-9c21-d4a5a323e3d0/tables/d20a61b9-3ce2-4323-a1ff-5970d0ec9b94.
	at com.databricks.sql.transaction.tahoe.DeltaErrorsBase.deltaSourceIgnoreDeleteError(DeltaErrors.scala:194)
	at com.databricks.sql.transaction.tahoe.DeltaErrorsBase.deltaSourceIgnoreDeleteError$(DeltaErrors.scala:188)
	at com.databricks.sql.transaction.tahoe.DeltaErrors$.deltaSourceIgnoreDeleteError(DeltaErrors.scala:4306)
	at com.databricks.sql.transaction.tahoe.sources.DeltaSource.validateCommitAndDecideSkipping(DeltaSource.scala:1581)
	at com.databricks.sql.transaction.tahoe.sources.DeltaSource.$anonfun$getFileChanges$9(DeltaSource.scala:1085)
	at com.databricks.sql.transaction.tahoe.storage.ClosableIterator.processAndClose(ClosableIterator.scala:43)
	at com.databricks.sql.transaction.tahoe.storage.ClosableIterator.processAndClose$(ClosableIterator.scala:41)
	at com.databricks.sql.transaction.tahoe.sources.DeltaSource$$anon$4.processAndClose(DeltaSource.scala:2126)
	at com.databricks.sql.transaction.tahoe.sources.DeltaSource.fParallel$1(DeltaSource.scala:1081)
	at com.databricks.sql.transaction.tahoe.sources.DeltaSource.$anonfun$getFileChanges$11(DeltaSource.scala:1112)
	at com.databricks.sql.transaction.tahoe.storage.ClosableIterator$IteratorFlatMapBatchWithCloseOp$$anon$3.$anonfun$getNextBatch$2(ClosableIterator.scala:143)
	at scala.concurrent.Future$.$anonfun$apply$1(Future.scala:687)
	at scala.concurrent.impl.Promise$Transformation.run(Promise.scala:467)
	at org.apache.spark.util.threads.SparkThreadLocalCapturingRunnable.$anonfun$run$1(SparkThreadLocalForwardingThreadPoolExecutor.scala:171)
	at scala.runtime.java8.JFunction0$mcV$sp.apply(JFunction0$mcV$sp.scala:18)
	at com.databricks.spark.util.DBRTracing$.withSpanFromParent(DBRTracing.scala:70)
	at org.apache.spark.util.threads.SparkThreadLocalCapturingHelper.$anonfun$runWithCaptured$7(SparkThreadLocalForwardingThreadPoolExecutor.scala:124)
	at com.databricks.util.LexicalThreadLocal$Handle.runWith(LexicalThreadLocal.scala:63)
	at org.apache.spark.util.threads.SparkThreadLocalCapturingHelper.$anonfun$runWithCaptured$6(SparkThreadLocalForwardingThreadPoolExecutor.scala:123)
	at com.databricks.sql.transaction.tahoe.mst.MSTThreadHelper$.runWithMSTContext(MSTThreadHelper.scala:60)
	at org.apache.spark.util.threads.SparkThreadLocalCapturingHelper.$anonfun$runWithCaptured$5(SparkThreadLocalForwardingThreadPoolExecutor.scala:120)
	at com.databricks.spark.util.IdentityClaim$.withClaim(IdentityClaim.scala:48)
	at org.apache.spark.util.threads.SparkThreadLocalCapturingHelper.$anonfun$runWithCaptured$4(SparkThreadLocalForwardingThreadPoolExecutor.scala:119)
	at com.databricks.unity.UCSEphemeralState$Handle.runWith(UCSEphemeralState.scala:51)
	at org.apache.spark.util.threads.SparkThreadLocalCapturingHelper.runWithCaptured(SparkThreadLocalForwardingThreadPoolExecutor.scala:118)
	at org.apache.spark.util.threads.SparkThreadLocalCapturingHelper.runWithCaptured$(SparkThreadLocalForwardingThreadPoolExecutor.scala:95)
	at org.apache.spark.util.threads.SparkThreadLocalCapturingRunnable.runWithCaptured(SparkThreadLocalForwardingThreadPoolExecutor.scala:168)
	at org.apache.spark.util.threads.SparkThreadLocalCapturingRunnable.run(SparkThreadLocalForwardingThreadPoolExecutor.scala:171)
	at java.util.concurrent.ThreadPoolExecutor.runWorker(ThreadPoolExecutor.java:1136)
	at java.util.concurrent.ThreadPoolExecutor$Worker.run(ThreadPoolExecutor.java:635)
	at java.lang.Thread.run(Thread.java:840)
2026-04-11 19:52:10,128 | pyspark_streaming/silver | INFO | Creating Spark session for Silver layer
2026-04-11 19:52:10,130 | pyspark_streaming/silver | INFO | Spark session created successfully
2026-04-11 19:52:10,130 | pyspark_streaming/silver | INFO | Reading data from Bronze layer
2026-04-11 19:52:10,131 | pyspark_streaming/silver | INFO | Data read successfully from Bronze layer
2026-04-11 19:52:10,132 | pyspark_streaming/silver | INFO | Transforming data for Silver layer
2026-04-11 19:52:10,135 | pyspark_streaming/silver | INFO | Transformation Completed Successfully
2026-04-11 19:52:10,136 | pyspark_streaming/silver | INFO | Writing data to Silver layer
2026-04-11 19:52:11,503 | pyspark_streaming/silver | INFO | Silver streaming query started successfully
2026-04-11 19:52:15,422 | pyspark_streaming/silver | ERROR | Error writing data to Silver layer: [STREAM_FAILED] Query [id = b38c02c5-8c0b-461a-bb40-69b37e8730c0, runId = 621cb451-43f1-42f9-ac37-9c75fbcf7447] terminated with exception: [DELTA_METADATA_MISMATCH] A metadata mismatch was detected when writing to the Delta table.
- A schema mismatch detected when writing to the Delta table (Table ID: 03c19400-e115-4bb3-b045-41ec6437b27f).
To enable schema migration using DataFrameWriter or DataStreamWriter, please set: '.option("mergeSchema", "true")'.
For other operations, set the session configuration spark.databricks.delta.schema.autoMerge.enabled to "true". See the documentation specific to the operation for details.

Table schema:
root
 |-- event_id: string (nullable = true)
 |-- transaction_id: string (nullable = true)
 |-- customer_id: integer (nullable = true)
 |-- merchant_id: integer (nullable = true)
 |-- product_id: integer (nullable = true)
 |-- product_name: string (nullable = true)
 |-- quantity: integer (nullable = true)
 |-- unit_price: double (nullable = true)
 |-- gross_amount: double (nullable = true)
 |-- discount_amount: double (nullable = true)
 |-- tax_amount: double (nullable = true)
 |-- net_amount: double (nullable = true)
 |-- payment_method: string (nullable = true)
 |-- city: string (nullable = true)
 |-- device_type: string (nullable = true)
 |-- event_type: string (nullable = true)
 |-- transaction_status: string (nullable = true)
 |-- event_time: timestamp (nullable = true)
 |-- ingestion_time: timestamp (nullable = true)
 |-- topic: string (nullable = true)
 |-- partition: integer (nullable = true)
 |-- offset: long (nullable = true)
 |-- kafka_timestamp: timestamp (nullable = true)
 |-- processed_at: timestamp (nullable = true)


Data schema:
root
 |-- event_id: string (nullable = true)
 |-- transaction_id: string (nullable = true)
 |-- customer_id: integer (nullable = true)
 |-- merchant_id: integer (nullable = true)
 |-- product_id: integer (nullable = true)
 |-- product_name: string (nullable = true)
 |-- quantity: integer (nullable = true)
 |-- unit_price: double (nullable = true)
 |-- gross_amount: double (nullable = true)
 |-- discount_amount: double (nullable = true)
 |-- tax_amount: double (nullable = true)
 |-- net_amount: double (nullable = true)
 |-- payment_method: string (nullable = true)
 |-- city: string (nullable = true)
 |-- device_type: string (nullable = true)
 |-- event_type: string (nullable = true)
 |-- transaction_status: string (nullable = true)
 |-- event_time: timestamp (nullable = true)
 |-- ingestion_time: timestamp (nullable = true)
 |-- topic: string (nullable = true)
 |-- partition: integer (nullable = true)
 |-- offset: long (nullable = true)
 |-- kafka_timestamp: timestamp (nullable = true)
 |-- processed_at: timestamp (nullable = true)
 |-- currency: string (nullable = true)
 |-- exchange_rate: double (nullable = true)
 |-- profit_amount: double (nullable = true)
 |-- cost_price: double (nullable = true)
 |-- order_status: string (nullable = true)
 |-- payment_status: string (nullable = true)
 |-- delivery_status: string (nullable = true)
 |-- refund_amount: double (nullable = true)
 |-- customer_segment: string (nullable = true)
 |-- is_first_purchase: string (nullable = true)
 |-- session_id: string (nullable = true)
 |-- state: string (nullable = true)
 |-- country: string (nullable = true)
 |-- zip_code: string (nullable = true)


- Table ACLs are enabled in this cluster, so automatic schema migration is not allowed. Please use the ALTER TABLE command for changing the schema. SQLSTATE: XXKST
=== Streaming Query ===
Identifier: [id = b38c02c5-8c0b-461a-bb40-69b37e8730c0, runId = 621cb451-43f1-42f9-ac37-9c75fbcf7447]
Current Start Offsets: {DeltaSource[s3://dbstorage-prod-cpgdo/uc/3caf84d5-b3d7-4fa6-a0e4-69f50d7c5d27/8dbdb134-53db-41c4-a8c1-a01b8d04aacf/__unitystorage/catalogs/8af0af66-b28c-4b17-9c21-d4a5a323e3d0/tables/d20a61b9-3ce2-4323-a1ff-5970d0ec9b94]: {"sourceVersion":1,"reservoirId":"7831103a-de04-4071-b217-57d8e3dd1f21","reservoirVersion":6,"index":-1,"isStartingVersion":false}}
Current End Offsets: {DeltaSource[s3://dbstorage-prod-cpgdo/uc/3caf84d5-b3d7-4fa6-a0e4-69f50d7c5d27/8dbdb134-53db-41c4-a8c1-a01b8d04aacf/__unitystorage/catalogs/8af0af66-b28c-4b17-9c21-d4a5a323e3d0/tables/d20a61b9-3ce2-4323-a1ff-5970d0ec9b94]: {"sourceVersion":1,"reservoirId":"7831103a-de04-4071-b217-57d8e3dd1f21","reservoirVersion":6,"index":-1,"isStartingVersion":false}}

Current State: ACTIVE
Thread State: RUNNABLE

Logical Plan:
~WriteToMicroBatchDataSourceV1 `workspace`.`default`.`silver_transactions`, DeltaSink[s3://dbstorage-prod-cpgdo/uc/3caf84d5-b3d7-4fa6-a0e4-69f50d7c5d27/8dbdb134-53db-41c4-a8c1-a01b8d04aacf/__unitystorage/catalogs/8af0af66-b28c-4b17-9c21-d4a5a323e3d0/tables/629bf959-540a-496d-8510-fd5f9c731b5d], b38c02c5-8c0b-461a-bb40-69b37e8730c0, [checkpointLocation=/Volumes/workspace/transaction_data_pipeline/silver/checkpoints/silver_transactions, path=s3://dbstorage-prod-cpgdo/uc/3caf84d5-b3d7-4fa6-a0e4-69f50d7c5d27/8dbdb134-53db-41c4-a8c1-a01b8d04aacf/__unitystorage/catalogs/8af0af66-b28c-4b17-9c21-d4a5a323e3d0/tables/629bf959-540a-496d-8510-fd5f9c731b5d], Append
+- ~Project [event_id#14790, transaction_id#14791, customer_id#14792, merchant_id#14793, product_id#14794, product_name#14829, quantity#14796, unit_price#14797, gross_amount#14798, discount_amount#14799, tax_amount#14800, net_amount#14801, payment_method#14831, city#14833, device_type#14835, event_type#14837, transaction_status#14839, event_time#14841, ingestion_time#14843, topic#14809, partition#14810, offset#14811L, kafka_timestamp#14812, currency#14853, exchange_rate#14814, ... 13 more fields]
   +- ~Project [event_id#14790, transaction_id#14791, customer_id#14792, merchant_id#14793, product_id#14794, product_name#14829, quantity#14796, unit_price#14797, gross_amount#14798, discount_amount#14799, tax_amount#14800, net_amount#14801, payment_method#14831, city#14833, device_type#14835, event_type#14837, transaction_status#14839, event_time#14841, ingestion_time#14843, topic#14809, partition#14810, offset#14811L, kafka_timestamp#14812, upper(trim(currency#14813, None)) AS currency#14853, exchange_rate#14814, ... 13 more fields]
      +- ~Project [event_id#14790, transaction_id#14791, customer_id#14792, merchant_id#14793, product_id#14794, product_name#14829, quantity#14796, unit_price#14797, gross_amount#14798, discount_amount#14799, tax_amount#14800, net_amount#14801, payment_method#14831, city#14833, device_type#14835, event_type#14837, transaction_status#14839, event_time#14841, ingestion_time#14843, topic#14809, partition#14810, offset#14811L, kafka_timestamp#14812, currency#14813, exchange_rate#14814, ... 13 more fields]
         +- ~Project [event_id#14790, transaction_id#14791, customer_id#14792, merchant_id#14793, product_id#14794, product_name#14829, quantity#14796, unit_price#14797, gross_amount#14798, discount_amount#14799, tax_amount#14800, net_amount#14801, payment_method#14831, city#14833, device_type#14835, event_type#14837, transaction_status#14839, event_time#14841, ingestion_time#14843, topic#14809, partition#14810, offset#14811L, kafka_timestamp#14812, currency#14813, exchange_rate#14814, ... 13 more fields]
            +- ~Project [event_id#14790, transaction_id#14791, customer_id#14792, merchant_id#14793, product_id#14794, product_name#14829, quantity#14796, unit_price#14797, gross_amount#14798, discount_amount#14799, tax_amount#14800, net_amount#14801, payment_method#14831, city#14833, device_type#14835, event_type#14837, transaction_status#14839, event_time#14841, ingestion_time#14843, topic#14809, partition#14810, offset#14811L, kafka_timestamp#14812, currency#14813, exchange_rate#14814, ... 13 more fields]
               +- ~Deduplicate [event_id#14790]
                  +- ~Project [event_id#14790, transaction_id#14791, customer_id#14792, merchant_id#14793, product_id#14794, product_name#14829, quantity#14796, unit_price#14797, gross_amount#14798, discount_amount#14799, tax_amount#14800, net_amount#14801, payment_method#14831, city#14833, device_type#14835, event_type#14837, transaction_status#14839, event_time#14841, ingestion_time#14843, topic#14809, partition#14810, offset#14811L, kafka_timestamp#14812, currency#14813, exchange_rate#14814, ... 13 more fields]
                     +- ~Project [event_id#14790, transaction_id#14791, customer_id#14792, merchant_id#14793, product_id#14794, product_name#14829, quantity#14796, unit_price#14797, gross_amount#14798, discount_amount#14799, tax_amount#14800, net_amount#14801, payment_method#14831, city#14833, device_type#14835, event_type#14837, transaction_status#14839, event_time#14841, to_timestamp(ingestion_time#14808, None, TimestampType, Some(Etc/UTC), true) AS ingestion_time#14843, topic#14809, partition#14810, offset#14811L, kafka_timestamp#14812, currency#14813, exchange_rate#14814, ... 12 more fields]
                        +- ~Project [event_id#14790, transaction_id#14791, customer_id#14792, merchant_id#14793, product_id#14794, product_name#14829, quantity#14796, unit_price#14797, gross_amount#14798, discount_amount#14799, tax_amount#14800, net_amount#14801, payment_method#14831, city#14833, device_type#14835, event_type#14837, transaction_status#14839, to_timestamp(event_time#14807, None, TimestampType, Some(Etc/UTC), true) AS event_time#14841, ingestion_time#14808, topic#14809, partition#14810, offset#14811L, kafka_timestamp#14812, currency#14813, exchange_rate#14814, ... 12 more fields]
                           +- ~Project [event_id#14790, transaction_id#14791, customer_id#14792, merchant_id#14793, product_id#14794, product_name#14829, quantity#14796, unit_price#14797, gross_amount#14798, discount_amount#14799, tax_amount#14800, net_amount#14801, payment_method#14831, city#14833, device_type#14835, event_type#14837, upper(trim(transaction_status#14806, None)) AS transaction_status#14839, event_time#14807, ingestion_time#14808, topic#14809, partition#14810, offset#14811L, kafka_timestamp#14812, currency#14813, exchange_rate#14814, ... 12 more fields]
                              +- ~Project [event_id#14790, transaction_id#14791, customer_id#14792, merchant_id#14793, product_id#14794, product_name#14829, quantity#14796, unit_price#14797, gross_amount#14798, discount_amount#14799, tax_amount#14800, net_amount#14801, payment_method#14831, city#14833, device_type#14835, upper(trim(event_type#14805, None)) AS event_type#14837, transaction_status#14806, event_time#14807, ingestion_time#14808, topic#14809, partition#14810, offset#14811L, kafka_timestamp#14812, currency#14813, exchange_rate#14814, ... 12 more fields]
                                 +- ~Project [event_id#14790, transaction_id#14791, customer_id#14792, merchant_id#14793, product_id#14794, product_name#14829, quantity#14796, unit_price#14797, gross_amount#14798, discount_amount#14799, tax_amount#14800, net_amount#14801, payment_method#14831, city#14833, upper(trim(device_type#14804, None)) AS device_type#14835, event_type#14805, transaction_status#14806, event_time#14807, ingestion_time#14808, topic#14809, partition#14810, offset#14811L, kafka_timestamp#14812, currency#14813, exchange_rate#14814, ... 12 more fields]
                                    +- ~Project [event_id#14790, transaction_id#14791, customer_id#14792, merchant_id#14793, product_id#14794, product_name#14829, quantity#14796, unit_price#14797, gross_amount#14798, discount_amount#14799, tax_amount#14800, net_amount#14801, payment_method#14831, trim(city#14803, None) AS city#14833, device_type#14804, event_type#14805, transaction_status#14806, event_time#14807, ingestion_time#14808, topic#14809, partition#14810, offset#14811L, kafka_timestamp#14812, currency#14813, exchange_rate#14814, ... 12 more fields]
                                       +- ~Project [event_id#14790, transaction_id#14791, customer_id#14792, merchant_id#14793, product_id#14794, product_name#14829, quantity#14796, unit_price#14797, gross_amount#14798, discount_amount#14799, tax_amount#14800, net_amount#14801, upper(trim(payment_method#14802, None)) AS payment_method#14831, city#14803, device_type#14804, event_type#14805, transaction_status#14806, event_time#14807, ingestion_time#14808, topic#14809, partition#14810, offset#14811L, kafka_timestamp#14812, currency#14813, exchange_rate#14814, ... 12 more fields]
                                          +- ~Project [event_id#14790, transaction_id#14791, customer_id#14792, merchant_id#14793, product_id#14794, trim(product_name#14795, None) AS product_name#14829, quantity#14796, unit_price#14797, gross_amount#14798, discount_amount#14799, tax_amount#14800, net_amount#14801, payment_method#14802, city#14803, device_type#14804, event_type#14805, transaction_status#14806, event_time#14807, ingestion_time#14808, topic#14809, partition#14810, offset#14811L, kafka_timestamp#14812, currency#14813, exchange_rate#14814, ... 12 more fields]
                                             +- ~Filter (isnull(tax_amount#14800) OR (tax_amount#14800 >= cast(0 as double)))
                                                +- ~Filter (isnull(discount_amount#14799) OR (discount_amount#14799 >= cast(0 as double)))
                                                   +- ~Filter (net_amount#14801 >= cast(0 as double))
                                                      +- ~Filter (gross_amount#14798 >= cast(0 as double))
                                                         +- ~Filter (unit_price#14797 > cast(0 as double))
                                                            +- ~Filter (quantity#14796 > 0)
                                                               +- ~Filter isnotnull(event_time#14807)
                                                                  +- ~Filter isnotnull(city#14803)
                                                                     +- ~Filter isnotnull(payment_method#14802)
                                                                        +- ~Filter isnotnull(net_amount#14801)
                                                                           +- ~Filter isnotnull(gross_amount#14798)
                                                                              +- ~Filter isnotnull(unit_price#14797)
                                                                                 +- ~Filter isnotnull(quantity#14796)
                                                                                    +- ~Filter isnotnull(product_name#14795)
                                                                                       +- ~Filter isnotnull(product_id#14794)
                                                                                          +- ~Filter isnotnull(merchant_id#14793)
                                                                                             +- ~Filter isnotnull(customer_id#14792)
                                                                                                +- ~Filter isnotnull(transaction_id#14791)
                                                                                                   +- ~Filter isnotnull(event_id#14790)
                                                                                                      +- ~StreamingExecutionRelation DeltaSource[s3://dbstorage-prod-cpgdo/uc/3caf84d5-b3d7-4fa6-a0e4-69f50d7c5d27/8dbdb134-53db-41c4-a8c1-a01b8d04aacf/__unitystorage/catalogs/8af0af66-b28c-4b17-9c21-d4a5a323e3d0/tables/d20a61b9-3ce2-4323-a1ff-5970d0ec9b94], [event_id#14790, transaction_id#14791, customer_id#14792, merchant_id#14793, product_id#14794, product_name#14795, quantity#14796, unit_price#14797, gross_amount#14798, discount_amount#14799, tax_amount#14800, net_amount#14801, payment_method#14802, city#14803, device_type#14804, event_type#14805, transaction_status#14806, event_time#14807, ingestion_time#14808, topic#14809, partition#14810, offset#14811L, kafka_timestamp#14812, currency#14813, exchange_rate#14814, ... 12 more fields], `workspace`.`default`.`bronze_transactions`, name=<Unassigned>


Physical Plan:
*(2) Project [event_id#15066, transaction_id#15067, customer_id#15068, merchant_id#15069, product_id#15070, product_name#14829, quantity#15072, unit_price#15073, gross_amount#15074, discount_amount#15075, tax_amount#15076, net_amount#15077, payment_method#14831, city#14833, device_type#14835, event_type#14837, transaction_status#14839, event_time#14841, ingestion_time#14843, topic#15085, partition#15086, offset#15087L, kafka_timestamp#15088, upper(trim(currency#15089, None)) AS currency#14853, exchange_rate#15090, ... 13 more fields]
+- StreamingDeduplicate [event_id#15066], 1, state info [ checkpoint = dbfs:/Volumes/workspace/transaction_data_pipeline/silver/checkpoints/silver_transactions/state, runId = 621cb451-43f1-42f9-ac37-9c75fbcf7447, opId = 0, ver = 1, numPartitions = 200] stateStoreCkptIds = None, 0, 0, true
   +- *(1) ColumnarToRow
      +- PhotonResultStage
         +- PhotonShuffleExchangeSource
            +- PhotonShuffleMapStage REQUIRED_BY_STATEFUL_OPERATOR, [id=#7741]
               +- PhotonShuffleExchangeSink hashpartitioning(event_id#15066, 200)
                  +- PhotonProject [event_id#15066, transaction_id#15067, customer_id#15068, merchant_id#15069, product_id#15070, trim(product_name#15071, None) AS product_name#14829, quantity#15072, unit_price#15073, gross_amount#15074, discount_amount#15075, tax_amount#15076, net_amount#15077, upper(trim(payment_method#15078, None)) AS payment_method#14831, trim(city#15079, None) AS city#14833, upper(trim(device_type#15080, None)) AS device_type#14835, upper(trim(event_type#15081, None)) AS event_type#14837, upper(trim(transaction_status#15082, None)) AS transaction_status#14839, cast(event_time#15083 as timestamp) AS event_time#14841, cast(ingestion_time#15084 as timestamp) AS ingestion_time#14843, topic#15085, partition#15086, offset#15087L, kafka_timestamp#15088, currency#15089, exchange_rate#15090, ... 12 more fields]
                     +- PhotonScan parquet workspace.default.bronze_transactions[event_id#15066,transaction_id#15067,customer_id#15068,merchant_id#15069,product_id#15070,product_name#15071,quantity#15072,unit_price#15073,gross_amount#15074,discount_amount#15075,tax_amount#15076,net_amount#15077,payment_method#15078,city#15079,device_type#15080,event_type#15081,transaction_status#15082,event_time#15083,ingestion_time#15084,topic#15085,partition#15086,offset#15087L,kafka_timestamp#15088,currency#15089,exchange_rate#15090,... 11 more fields] DataFilters: [isnotnull(customer_id#15068), isnotnull(merchant_id#15069), isnotnull(product_id#15070), isnotnu..., DictionaryFilters: [(unit_price#15073 > 0.0), (quantity#15072 > 0), (net_amount#15077 >= 0.0), (gross_amount#15074 >..., Format: parquet, Location: TahoeBatchFileIndex(1 paths)[s3://dbstorage-prod-cpgdo/uc/3caf84d5-b3d7-4fa6-a0e4-69f50d7c5d27/8d..., OptionalDataFilters: [], PartitionFilters: [], ReadSchema: struct<event_id:string,transaction_id:string,customer_id:int,merchant_id:int,product_id:int,produ..., RequiredDataFilters: [isnotnull(customer_id#15068), isnotnull(merchant_id#15069), isnotnull(product_id#15070), isnotnu...


JVM stacktrace:
org.apache.spark.sql.streaming.StreamingQueryException
	at org.apache.spark.sql.execution.streaming.runtime.StreamExecution.$anonfun$runStream$1(StreamExecution.scala:589)
	at scala.runtime.java8.JFunction0$mcV$sp.apply(JFunction0$mcV$sp.scala:18)
	at com.databricks.logging.AttributionContextTracing.$anonfun$withAttributionContext$1(AttributionContextTracing.scala:147)
	at com.databricks.logging.AttributionContext$.$anonfun$withValue$1(AttributionContext.scala:349)
	at scala.util.DynamicVariable.withValue(DynamicVariable.scala:59)
	at com.databricks.logging.AttributionContext$.withValue(AttributionContext.scala:345)
	at com.databricks.logging.AttributionContextTracing.withAttributionContext(AttributionContextTracing.scala:145)
	at com.databricks.logging.AttributionContextTracing.withAttributionContext$(AttributionContextTracing.scala:142)
	at com.databricks.spark.util.PublicDBLogging.withAttributionContext(DatabricksSparkUsageLogger.scala:29)
	at com.databricks.logging.AttributionContextTracing.withAttributionTags(AttributionContextTracing.scala:202)
	at com.databricks.logging.AttributionContextTracing.withAttributionTags$(AttributionContextTracing.scala:183)
	at com.databricks.spark.util.PublicDBLogging.withAttributionTags(DatabricksSparkUsageLogger.scala:29)
	at com.databricks.spark.util.PublicDBLogging.withAttributionTags0(DatabricksSparkUsageLogger.scala:108)
	at com.databricks.spark.util.DatabricksSparkUsageLogger.withAttributionTags(DatabricksSparkUsageLogger.scala:215)
	at com.databricks.spark.util.UsageLogging.$anonfun$withAttributionTags$1(UsageLogger.scala:668)
	at com.databricks.spark.util.UsageLogging$.withAttributionTags(UsageLogger.scala:780)
	at com.databricks.spark.util.UsageLogging$.withAttributionTags(UsageLogger.scala:789)
	at com.databricks.spark.util.UsageLogging.withAttributionTags(UsageLogger.scala:668)
	at com.databricks.spark.util.UsageLogging.withAttributionTags$(UsageLogger.scala:666)
	at org.apache.spark.sql.execution.streaming.runtime.StreamExecution.withAttributionTags(StreamExecution.scala:96)
	at org.apache.spark.sql.execution.streaming.runtime.StreamExecution.org$apache$spark$sql$execution$streaming$runtime$StreamExecution$$runStream(StreamExecution.scala:386)
	at org.apache.spark.sql.execution.streaming.runtime.StreamExecution$$anon$1.$anonfun$run$2(StreamExecution.scala:305)
	at scala.runtime.java8.JFunction0$mcV$sp.apply(JFunction0$mcV$sp.scala:18)
	at com.databricks.unity.UCSEphemeralState$Handle.runWith(UCSEphemeralState.scala:51)
	at com.databricks.unity.HandleImpl.runWith(UCSHandle.scala:104)
	at com.databricks.unity.HandleImpl.$anonfun$runWithAndClose$1(UCSHandle.scala:109)
	at scala.util.Using$.resource(Using.scala:296)
	at com.databricks.unity.HandleImpl.runWithAndClose(UCSHandle.scala:108)
	at org.apache.spark.sql.execution.streaming.runtime.StreamExecution$$anon$1.run(StreamExecution.scala:305)
Caused by: com.databricks.sql.transaction.tahoe.DeltaAnalysisExceptionWithSubErrors: [DELTA_METADATA_MISMATCH] A metadata mismatch was detected when writing to the Delta table.
- A schema mismatch detected when writing to the Delta table (Table ID: 03c19400-e115-4bb3-b045-41ec6437b27f).
To enable schema migration using DataFrameWriter or DataStreamWriter, please set: '.option("mergeSchema", "true")'.
For other operations, set the session configuration spark.databricks.delta.schema.autoMerge.enabled to "true". See the documentation specific to the operation for details.

Table schema:
root
 |-- event_id: string (nullable = true)
 |-- transaction_id: string (nullable = true)
 |-- customer_id: integer (nullable = true)
 |-- merchant_id: integer (nullable = true)
 |-- product_id: integer (nullable = true)
 |-- product_name: string (nullable = true)
 |-- quantity: integer (nullable = true)
 |-- unit_price: double (nullable = true)
 |-- gross_amount: double (nullable = true)
 |-- discount_amount: double (nullable = true)
 |-- tax_amount: double (nullable = true)
 |-- net_amount: double (nullable = true)
 |-- payment_method: string (nullable = true)
 |-- city: string (nullable = true)
 |-- device_type: string (nullable = true)
 |-- event_type: string (nullable = true)
 |-- transaction_status: string (nullable = true)
 |-- event_time: timestamp (nullable = true)
 |-- ingestion_time: timestamp (nullable = true)
 |-- topic: string (nullable = true)
 |-- partition: integer (nullable = true)
 |-- offset: long (nullable = true)
 |-- kafka_timestamp: timestamp (nullable = true)
 |-- processed_at: timestamp (nullable = true)


Data schema:
root
 |-- event_id: string (nullable = true)
 |-- transaction_id: string (nullable = true)
 |-- customer_id: integer (nullable = true)
 |-- merchant_id: integer (nullable = true)
 |-- product_id: integer (nullable = true)
 |-- product_name: string (nullable = true)
 |-- quantity: integer (nullable = true)
 |-- unit_price: double (nullable = true)
 |-- gross_amount: double (nullable = true)
 |-- discount_amount: double (nullable = true)
 |-- tax_amount: double (nullable = true)
 |-- net_amount: double (nullable = true)
 |-- payment_method: string (nullable = true)
 |-- city: string (nullable = true)
 |-- device_type: string (nullable = true)
 |-- event_type: string (nullable = true)
 |-- transaction_status: string (nullable = true)
 |-- event_time: timestamp (nullable = true)
 |-- ingestion_time: timestamp (nullable = true)
 |-- topic: string (nullable = true)
 |-- partition: integer (nullable = true)
 |-- offset: long (nullable = true)
 |-- kafka_timestamp: timestamp (nullable = true)
 |-- processed_at: timestamp (nullable = true)
 |-- currency: string (nullable = true)
 |-- exchange_rate: double (nullable = true)
 |-- profit_amount: double (nullable = true)
 |-- cost_price: double (nullable = true)
 |-- order_status: string (nullable = true)
 |-- payment_status: string (nullable = true)
 |-- delivery_status: string (nullable = true)
 |-- refund_amount: double (nullable = true)
 |-- customer_segment: string (nullable = true)
 |-- is_first_purchase: string (nullable = true)
 |-- session_id: string (nullable = true)
 |-- state: string (nullable = true)
 |-- country: string (nullable = true)
 |-- zip_code: string (nullable = true)


- Table ACLs are enabled in this cluster, so automatic schema migration is not allowed. Please use the ALTER TABLE command for changing the schema.
	at com.databricks.sql.transaction.tahoe.MetadataMismatchErrorBuilder.finalizeAndThrow(DeltaErrors.scala:4486)
	at com.databricks.sql.transaction.tahoe.schema.ImplicitMetadataOperation.updateMetadata(ImplicitMetadataOperation.scala:232)
	at com.databricks.sql.transaction.tahoe.schema.ImplicitMetadataOperation.updateMetadata$(ImplicitMetadataOperation.scala:92)
	at com.databricks.sql.transaction.tahoe.sources.DeltaSink.updateMetadata(DeltaSink.scala:85)
	at com.databricks.sql.transaction.tahoe.sources.DeltaSink.init(DeltaSink.scala:268)
	at org.apache.spark.sql.execution.streaming.runtime.MicroBatchExecution.runBatch(MicroBatchExecution.scala:2704)
	at org.apache.spark.sql.execution.streaming.runtime.MicroBatchExecution.$anonfun$executeOneBatch$6(MicroBatchExecution.scala:1299)
	at org.apache.spark.sql.execution.streaming.runtime.MicroBatchExecution.handleDataSourceException(MicroBatchExecution.scala:3615)
	at org.apache.spark.sql.execution.streaming.runtime.MicroBatchExecution.$anonfun$executeOneBatch$5(MicroBatchExecution.scala:1299)
	at org.apache.spark.sql.execution.streaming.runtime.MicroBatchExecution.withSchemaEvolution(MicroBatchExecution.scala:3560)
	at org.apache.spark.sql.execution.streaming.runtime.MicroBatchExecution.$anonfun$executeOneBatch$4(MicroBatchExecution.scala:1295)
	at scala.runtime.java8.JFunction0$mcV$sp.apply(JFunction0$mcV$sp.scala:18)
	at com.databricks.spark.util.FrameProfiler$.$anonfun$record$1(FrameProfiler.scala:114)
	at com.databricks.spark.util.FrameProfilerExporter$.maybeExportFrameProfiler(FrameProfilerExporter.scala:201)
	at com.databricks.spark.util.FrameProfiler$.record(FrameProfiler.scala:105)
	at org.apache.spark.sql.execution.streaming.runtime.ProgressContext.reportTimeTaken(ProgressReporter.scala:340)
	at org.apache.spark.sql.execution.streaming.runtime.MicroBatchExecution.$anonfun$executeOneBatch$3(MicroBatchExecution.scala:1248)
	at scala.runtime.java8.JFunction0$mcV$sp.apply(JFunction0$mcV$sp.scala:18)
	at com.databricks.logging.AttributionContextTracing.$anonfun$withAttributionContext$1(AttributionContextTracing.scala:147)
	at com.databricks.logging.AttributionContext$.$anonfun$withValue$1(AttributionContext.scala:349)
	at scala.util.DynamicVariable.withValue(DynamicVariable.scala:59)
	at com.databricks.logging.AttributionContext$.withValue(AttributionContext.scala:345)
	at com.databricks.logging.AttributionContextTracing.withAttributionContext(AttributionContextTracing.scala:145)
	at com.databricks.logging.AttributionContextTracing.withAttributionContext$(AttributionContextTracing.scala:142)
	at com.databricks.spark.util.PublicDBLogging.withAttributionContext(DatabricksSparkUsageLogger.scala:29)
	at com.databricks.logging.AttributionContextTracing.withAttributionTags(AttributionContextTracing.scala:202)
	at com.databricks.logging.AttributionContextTracing.withAttributionTags$(AttributionContextTracing.scala:183)
	at com.databricks.spark.util.PublicDBLogging.withAttributionTags(DatabricksSparkUsageLogger.scala:29)
	at com.databricks.spark.util.PublicDBLogging.withAttributionTags0(DatabricksSparkUsageLogger.scala:108)
	at com.databricks.spark.util.DatabricksSparkUsageLogger.withAttributionTags(DatabricksSparkUsageLogger.scala:215)
	at com.databricks.spark.util.UsageLogging.$anonfun$withAttributionTags$1(UsageLogger.scala:668)
	at com.databricks.spark.util.UsageLogging$.withAttributionTags(UsageLogger.scala:780)
	at com.databricks.spark.util.UsageLogging$.withAttributionTags(UsageLogger.scala:789)
	at com.databricks.spark.util.UsageLogging.withAttributionTags(UsageLogger.scala:668)
	at com.databricks.spark.util.UsageLogging.withAttributionTags$(UsageLogger.scala:666)
	at org.apache.spark.sql.execution.streaming.runtime.StreamExecution.withAttributionTags(StreamExecution.scala:96)
	at org.apache.spark.sql.execution.streaming.runtime.MicroBatchExecution.executeOneBatch(MicroBatchExecution.scala:1242)
	at org.apache.spark.sql.execution.streaming.runtime.MicroBatchExecution.$anonfun$runActivatedStreamWithListener$1(MicroBatchExecution.scala:1203)
	at org.apache.spark.sql.execution.streaming.runtime.MicroBatchExecution.$anonfun$runActivatedStreamWithListener$1$adapted(MicroBatchExecution.scala:1203)
	at org.apache.spark.sql.execution.streaming.runtime.ConcurrentExecutor.$anonfun$runOneBatch$4(TriggerExecutor.scala:663)
	at org.apache.spark.util.threads.SparkThreadLocalCapturingRunnable.$anonfun$run$1(SparkThreadLocalForwardingThreadPoolExecutor.scala:171)
	at scala.runtime.java8.JFunction0$mcV$sp.apply(JFunction0$mcV$sp.scala:18)
	at com.databricks.spark.util.DBRTracing$.withSpanFromParent(DBRTracing.scala:70)
	at org.apache.spark.util.threads.SparkThreadLocalCapturingHelper.$anonfun$runWithCaptured$7(SparkThreadLocalForwardingThreadPoolExecutor.scala:124)
	at com.databricks.util.LexicalThreadLocal$Handle.runWith(LexicalThreadLocal.scala:63)
	at org.apache.spark.util.threads.SparkThreadLocalCapturingHelper.$anonfun$runWithCaptured$6(SparkThreadLocalForwardingThreadPoolExecutor.scala:123)
	at com.databricks.sql.transaction.tahoe.mst.MSTThreadHelper$.runWithMSTContext(MSTThreadHelper.scala:60)
	at org.apache.spark.util.threads.SparkThreadLocalCapturingHelper.$anonfun$runWithCaptured$5(SparkThreadLocalForwardingThreadPoolExecutor.scala:120)
	at com.databricks.spark.util.IdentityClaim$.withClaim(IdentityClaim.scala:48)
	at org.apache.spark.util.threads.SparkThreadLocalCapturingHelper.$anonfun$runWithCaptured$4(SparkThreadLocalForwardingThreadPoolExecutor.scala:119)
	at com.databricks.unity.UCSEphemeralState$Handle.runWith(UCSEphemeralState.scala:51)
	at org.apache.spark.util.threads.SparkThreadLocalCapturingHelper.runWithCaptured(SparkThreadLocalForwardingThreadPoolExecutor.scala:118)
	at org.apache.spark.util.threads.SparkThreadLocalCapturingHelper.runWithCaptured$(SparkThreadLocalForwardingThreadPoolExecutor.scala:95)
	at org.apache.spark.util.threads.SparkThreadLocalCapturingRunnable.runWithCaptured(SparkThreadLocalForwardingThreadPoolExecutor.scala:168)
	at org.apache.spark.util.threads.SparkThreadLocalCapturingRunnable.run(SparkThreadLocalForwardingThreadPoolExecutor.scala:171)
	at java.util.concurrent.ThreadPoolExecutor.runWorker(ThreadPoolExecutor.java:1136)
	at java.util.concurrent.ThreadPoolExecutor$Worker.run(ThreadPoolExecutor.java:635)
	at java.lang.Thread.run(Thread.java:840)
Traceback (most recent call last):
  File "/Workspace/Repos/gnavin478@gmail.com/Realtime-Transaction-Pipeline/pyspark_streaming/silver/silver_transform.py", line 98, in write_to_silver
    query.awaitTermination()
  File "/databricks/python/lib/python3.12/site-packages/pyspark/sql/connect/streaming/query.py", line 100, in awaitTermination
    self._execute_streaming_query_cmd(cmd)
  File "/databricks/python/lib/python3.12/site-packages/pyspark/sql/connect/streaming/query.py", line 188, in _execute_streaming_query_cmd
    (_, properties, _) = self._session.client.execute_command(exec_cmd)
                         ^^^^^^^^^^^^^^^^^^^^^^^^^^^^^^^^^^^^^^^^^^^^^^
  File "/databricks/python/lib/python3.12/site-packages/pyspark/sql/connect/client/core.py", line 1538, in execute_command
    data, _, metrics, observed_metrics, properties = self._execute_and_fetch(
                                                     ^^^^^^^^^^^^^^^^^^^^^^^^
  File "/databricks/python/lib/python3.12/site-packages/pyspark/sql/connect/client/core.py", line 2086, in _execute_and_fetch
    for response in self._execute_and_fetch_as_iterator(
  File "/databricks/python/lib/python3.12/site-packages/pyspark/sql/connect/client/core.py", line 2062, in _execute_and_fetch_as_iterator
    self._handle_error(error)
  File "/databricks/python/lib/python3.12/site-packages/pyspark/sql/connect/client/core.py", line 2380, in _handle_error
    self._handle_rpc_error(error)
  File "/databricks/python/lib/python3.12/site-packages/pyspark/sql/connect/client/core.py", line 2458, in _handle_rpc_error
    raise convert_exception(
pyspark.errors.exceptions.connect.StreamingQueryException: [STREAM_FAILED] Query [id = b38c02c5-8c0b-461a-bb40-69b37e8730c0, runId = 621cb451-43f1-42f9-ac37-9c75fbcf7447] terminated with exception: [DELTA_METADATA_MISMATCH] A metadata mismatch was detected when writing to the Delta table.
- A schema mismatch detected when writing to the Delta table (Table ID: 03c19400-e115-4bb3-b045-41ec6437b27f).
To enable schema migration using DataFrameWriter or DataStreamWriter, please set: '.option("mergeSchema", "true")'.
For other operations, set the session configuration spark.databricks.delta.schema.autoMerge.enabled to "true". See the documentation specific to the operation for details.

Table schema:
root
 |-- event_id: string (nullable = true)
 |-- transaction_id: string (nullable = true)
 |-- customer_id: integer (nullable = true)
 |-- merchant_id: integer (nullable = true)
 |-- product_id: integer (nullable = true)
 |-- product_name: string (nullable = true)
 |-- quantity: integer (nullable = true)
 |-- unit_price: double (nullable = true)
 |-- gross_amount: double (nullable = true)
 |-- discount_amount: double (nullable = true)
 |-- tax_amount: double (nullable = true)
 |-- net_amount: double (nullable = true)
 |-- payment_method: string (nullable = true)
 |-- city: string (nullable = true)
 |-- device_type: string (nullable = true)
 |-- event_type: string (nullable = true)
 |-- transaction_status: string (nullable = true)
 |-- event_time: timestamp (nullable = true)
 |-- ingestion_time: timestamp (nullable = true)
 |-- topic: string (nullable = true)
 |-- partition: integer (nullable = true)
 |-- offset: long (nullable = true)
 |-- kafka_timestamp: timestamp (nullable = true)
 |-- processed_at: timestamp (nullable = true)


Data schema:
root
 |-- event_id: string (nullable = true)
 |-- transaction_id: string (nullable = true)
 |-- customer_id: integer (nullable = true)
 |-- merchant_id: integer (nullable = true)
 |-- product_id: integer (nullable = true)
 |-- product_name: string (nullable = true)
 |-- quantity: integer (nullable = true)
 |-- unit_price: double (nullable = true)
 |-- gross_amount: double (nullable = true)
 |-- discount_amount: double (nullable = true)
 |-- tax_amount: double (nullable = true)
 |-- net_amount: double (nullable = true)
 |-- payment_method: string (nullable = true)
 |-- city: string (nullable = true)
 |-- device_type: string (nullable = true)
 |-- event_type: string (nullable = true)
 |-- transaction_status: string (nullable = true)
 |-- event_time: timestamp (nullable = true)
 |-- ingestion_time: timestamp (nullable = true)
 |-- topic: string (nullable = true)
 |-- partition: integer (nullable = true)
 |-- offset: long (nullable = true)
 |-- kafka_timestamp: timestamp (nullable = true)
 |-- processed_at: timestamp (nullable = true)
 |-- currency: string (nullable = true)
 |-- exchange_rate: double (nullable = true)
 |-- profit_amount: double (nullable = true)
 |-- cost_price: double (nullable = true)
 |-- order_status: string (nullable = true)
 |-- payment_status: string (nullable = true)
 |-- delivery_status: string (nullable = true)
 |-- refund_amount: double (nullable = true)
 |-- customer_segment: string (nullable = true)
 |-- is_first_purchase: string (nullable = true)
 |-- session_id: string (nullable = true)
 |-- state: string (nullable = true)
 |-- country: string (nullable = true)
 |-- zip_code: string (nullable = true)


- Table ACLs are enabled in this cluster, so automatic schema migration is not allowed. Please use the ALTER TABLE command for changing the schema. SQLSTATE: XXKST
=== Streaming Query ===
Identifier: [id = b38c02c5-8c0b-461a-bb40-69b37e8730c0, runId = 621cb451-43f1-42f9-ac37-9c75fbcf7447]
Current Start Offsets: {DeltaSource[s3://dbstorage-prod-cpgdo/uc/3caf84d5-b3d7-4fa6-a0e4-69f50d7c5d27/8dbdb134-53db-41c4-a8c1-a01b8d04aacf/__unitystorage/catalogs/8af0af66-b28c-4b17-9c21-d4a5a323e3d0/tables/d20a61b9-3ce2-4323-a1ff-5970d0ec9b94]: {"sourceVersion":1,"reservoirId":"7831103a-de04-4071-b217-57d8e3dd1f21","reservoirVersion":6,"index":-1,"isStartingVersion":false}}
Current End Offsets: {DeltaSource[s3://dbstorage-prod-cpgdo/uc/3caf84d5-b3d7-4fa6-a0e4-69f50d7c5d27/8dbdb134-53db-41c4-a8c1-a01b8d04aacf/__unitystorage/catalogs/8af0af66-b28c-4b17-9c21-d4a5a323e3d0/tables/d20a61b9-3ce2-4323-a1ff-5970d0ec9b94]: {"sourceVersion":1,"reservoirId":"7831103a-de04-4071-b217-57d8e3dd1f21","reservoirVersion":6,"index":-1,"isStartingVersion":false}}

Current State: ACTIVE
Thread State: RUNNABLE

Logical Plan:
~WriteToMicroBatchDataSourceV1 `workspace`.`default`.`silver_transactions`, DeltaSink[s3://dbstorage-prod-cpgdo/uc/3caf84d5-b3d7-4fa6-a0e4-69f50d7c5d27/8dbdb134-53db-41c4-a8c1-a01b8d04aacf/__unitystorage/catalogs/8af0af66-b28c-4b17-9c21-d4a5a323e3d0/tables/629bf959-540a-496d-8510-fd5f9c731b5d], b38c02c5-8c0b-461a-bb40-69b37e8730c0, [checkpointLocation=/Volumes/workspace/transaction_data_pipeline/silver/checkpoints/silver_transactions, path=s3://dbstorage-prod-cpgdo/uc/3caf84d5-b3d7-4fa6-a0e4-69f50d7c5d27/8dbdb134-53db-41c4-a8c1-a01b8d04aacf/__unitystorage/catalogs/8af0af66-b28c-4b17-9c21-d4a5a323e3d0/tables/629bf959-540a-496d-8510-fd5f9c731b5d], Append
+- ~Project [event_id#14790, transaction_id#14791, customer_id#14792, merchant_id#14793, product_id#14794, product_name#14829, quantity#14796, unit_price#14797, gross_amount#14798, discount_amount#14799, tax_amount#14800, net_amount#14801, payment_method#14831, city#14833, device_type#14835, event_type#14837, transaction_status#14839, event_time#14841, ingestion_time#14843, topic#14809, partition#14810, offset#14811L, kafka_timestamp#14812, currency#14853, exchange_rate#14814, ... 13 more fields]
   +- ~Project [event_id#14790, transaction_id#14791, customer_id#14792, merchant_id#14793, product_id#14794, product_name#14829, quantity#14796, unit_price#14797, gross_amount#14798, discount_amount#14799, tax_amount#14800, net_amount#14801, payment_method#14831, city#14833, device_type#14835, event_type#14837, transaction_status#14839, event_time#14841, ingestion_time#14843, topic#14809, partition#14810, offset#14811L, kafka_timestamp#14812, upper(trim(currency#14813, None)) AS currency#14853, exchange_rate#14814, ... 13 more fields]
      +- ~Project [event_id#14790, transaction_id#14791, customer_id#14792, merchant_id#14793, product_id#14794, product_name#14829, quantity#14796, unit_price#14797, gross_amount#14798, discount_amount#14799, tax_amount#14800, net_amount#14801, payment_method#14831, city#14833, device_type#14835, event_type#14837, transaction_status#14839, event_time#14841, ingestion_time#14843, topic#14809, partition#14810, offset#14811L, kafka_timestamp#14812, currency#14813, exchange_rate#14814, ... 13 more fields]
         +- ~Project [event_id#14790, transaction_id#14791, customer_id#14792, merchant_id#14793, product_id#14794, product_name#14829, quantity#14796, unit_price#14797, gross_amount#14798, discount_amount#14799, tax_amount#14800, net_amount#14801, payment_method#14831, city#14833, device_type#14835, event_type#14837, transaction_status#14839, event_time#14841, ingestion_time#14843, topic#14809, partition#14810, offset#14811L, kafka_timestamp#14812, currency#14813, exchange_rate#14814, ... 13 more fields]
            +- ~Project [event_id#14790, transaction_id#14791, customer_id#14792, merchant_id#14793, product_id#14794, product_name#14829, quantity#14796, unit_price#14797, gross_amount#14798, discount_amount#14799, tax_amount#14800, net_amount#14801, payment_method#14831, city#14833, device_type#14835, event_type#14837, transaction_status#14839, event_time#14841, ingestion_time#14843, topic#14809, partition#14810, offset#14811L, kafka_timestamp#14812, currency#14813, exchange_rate#14814, ... 13 more fields]
               +- ~Deduplicate [event_id#14790]
                  +- ~Project [event_id#14790, transaction_id#14791, customer_id#14792, merchant_id#14793, product_id#14794, product_name#14829, quantity#14796, unit_price#14797, gross_amount#14798, discount_amount#14799, tax_amount#14800, net_amount#14801, payment_method#14831, city#14833, device_type#14835, event_type#14837, transaction_status#14839, event_time#14841, ingestion_time#14843, topic#14809, partition#14810, offset#14811L, kafka_timestamp#14812, currency#14813, exchange_rate#14814, ... 13 more fields]
                     +- ~Project [event_id#14790, transaction_id#14791, customer_id#14792, merchant_id#14793, product_id#14794, product_name#14829, quantity#14796, unit_price#14797, gross_amount#14798, discount_amount#14799, tax_amount#14800, net_amount#14801, payment_method#14831, city#14833, device_type#14835, event_type#14837, transaction_status#14839, event_time#14841, to_timestamp(ingestion_time#14808, None, TimestampType, Some(Etc/UTC), true) AS ingestion_time#14843, topic#14809, partition#14810, offset#14811L, kafka_timestamp#14812, currency#14813, exchange_rate#14814, ... 12 more fields]
                        +- ~Project [event_id#14790, transaction_id#14791, customer_id#14792, merchant_id#14793, product_id#14794, product_name#14829, quantity#14796, unit_price#14797, gross_amount#14798, discount_amount#14799, tax_amount#14800, net_amount#14801, payment_method#14831, city#14833, device_type#14835, event_type#14837, transaction_status#14839, to_timestamp(event_time#14807, None, TimestampType, Some(Etc/UTC), true) AS event_time#14841, ingestion_time#14808, topic#14809, partition#14810, offset#14811L, kafka_timestamp#14812, currency#14813, exchange_rate#14814, ... 12 more fields]
                           +- ~Project [event_id#14790, transaction_id#14791, customer_id#14792, merchant_id#14793, product_id#14794, product_name#14829, quantity#14796, unit_price#14797, gross_amount#14798, discount_amount#14799, tax_amount#14800, net_amount#14801, payment_method#14831, city#14833, device_type#14835, event_type#14837, upper(trim(transaction_status#14806, None)) AS transaction_status#14839, event_time#14807, ingestion_time#14808, topic#14809, partition#14810, offset#14811L, kafka_timestamp#14812, currency#14813, exchange_rate#14814, ... 12 more fields]
                              +- ~Project [event_id#14790, transaction_id#14791, customer_id#14792, merchant_id#14793, product_id#14794, product_name#14829, quantity#14796, unit_price#14797, gross_amount#14798, discount_amount#14799, tax_amount#14800, net_amount#14801, payment_method#14831, city#14833, device_type#14835, upper(trim(event_type#14805, None)) AS event_type#14837, transaction_status#14806, event_time#14807, ingestion_time#14808, topic#14809, partition#14810, offset#14811L, kafka_timestamp#14812, currency#14813, exchange_rate#14814, ... 12 more fields]
                                 +- ~Project [event_id#14790, transaction_id#14791, customer_id#14792, merchant_id#14793, product_id#14794, product_name#14829, quantity#14796, unit_price#14797, gross_amount#14798, discount_amount#14799, tax_amount#14800, net_amount#14801, payment_method#14831, city#14833, upper(trim(device_type#14804, None)) AS device_type#14835, event_type#14805, transaction_status#14806, event_time#14807, ingestion_time#14808, topic#14809, partition#14810, offset#14811L, kafka_timestamp#14812, currency#14813, exchange_rate#14814, ... 12 more fields]
                                    +- ~Project [event_id#14790, transaction_id#14791, customer_id#14792, merchant_id#14793, product_id#14794, product_name#14829, quantity#14796, unit_price#14797, gross_amount#14798, discount_amount#14799, tax_amount#14800, net_amount#14801, payment_method#14831, trim(city#14803, None) AS city#14833, device_type#14804, event_type#14805, transaction_status#14806, event_time#14807, ingestion_time#14808, topic#14809, partition#14810, offset#14811L, kafka_timestamp#14812, currency#14813, exchange_rate#14814, ... 12 more fields]
                                       +- ~Project [event_id#14790, transaction_id#14791, customer_id#14792, merchant_id#14793, product_id#14794, product_name#14829, quantity#14796, unit_price#14797, gross_amount#14798, discount_amount#14799, tax_amount#14800, net_amount#14801, upper(trim(payment_method#14802, None)) AS payment_method#14831, city#14803, device_type#14804, event_type#14805, transaction_status#14806, event_time#14807, ingestion_time#14808, topic#14809, partition#14810, offset#14811L, kafka_timestamp#14812, currency#14813, exchange_rate#14814, ... 12 more fields]
                                          +- ~Project [event_id#14790, transaction_id#14791, customer_id#14792, merchant_id#14793, product_id#14794, trim(product_name#14795, None) AS product_name#14829, quantity#14796, unit_price#14797, gross_amount#14798, discount_amount#14799, tax_amount#14800, net_amount#14801, payment_method#14802, city#14803, device_type#14804, event_type#14805, transaction_status#14806, event_time#14807, ingestion_time#14808, topic#14809, partition#14810, offset#14811L, kafka_timestamp#14812, currency#14813, exchange_rate#14814, ... 12 more fields]
                                             +- ~Filter (isnull(tax_amount#14800) OR (tax_amount#14800 >= cast(0 as double)))
                                                +- ~Filter (isnull(discount_amount#14799) OR (discount_amount#14799 >= cast(0 as double)))
                                                   +- ~Filter (net_amount#14801 >= cast(0 as double))
                                                      +- ~Filter (gross_amount#14798 >= cast(0 as double))
                                                         +- ~Filter (unit_price#14797 > cast(0 as double))
                                                            +- ~Filter (quantity#14796 > 0)
                                                               +- ~Filter isnotnull(event_time#14807)
                                                                  +- ~Filter isnotnull(city#14803)
                                                                     +- ~Filter isnotnull(payment_method#14802)
                                                                        +- ~Filter isnotnull(net_amount#14801)
                                                                           +- ~Filter isnotnull(gross_amount#14798)
                                                                              +- ~Filter isnotnull(unit_price#14797)
                                                                                 +- ~Filter isnotnull(quantity#14796)
                                                                                    +- ~Filter isnotnull(product_name#14795)
                                                                                       +- ~Filter isnotnull(product_id#14794)
                                                                                          +- ~Filter isnotnull(merchant_id#14793)
                                                                                             +- ~Filter isnotnull(customer_id#14792)
                                                                                                +- ~Filter isnotnull(transaction_id#14791)
                                                                                                   +- ~Filter isnotnull(event_id#14790)
                                                                                                      +- ~StreamingExecutionRelation DeltaSource[s3://dbstorage-prod-cpgdo/uc/3caf84d5-b3d7-4fa6-a0e4-69f50d7c5d27/8dbdb134-53db-41c4-a8c1-a01b8d04aacf/__unitystorage/catalogs/8af0af66-b28c-4b17-9c21-d4a5a323e3d0/tables/d20a61b9-3ce2-4323-a1ff-5970d0ec9b94], [event_id#14790, transaction_id#14791, customer_id#14792, merchant_id#14793, product_id#14794, product_name#14795, quantity#14796, unit_price#14797, gross_amount#14798, discount_amount#14799, tax_amount#14800, net_amount#14801, payment_method#14802, city#14803, device_type#14804, event_type#14805, transaction_status#14806, event_time#14807, ingestion_time#14808, topic#14809, partition#14810, offset#14811L, kafka_timestamp#14812, currency#14813, exchange_rate#14814, ... 12 more fields], `workspace`.`default`.`bronze_transactions`, name=<Unassigned>


Physical Plan:
*(2) Project [event_id#15066, transaction_id#15067, customer_id#15068, merchant_id#15069, product_id#15070, product_name#14829, quantity#15072, unit_price#15073, gross_amount#15074, discount_amount#15075, tax_amount#15076, net_amount#15077, payment_method#14831, city#14833, device_type#14835, event_type#14837, transaction_status#14839, event_time#14841, ingestion_time#14843, topic#15085, partition#15086, offset#15087L, kafka_timestamp#15088, upper(trim(currency#15089, None)) AS currency#14853, exchange_rate#15090, ... 13 more fields]
+- StreamingDeduplicate [event_id#15066], 1, state info [ checkpoint = dbfs:/Volumes/workspace/transaction_data_pipeline/silver/checkpoints/silver_transactions/state, runId = 621cb451-43f1-42f9-ac37-9c75fbcf7447, opId = 0, ver = 1, numPartitions = 200] stateStoreCkptIds = None, 0, 0, true
   +- *(1) ColumnarToRow
      +- PhotonResultStage
         +- PhotonShuffleExchangeSource
            +- PhotonShuffleMapStage REQUIRED_BY_STATEFUL_OPERATOR, [id=#7741]
               +- PhotonShuffleExchangeSink hashpartitioning(event_id#15066, 200)
                  +- PhotonProject [event_id#15066, transaction_id#15067, customer_id#15068, merchant_id#15069, product_id#15070, trim(product_name#15071, None) AS product_name#14829, quantity#15072, unit_price#15073, gross_amount#15074, discount_amount#15075, tax_amount#15076, net_amount#15077, upper(trim(payment_method#15078, None)) AS payment_method#14831, trim(city#15079, None) AS city#14833, upper(trim(device_type#15080, None)) AS device_type#14835, upper(trim(event_type#15081, None)) AS event_type#14837, upper(trim(transaction_status#15082, None)) AS transaction_status#14839, cast(event_time#15083 as timestamp) AS event_time#14841, cast(ingestion_time#15084 as timestamp) AS ingestion_time#14843, topic#15085, partition#15086, offset#15087L, kafka_timestamp#15088, currency#15089, exchange_rate#15090, ... 12 more fields]
                     +- PhotonScan parquet workspace.default.bronze_transactions[event_id#15066,transaction_id#15067,customer_id#15068,merchant_id#15069,product_id#15070,product_name#15071,quantity#15072,unit_price#15073,gross_amount#15074,discount_amount#15075,tax_amount#15076,net_amount#15077,payment_method#15078,city#15079,device_type#15080,event_type#15081,transaction_status#15082,event_time#15083,ingestion_time#15084,topic#15085,partition#15086,offset#15087L,kafka_timestamp#15088,currency#15089,exchange_rate#15090,... 11 more fields] DataFilters: [isnotnull(customer_id#15068), isnotnull(merchant_id#15069), isnotnull(product_id#15070), isnotnu..., DictionaryFilters: [(unit_price#15073 > 0.0), (quantity#15072 > 0), (net_amount#15077 >= 0.0), (gross_amount#15074 >..., Format: parquet, Location: TahoeBatchFileIndex(1 paths)[s3://dbstorage-prod-cpgdo/uc/3caf84d5-b3d7-4fa6-a0e4-69f50d7c5d27/8d..., OptionalDataFilters: [], PartitionFilters: [], ReadSchema: struct<event_id:string,transaction_id:string,customer_id:int,merchant_id:int,product_id:int,produ..., RequiredDataFilters: [isnotnull(customer_id#15068), isnotnull(merchant_id#15069), isnotnull(product_id#15070), isnotnu...


JVM stacktrace:
org.apache.spark.sql.streaming.StreamingQueryException
	at org.apache.spark.sql.execution.streaming.runtime.StreamExecution.$anonfun$runStream$1(StreamExecution.scala:589)
	at scala.runtime.java8.JFunction0$mcV$sp.apply(JFunction0$mcV$sp.scala:18)
	at com.databricks.logging.AttributionContextTracing.$anonfun$withAttributionContext$1(AttributionContextTracing.scala:147)
	at com.databricks.logging.AttributionContext$.$anonfun$withValue$1(AttributionContext.scala:349)
	at scala.util.DynamicVariable.withValue(DynamicVariable.scala:59)
	at com.databricks.logging.AttributionContext$.withValue(AttributionContext.scala:345)
	at com.databricks.logging.AttributionContextTracing.withAttributionContext(AttributionContextTracing.scala:145)
	at com.databricks.logging.AttributionContextTracing.withAttributionContext$(AttributionContextTracing.scala:142)
	at com.databricks.spark.util.PublicDBLogging.withAttributionContext(DatabricksSparkUsageLogger.scala:29)
	at com.databricks.logging.AttributionContextTracing.withAttributionTags(AttributionContextTracing.scala:202)
	at com.databricks.logging.AttributionContextTracing.withAttributionTags$(AttributionContextTracing.scala:183)
	at com.databricks.spark.util.PublicDBLogging.withAttributionTags(DatabricksSparkUsageLogger.scala:29)
	at com.databricks.spark.util.PublicDBLogging.withAttributionTags0(DatabricksSparkUsageLogger.scala:108)
	at com.databricks.spark.util.DatabricksSparkUsageLogger.withAttributionTags(DatabricksSparkUsageLogger.scala:215)
	at com.databricks.spark.util.UsageLogging.$anonfun$withAttributionTags$1(UsageLogger.scala:668)
	at com.databricks.spark.util.UsageLogging$.withAttributionTags(UsageLogger.scala:780)
	at com.databricks.spark.util.UsageLogging$.withAttributionTags(UsageLogger.scala:789)
	at com.databricks.spark.util.UsageLogging.withAttributionTags(UsageLogger.scala:668)
	at com.databricks.spark.util.UsageLogging.withAttributionTags$(UsageLogger.scala:666)
	at org.apache.spark.sql.execution.streaming.runtime.StreamExecution.withAttributionTags(StreamExecution.scala:96)
	at org.apache.spark.sql.execution.streaming.runtime.StreamExecution.org$apache$spark$sql$execution$streaming$runtime$StreamExecution$$runStream(StreamExecution.scala:386)
	at org.apache.spark.sql.execution.streaming.runtime.StreamExecution$$anon$1.$anonfun$run$2(StreamExecution.scala:305)
	at scala.runtime.java8.JFunction0$mcV$sp.apply(JFunction0$mcV$sp.scala:18)
	at com.databricks.unity.UCSEphemeralState$Handle.runWith(UCSEphemeralState.scala:51)
	at com.databricks.unity.HandleImpl.runWith(UCSHandle.scala:104)
	at com.databricks.unity.HandleImpl.$anonfun$runWithAndClose$1(UCSHandle.scala:109)
	at scala.util.Using$.resource(Using.scala:296)
	at com.databricks.unity.HandleImpl.runWithAndClose(UCSHandle.scala:108)
	at org.apache.spark.sql.execution.streaming.runtime.StreamExecution$$anon$1.run(StreamExecution.scala:305)
Caused by: com.databricks.sql.transaction.tahoe.DeltaAnalysisExceptionWithSubErrors: [DELTA_METADATA_MISMATCH] A metadata mismatch was detected when writing to the Delta table.
- A schema mismatch detected when writing to the Delta table (Table ID: 03c19400-e115-4bb3-b045-41ec6437b27f).
To enable schema migration using DataFrameWriter or DataStreamWriter, please set: '.option("mergeSchema", "true")'.
For other operations, set the session configuration spark.databricks.delta.schema.autoMerge.enabled to "true". See the documentation specific to the operation for details.

Table schema:
root
 |-- event_id: string (nullable = true)
 |-- transaction_id: string (nullable = true)
 |-- customer_id: integer (nullable = true)
 |-- merchant_id: integer (nullable = true)
 |-- product_id: integer (nullable = true)
 |-- product_name: string (nullable = true)
 |-- quantity: integer (nullable = true)
 |-- unit_price: double (nullable = true)
 |-- gross_amount: double (nullable = true)
 |-- discount_amount: double (nullable = true)
 |-- tax_amount: double (nullable = true)
 |-- net_amount: double (nullable = true)
 |-- payment_method: string (nullable = true)
 |-- city: string (nullable = true)
 |-- device_type: string (nullable = true)
 |-- event_type: string (nullable = true)
 |-- transaction_status: string (nullable = true)
 |-- event_time: timestamp (nullable = true)
 |-- ingestion_time: timestamp (nullable = true)
 |-- topic: string (nullable = true)
 |-- partition: integer (nullable = true)
 |-- offset: long (nullable = true)
 |-- kafka_timestamp: timestamp (nullable = true)
 |-- processed_at: timestamp (nullable = true)


Data schema:
root
 |-- event_id: string (nullable = true)
 |-- transaction_id: string (nullable = true)
 |-- customer_id: integer (nullable = true)
 |-- merchant_id: integer (nullable = true)
 |-- product_id: integer (nullable = true)
 |-- product_name: string (nullable = true)
 |-- quantity: integer (nullable = true)
 |-- unit_price: double (nullable = true)
 |-- gross_amount: double (nullable = true)
 |-- discount_amount: double (nullable = true)
 |-- tax_amount: double (nullable = true)
 |-- net_amount: double (nullable = true)
 |-- payment_method: string (nullable = true)
 |-- city: string (nullable = true)
 |-- device_type: string (nullable = true)
 |-- event_type: string (nullable = true)
 |-- transaction_status: string (nullable = true)
 |-- event_time: timestamp (nullable = true)
 |-- ingestion_time: timestamp (nullable = true)
 |-- topic: string (nullable = true)
 |-- partition: integer (nullable = true)
 |-- offset: long (nullable = true)
 |-- kafka_timestamp: timestamp (nullable = true)
 |-- processed_at: timestamp (nullable = true)
 |-- currency: string (nullable = true)
 |-- exchange_rate: double (nullable = true)
 |-- profit_amount: double (nullable = true)
 |-- cost_price: double (nullable = true)
 |-- order_status: string (nullable = true)
 |-- payment_status: string (nullable = true)
 |-- delivery_status: string (nullable = true)
 |-- refund_amount: double (nullable = true)
 |-- customer_segment: string (nullable = true)
 |-- is_first_purchase: string (nullable = true)
 |-- session_id: string (nullable = true)
 |-- state: string (nullable = true)
 |-- country: string (nullable = true)
 |-- zip_code: string (nullable = true)


- Table ACLs are enabled in this cluster, so automatic schema migration is not allowed. Please use the ALTER TABLE command for changing the schema.
	at com.databricks.sql.transaction.tahoe.MetadataMismatchErrorBuilder.finalizeAndThrow(DeltaErrors.scala:4486)
	at com.databricks.sql.transaction.tahoe.schema.ImplicitMetadataOperation.updateMetadata(ImplicitMetadataOperation.scala:232)
	at com.databricks.sql.transaction.tahoe.schema.ImplicitMetadataOperation.updateMetadata$(ImplicitMetadataOperation.scala:92)
	at com.databricks.sql.transaction.tahoe.sources.DeltaSink.updateMetadata(DeltaSink.scala:85)
	at com.databricks.sql.transaction.tahoe.sources.DeltaSink.init(DeltaSink.scala:268)
	at org.apache.spark.sql.execution.streaming.runtime.MicroBatchExecution.runBatch(MicroBatchExecution.scala:2704)
	at org.apache.spark.sql.execution.streaming.runtime.MicroBatchExecution.$anonfun$executeOneBatch$6(MicroBatchExecution.scala:1299)
	at org.apache.spark.sql.execution.streaming.runtime.MicroBatchExecution.handleDataSourceException(MicroBatchExecution.scala:3615)
	at org.apache.spark.sql.execution.streaming.runtime.MicroBatchExecution.$anonfun$executeOneBatch$5(MicroBatchExecution.scala:1299)
	at org.apache.spark.sql.execution.streaming.runtime.MicroBatchExecution.withSchemaEvolution(MicroBatchExecution.scala:3560)
	at org.apache.spark.sql.execution.streaming.runtime.MicroBatchExecution.$anonfun$executeOneBatch$4(MicroBatchExecution.scala:1295)
	at scala.runtime.java8.JFunction0$mcV$sp.apply(JFunction0$mcV$sp.scala:18)
	at com.databricks.spark.util.FrameProfiler$.$anonfun$record$1(FrameProfiler.scala:114)
	at com.databricks.spark.util.FrameProfilerExporter$.maybeExportFrameProfiler(FrameProfilerExporter.scala:201)
	at com.databricks.spark.util.FrameProfiler$.record(FrameProfiler.scala:105)
	at org.apache.spark.sql.execution.streaming.runtime.ProgressContext.reportTimeTaken(ProgressReporter.scala:340)
	at org.apache.spark.sql.execution.streaming.runtime.MicroBatchExecution.$anonfun$executeOneBatch$3(MicroBatchExecution.scala:1248)
	at scala.runtime.java8.JFunction0$mcV$sp.apply(JFunction0$mcV$sp.scala:18)
	at com.databricks.logging.AttributionContextTracing.$anonfun$withAttributionContext$1(AttributionContextTracing.scala:147)
	at com.databricks.logging.AttributionContext$.$anonfun$withValue$1(AttributionContext.scala:349)
	at scala.util.DynamicVariable.withValue(DynamicVariable.scala:59)
	at com.databricks.logging.AttributionContext$.withValue(AttributionContext.scala:345)
	at com.databricks.logging.AttributionContextTracing.withAttributionContext(AttributionContextTracing.scala:145)
	at com.databricks.logging.AttributionContextTracing.withAttributionContext$(AttributionContextTracing.scala:142)
	at com.databricks.spark.util.PublicDBLogging.withAttributionContext(DatabricksSparkUsageLogger.scala:29)
	at com.databricks.logging.AttributionContextTracing.withAttributionTags(AttributionContextTracing.scala:202)
	at com.databricks.logging.AttributionContextTracing.withAttributionTags$(AttributionContextTracing.scala:183)
	at com.databricks.spark.util.PublicDBLogging.withAttributionTags(DatabricksSparkUsageLogger.scala:29)
	at com.databricks.spark.util.PublicDBLogging.withAttributionTags0(DatabricksSparkUsageLogger.scala:108)
	at com.databricks.spark.util.DatabricksSparkUsageLogger.withAttributionTags(DatabricksSparkUsageLogger.scala:215)
	at com.databricks.spark.util.UsageLogging.$anonfun$withAttributionTags$1(UsageLogger.scala:668)
	at com.databricks.spark.util.UsageLogging$.withAttributionTags(UsageLogger.scala:780)
	at com.databricks.spark.util.UsageLogging$.withAttributionTags(UsageLogger.scala:789)
	at com.databricks.spark.util.UsageLogging.withAttributionTags(UsageLogger.scala:668)
	at com.databricks.spark.util.UsageLogging.withAttributionTags$(UsageLogger.scala:666)
	at org.apache.spark.sql.execution.streaming.runtime.StreamExecution.withAttributionTags(StreamExecution.scala:96)
	at org.apache.spark.sql.execution.streaming.runtime.MicroBatchExecution.executeOneBatch(MicroBatchExecution.scala:1242)
	at org.apache.spark.sql.execution.streaming.runtime.MicroBatchExecution.$anonfun$runActivatedStreamWithListener$1(MicroBatchExecution.scala:1203)
	at org.apache.spark.sql.execution.streaming.runtime.MicroBatchExecution.$anonfun$runActivatedStreamWithListener$1$adapted(MicroBatchExecution.scala:1203)
	at org.apache.spark.sql.execution.streaming.runtime.ConcurrentExecutor.$anonfun$runOneBatch$4(TriggerExecutor.scala:663)
	at org.apache.spark.util.threads.SparkThreadLocalCapturingRunnable.$anonfun$run$1(SparkThreadLocalForwardingThreadPoolExecutor.scala:171)
	at scala.runtime.java8.JFunction0$mcV$sp.apply(JFunction0$mcV$sp.scala:18)
	at com.databricks.spark.util.DBRTracing$.withSpanFromParent(DBRTracing.scala:70)
	at org.apache.spark.util.threads.SparkThreadLocalCapturingHelper.$anonfun$runWithCaptured$7(SparkThreadLocalForwardingThreadPoolExecutor.scala:124)
	at com.databricks.util.LexicalThreadLocal$Handle.runWith(LexicalThreadLocal.scala:63)
	at org.apache.spark.util.threads.SparkThreadLocalCapturingHelper.$anonfun$runWithCaptured$6(SparkThreadLocalForwardingThreadPoolExecutor.scala:123)
	at com.databricks.sql.transaction.tahoe.mst.MSTThreadHelper$.runWithMSTContext(MSTThreadHelper.scala:60)
	at org.apache.spark.util.threads.SparkThreadLocalCapturingHelper.$anonfun$runWithCaptured$5(SparkThreadLocalForwardingThreadPoolExecutor.scala:120)
	at com.databricks.spark.util.IdentityClaim$.withClaim(IdentityClaim.scala:48)
	at org.apache.spark.util.threads.SparkThreadLocalCapturingHelper.$anonfun$runWithCaptured$4(SparkThreadLocalForwardingThreadPoolExecutor.scala:119)
	at com.databricks.unity.UCSEphemeralState$Handle.runWith(UCSEphemeralState.scala:51)
	at org.apache.spark.util.threads.SparkThreadLocalCapturingHelper.runWithCaptured(SparkThreadLocalForwardingThreadPoolExecutor.scala:118)
	at org.apache.spark.util.threads.SparkThreadLocalCapturingHelper.runWithCaptured$(SparkThreadLocalForwardingThreadPoolExecutor.scala:95)
	at org.apache.spark.util.threads.SparkThreadLocalCapturingRunnable.runWithCaptured(SparkThreadLocalForwardingThreadPoolExecutor.scala:168)
	at org.apache.spark.util.threads.SparkThreadLocalCapturingRunnable.run(SparkThreadLocalForwardingThreadPoolExecutor.scala:171)
	at java.util.concurrent.ThreadPoolExecutor.runWorker(ThreadPoolExecutor.java:1136)
	at java.util.concurrent.ThreadPoolExecutor$Worker.run(ThreadPoolExecutor.java:635)
	at java.lang.Thread.run(Thread.java:840)
2026-04-11 19:55:16,380 | pyspark_streaming/silver | INFO | Creating Spark session for Silver layer
2026-04-11 19:55:16,383 | pyspark_streaming/silver | INFO | Spark session created successfully
2026-04-11 19:55:16,383 | pyspark_streaming/silver | INFO | Reading data from Bronze layer
2026-04-11 19:55:16,384 | pyspark_streaming/silver | INFO | Data read successfully from Bronze layer
2026-04-11 19:55:16,386 | pyspark_streaming/silver | INFO | Transforming data for Silver layer
2026-04-11 19:55:16,388 | pyspark_streaming/silver | INFO | Transformation Completed Successfully
2026-04-11 19:55:16,389 | pyspark_streaming/silver | INFO | Writing data to Silver layer
2026-04-11 19:55:18,567 | pyspark_streaming/silver | INFO | Silver streaming query started successfully
2026-04-11 19:55:21,601 | pyspark_streaming/silver | ERROR | Error writing data to Silver layer: [STREAM_FAILED] Query [id = b38c02c5-8c0b-461a-bb40-69b37e8730c0, runId = be2a0fb7-83a0-4d1e-aa40-2085bd28633c] terminated with exception: [DELTA_METADATA_MISMATCH] A metadata mismatch was detected when writing to the Delta table.
- A schema mismatch detected when writing to the Delta table (Table ID: 03c19400-e115-4bb3-b045-41ec6437b27f).
To enable schema migration using DataFrameWriter or DataStreamWriter, please set: '.option("mergeSchema", "true")'.
For other operations, set the session configuration spark.databricks.delta.schema.autoMerge.enabled to "true". See the documentation specific to the operation for details.

Table schema:
root
 |-- event_id: string (nullable = true)
 |-- transaction_id: string (nullable = true)
 |-- customer_id: integer (nullable = true)
 |-- merchant_id: integer (nullable = true)
 |-- product_id: integer (nullable = true)
 |-- product_name: string (nullable = true)
 |-- quantity: integer (nullable = true)
 |-- unit_price: double (nullable = true)
 |-- gross_amount: double (nullable = true)
 |-- discount_amount: double (nullable = true)
 |-- tax_amount: double (nullable = true)
 |-- net_amount: double (nullable = true)
 |-- payment_method: string (nullable = true)
 |-- city: string (nullable = true)
 |-- device_type: string (nullable = true)
 |-- event_type: string (nullable = true)
 |-- transaction_status: string (nullable = true)
 |-- event_time: timestamp (nullable = true)
 |-- ingestion_time: timestamp (nullable = true)
 |-- topic: string (nullable = true)
 |-- partition: integer (nullable = true)
 |-- offset: long (nullable = true)
 |-- kafka_timestamp: timestamp (nullable = true)
 |-- processed_at: timestamp (nullable = true)


Data schema:
root
 |-- event_id: string (nullable = true)
 |-- transaction_id: string (nullable = true)
 |-- customer_id: integer (nullable = true)
 |-- merchant_id: integer (nullable = true)
 |-- product_id: integer (nullable = true)
 |-- product_name: string (nullable = true)
 |-- quantity: integer (nullable = true)
 |-- unit_price: double (nullable = true)
 |-- gross_amount: double (nullable = true)
 |-- discount_amount: double (nullable = true)
 |-- tax_amount: double (nullable = true)
 |-- net_amount: double (nullable = true)
 |-- payment_method: string (nullable = true)
 |-- city: string (nullable = true)
 |-- device_type: string (nullable = true)
 |-- event_type: string (nullable = true)
 |-- transaction_status: string (nullable = true)
 |-- event_time: timestamp (nullable = true)
 |-- ingestion_time: timestamp (nullable = true)
 |-- topic: string (nullable = true)
 |-- partition: integer (nullable = true)
 |-- offset: long (nullable = true)
 |-- kafka_timestamp: timestamp (nullable = true)
 |-- processed_at: timestamp (nullable = true)
 |-- currency: string (nullable = true)
 |-- exchange_rate: double (nullable = true)
 |-- profit_amount: double (nullable = true)
 |-- cost_price: double (nullable = true)
 |-- order_status: string (nullable = true)
 |-- payment_status: string (nullable = true)
 |-- delivery_status: string (nullable = true)
 |-- refund_amount: double (nullable = true)
 |-- customer_segment: string (nullable = true)
 |-- is_first_purchase: string (nullable = true)
 |-- session_id: string (nullable = true)
 |-- state: string (nullable = true)
 |-- country: string (nullable = true)
 |-- zip_code: string (nullable = true)


- Table ACLs are enabled in this cluster, so automatic schema migration is not allowed. Please use the ALTER TABLE command for changing the schema. SQLSTATE: XXKST
=== Streaming Query ===
Identifier: [id = b38c02c5-8c0b-461a-bb40-69b37e8730c0, runId = be2a0fb7-83a0-4d1e-aa40-2085bd28633c]
Current Start Offsets: {DeltaSource[s3://dbstorage-prod-cpgdo/uc/3caf84d5-b3d7-4fa6-a0e4-69f50d7c5d27/8dbdb134-53db-41c4-a8c1-a01b8d04aacf/__unitystorage/catalogs/8af0af66-b28c-4b17-9c21-d4a5a323e3d0/tables/d20a61b9-3ce2-4323-a1ff-5970d0ec9b94]: {"sourceVersion":1,"reservoirId":"7831103a-de04-4071-b217-57d8e3dd1f21","reservoirVersion":6,"index":-1,"isStartingVersion":false}}
Current End Offsets: {DeltaSource[s3://dbstorage-prod-cpgdo/uc/3caf84d5-b3d7-4fa6-a0e4-69f50d7c5d27/8dbdb134-53db-41c4-a8c1-a01b8d04aacf/__unitystorage/catalogs/8af0af66-b28c-4b17-9c21-d4a5a323e3d0/tables/d20a61b9-3ce2-4323-a1ff-5970d0ec9b94]: {"sourceVersion":1,"reservoirId":"7831103a-de04-4071-b217-57d8e3dd1f21","reservoirVersion":6,"index":-1,"isStartingVersion":false}}

Current State: ACTIVE
Thread State: RUNNABLE

Logical Plan:
~WriteToMicroBatchDataSourceV1 `workspace`.`default`.`silver_transactions`, DeltaSink[s3://dbstorage-prod-cpgdo/uc/3caf84d5-b3d7-4fa6-a0e4-69f50d7c5d27/8dbdb134-53db-41c4-a8c1-a01b8d04aacf/__unitystorage/catalogs/8af0af66-b28c-4b17-9c21-d4a5a323e3d0/tables/629bf959-540a-496d-8510-fd5f9c731b5d], b38c02c5-8c0b-461a-bb40-69b37e8730c0, [checkpointLocation=/Volumes/workspace/transaction_data_pipeline/silver/checkpoints/silver_transactions, path=s3://dbstorage-prod-cpgdo/uc/3caf84d5-b3d7-4fa6-a0e4-69f50d7c5d27/8dbdb134-53db-41c4-a8c1-a01b8d04aacf/__unitystorage/catalogs/8af0af66-b28c-4b17-9c21-d4a5a323e3d0/tables/629bf959-540a-496d-8510-fd5f9c731b5d], Append
+- ~Project [event_id#15254, transaction_id#15255, customer_id#15256, merchant_id#15257, product_id#15258, product_name#15293, quantity#15260, unit_price#15261, gross_amount#15262, discount_amount#15263, tax_amount#15264, net_amount#15265, payment_method#15295, city#15297, device_type#15299, event_type#15301, transaction_status#15303, event_time#15305, ingestion_time#15307, topic#15273, partition#15274, offset#15275L, kafka_timestamp#15276, currency#15317, exchange_rate#15278, ... 13 more fields]
   +- ~Project [event_id#15254, transaction_id#15255, customer_id#15256, merchant_id#15257, product_id#15258, product_name#15293, quantity#15260, unit_price#15261, gross_amount#15262, discount_amount#15263, tax_amount#15264, net_amount#15265, payment_method#15295, city#15297, device_type#15299, event_type#15301, transaction_status#15303, event_time#15305, ingestion_time#15307, topic#15273, partition#15274, offset#15275L, kafka_timestamp#15276, upper(trim(currency#15277, None)) AS currency#15317, exchange_rate#15278, ... 13 more fields]
      +- ~Project [event_id#15254, transaction_id#15255, customer_id#15256, merchant_id#15257, product_id#15258, product_name#15293, quantity#15260, unit_price#15261, gross_amount#15262, discount_amount#15263, tax_amount#15264, net_amount#15265, payment_method#15295, city#15297, device_type#15299, event_type#15301, transaction_status#15303, event_time#15305, ingestion_time#15307, topic#15273, partition#15274, offset#15275L, kafka_timestamp#15276, currency#15277, exchange_rate#15278, ... 13 more fields]
         +- ~Project [event_id#15254, transaction_id#15255, customer_id#15256, merchant_id#15257, product_id#15258, product_name#15293, quantity#15260, unit_price#15261, gross_amount#15262, discount_amount#15263, tax_amount#15264, net_amount#15265, payment_method#15295, city#15297, device_type#15299, event_type#15301, transaction_status#15303, event_time#15305, ingestion_time#15307, topic#15273, partition#15274, offset#15275L, kafka_timestamp#15276, currency#15277, exchange_rate#15278, ... 13 more fields]
            +- ~Project [event_id#15254, transaction_id#15255, customer_id#15256, merchant_id#15257, product_id#15258, product_name#15293, quantity#15260, unit_price#15261, gross_amount#15262, discount_amount#15263, tax_amount#15264, net_amount#15265, payment_method#15295, city#15297, device_type#15299, event_type#15301, transaction_status#15303, event_time#15305, ingestion_time#15307, topic#15273, partition#15274, offset#15275L, kafka_timestamp#15276, currency#15277, exchange_rate#15278, ... 13 more fields]
               +- ~Deduplicate [event_id#15254]
                  +- ~Project [event_id#15254, transaction_id#15255, customer_id#15256, merchant_id#15257, product_id#15258, product_name#15293, quantity#15260, unit_price#15261, gross_amount#15262, discount_amount#15263, tax_amount#15264, net_amount#15265, payment_method#15295, city#15297, device_type#15299, event_type#15301, transaction_status#15303, event_time#15305, ingestion_time#15307, topic#15273, partition#15274, offset#15275L, kafka_timestamp#15276, currency#15277, exchange_rate#15278, ... 13 more fields]
                     +- ~Project [event_id#15254, transaction_id#15255, customer_id#15256, merchant_id#15257, product_id#15258, product_name#15293, quantity#15260, unit_price#15261, gross_amount#15262, discount_amount#15263, tax_amount#15264, net_amount#15265, payment_method#15295, city#15297, device_type#15299, event_type#15301, transaction_status#15303, event_time#15305, to_timestamp(ingestion_time#15272, None, TimestampType, Some(Etc/UTC), true) AS ingestion_time#15307, topic#15273, partition#15274, offset#15275L, kafka_timestamp#15276, currency#15277, exchange_rate#15278, ... 12 more fields]
                        +- ~Project [event_id#15254, transaction_id#15255, customer_id#15256, merchant_id#15257, product_id#15258, product_name#15293, quantity#15260, unit_price#15261, gross_amount#15262, discount_amount#15263, tax_amount#15264, net_amount#15265, payment_method#15295, city#15297, device_type#15299, event_type#15301, transaction_status#15303, to_timestamp(event_time#15271, None, TimestampType, Some(Etc/UTC), true) AS event_time#15305, ingestion_time#15272, topic#15273, partition#15274, offset#15275L, kafka_timestamp#15276, currency#15277, exchange_rate#15278, ... 12 more fields]
                           +- ~Project [event_id#15254, transaction_id#15255, customer_id#15256, merchant_id#15257, product_id#15258, product_name#15293, quantity#15260, unit_price#15261, gross_amount#15262, discount_amount#15263, tax_amount#15264, net_amount#15265, payment_method#15295, city#15297, device_type#15299, event_type#15301, upper(trim(transaction_status#15270, None)) AS transaction_status#15303, event_time#15271, ingestion_time#15272, topic#15273, partition#15274, offset#15275L, kafka_timestamp#15276, currency#15277, exchange_rate#15278, ... 12 more fields]
                              +- ~Project [event_id#15254, transaction_id#15255, customer_id#15256, merchant_id#15257, product_id#15258, product_name#15293, quantity#15260, unit_price#15261, gross_amount#15262, discount_amount#15263, tax_amount#15264, net_amount#15265, payment_method#15295, city#15297, device_type#15299, upper(trim(event_type#15269, None)) AS event_type#15301, transaction_status#15270, event_time#15271, ingestion_time#15272, topic#15273, partition#15274, offset#15275L, kafka_timestamp#15276, currency#15277, exchange_rate#15278, ... 12 more fields]
                                 +- ~Project [event_id#15254, transaction_id#15255, customer_id#15256, merchant_id#15257, product_id#15258, product_name#15293, quantity#15260, unit_price#15261, gross_amount#15262, discount_amount#15263, tax_amount#15264, net_amount#15265, payment_method#15295, city#15297, upper(trim(device_type#15268, None)) AS device_type#15299, event_type#15269, transaction_status#15270, event_time#15271, ingestion_time#15272, topic#15273, partition#15274, offset#15275L, kafka_timestamp#15276, currency#15277, exchange_rate#15278, ... 12 more fields]
                                    +- ~Project [event_id#15254, transaction_id#15255, customer_id#15256, merchant_id#15257, product_id#15258, product_name#15293, quantity#15260, unit_price#15261, gross_amount#15262, discount_amount#15263, tax_amount#15264, net_amount#15265, payment_method#15295, trim(city#15267, None) AS city#15297, device_type#15268, event_type#15269, transaction_status#15270, event_time#15271, ingestion_time#15272, topic#15273, partition#15274, offset#15275L, kafka_timestamp#15276, currency#15277, exchange_rate#15278, ... 12 more fields]
                                       +- ~Project [event_id#15254, transaction_id#15255, customer_id#15256, merchant_id#15257, product_id#15258, product_name#15293, quantity#15260, unit_price#15261, gross_amount#15262, discount_amount#15263, tax_amount#15264, net_amount#15265, upper(trim(payment_method#15266, None)) AS payment_method#15295, city#15267, device_type#15268, event_type#15269, transaction_status#15270, event_time#15271, ingestion_time#15272, topic#15273, partition#15274, offset#15275L, kafka_timestamp#15276, currency#15277, exchange_rate#15278, ... 12 more fields]
                                          +- ~Project [event_id#15254, transaction_id#15255, customer_id#15256, merchant_id#15257, product_id#15258, trim(product_name#15259, None) AS product_name#15293, quantity#15260, unit_price#15261, gross_amount#15262, discount_amount#15263, tax_amount#15264, net_amount#15265, payment_method#15266, city#15267, device_type#15268, event_type#15269, transaction_status#15270, event_time#15271, ingestion_time#15272, topic#15273, partition#15274, offset#15275L, kafka_timestamp#15276, currency#15277, exchange_rate#15278, ... 12 more fields]
                                             +- ~Filter (isnull(tax_amount#15264) OR (tax_amount#15264 >= cast(0 as double)))
                                                +- ~Filter (isnull(discount_amount#15263) OR (discount_amount#15263 >= cast(0 as double)))
                                                   +- ~Filter (net_amount#15265 >= cast(0 as double))
                                                      +- ~Filter (gross_amount#15262 >= cast(0 as double))
                                                         +- ~Filter (unit_price#15261 > cast(0 as double))
                                                            +- ~Filter (quantity#15260 > 0)
                                                               +- ~Filter isnotnull(event_time#15271)
                                                                  +- ~Filter isnotnull(city#15267)
                                                                     +- ~Filter isnotnull(payment_method#15266)
                                                                        +- ~Filter isnotnull(net_amount#15265)
                                                                           +- ~Filter isnotnull(gross_amount#15262)
                                                                              +- ~Filter isnotnull(unit_price#15261)
                                                                                 +- ~Filter isnotnull(quantity#15260)
                                                                                    +- ~Filter isnotnull(product_name#15259)
                                                                                       +- ~Filter isnotnull(product_id#15258)
                                                                                          +- ~Filter isnotnull(merchant_id#15257)
                                                                                             +- ~Filter isnotnull(customer_id#15256)
                                                                                                +- ~Filter isnotnull(transaction_id#15255)
                                                                                                   +- ~Filter isnotnull(event_id#15254)
                                                                                                      +- ~StreamingExecutionRelation DeltaSource[s3://dbstorage-prod-cpgdo/uc/3caf84d5-b3d7-4fa6-a0e4-69f50d7c5d27/8dbdb134-53db-41c4-a8c1-a01b8d04aacf/__unitystorage/catalogs/8af0af66-b28c-4b17-9c21-d4a5a323e3d0/tables/d20a61b9-3ce2-4323-a1ff-5970d0ec9b94], [event_id#15254, transaction_id#15255, customer_id#15256, merchant_id#15257, product_id#15258, product_name#15259, quantity#15260, unit_price#15261, gross_amount#15262, discount_amount#15263, tax_amount#15264, net_amount#15265, payment_method#15266, city#15267, device_type#15268, event_type#15269, transaction_status#15270, event_time#15271, ingestion_time#15272, topic#15273, partition#15274, offset#15275L, kafka_timestamp#15276, currency#15277, exchange_rate#15278, ... 12 more fields], `workspace`.`default`.`bronze_transactions`, name=<Unassigned>


Physical Plan:
*(2) Project [event_id#15433, transaction_id#15434, customer_id#15435, merchant_id#15436, product_id#15437, product_name#15293, quantity#15439, unit_price#15440, gross_amount#15441, discount_amount#15442, tax_amount#15443, net_amount#15444, payment_method#15295, city#15297, device_type#15299, event_type#15301, transaction_status#15303, event_time#15305, ingestion_time#15307, topic#15452, partition#15453, offset#15454L, kafka_timestamp#15455, upper(trim(currency#15456, None)) AS currency#15317, exchange_rate#15457, ... 13 more fields]
+- StreamingDeduplicate [event_id#15433], 1, state info [ checkpoint = dbfs:/Volumes/workspace/transaction_data_pipeline/silver/checkpoints/silver_transactions/state, runId = be2a0fb7-83a0-4d1e-aa40-2085bd28633c, opId = 0, ver = 1, numPartitions = 200] stateStoreCkptIds = None, 0, 0, true
   +- *(1) ColumnarToRow
      +- PhotonResultStage
         +- PhotonShuffleExchangeSource
            +- PhotonShuffleMapStage REQUIRED_BY_STATEFUL_OPERATOR, [id=#7796]
               +- PhotonShuffleExchangeSink hashpartitioning(event_id#15433, 200)
                  +- PhotonProject [event_id#15433, transaction_id#15434, customer_id#15435, merchant_id#15436, product_id#15437, trim(product_name#15438, None) AS product_name#15293, quantity#15439, unit_price#15440, gross_amount#15441, discount_amount#15442, tax_amount#15443, net_amount#15444, upper(trim(payment_method#15445, None)) AS payment_method#15295, trim(city#15446, None) AS city#15297, upper(trim(device_type#15447, None)) AS device_type#15299, upper(trim(event_type#15448, None)) AS event_type#15301, upper(trim(transaction_status#15449, None)) AS transaction_status#15303, cast(event_time#15450 as timestamp) AS event_time#15305, cast(ingestion_time#15451 as timestamp) AS ingestion_time#15307, topic#15452, partition#15453, offset#15454L, kafka_timestamp#15455, currency#15456, exchange_rate#15457, ... 12 more fields]
                     +- PhotonScan parquet workspace.default.bronze_transactions[event_id#15433,transaction_id#15434,customer_id#15435,merchant_id#15436,product_id#15437,product_name#15438,quantity#15439,unit_price#15440,gross_amount#15441,discount_amount#15442,tax_amount#15443,net_amount#15444,payment_method#15445,city#15446,device_type#15447,event_type#15448,transaction_status#15449,event_time#15450,ingestion_time#15451,topic#15452,partition#15453,offset#15454L,kafka_timestamp#15455,currency#15456,exchange_rate#15457,... 11 more fields] DataFilters: [isnotnull(customer_id#15435), isnotnull(merchant_id#15436), isnotnull(product_id#15437), isnotnu..., DictionaryFilters: [(gross_amount#15441 >= 0.0), (unit_price#15440 > 0.0), (quantity#15439 > 0), (net_amount#15444 >..., Format: parquet, Location: TahoeBatchFileIndex(1 paths)[s3://dbstorage-prod-cpgdo/uc/3caf84d5-b3d7-4fa6-a0e4-69f50d7c5d27/8d..., OptionalDataFilters: [], PartitionFilters: [], ReadSchema: struct<event_id:string,transaction_id:string,customer_id:int,merchant_id:int,product_id:int,produ..., RequiredDataFilters: [isnotnull(customer_id#15435), isnotnull(merchant_id#15436), isnotnull(product_id#15437), isnotnu...


JVM stacktrace:
org.apache.spark.sql.streaming.StreamingQueryException
	at org.apache.spark.sql.execution.streaming.runtime.StreamExecution.$anonfun$runStream$1(StreamExecution.scala:589)
	at scala.runtime.java8.JFunction0$mcV$sp.apply(JFunction0$mcV$sp.scala:18)
	at com.databricks.logging.AttributionContextTracing.$anonfun$withAttributionContext$1(AttributionContextTracing.scala:147)
	at com.databricks.logging.AttributionContext$.$anonfun$withValue$1(AttributionContext.scala:349)
	at scala.util.DynamicVariable.withValue(DynamicVariable.scala:59)
	at com.databricks.logging.AttributionContext$.withValue(AttributionContext.scala:345)
	at com.databricks.logging.AttributionContextTracing.withAttributionContext(AttributionContextTracing.scala:145)
	at com.databricks.logging.AttributionContextTracing.withAttributionContext$(AttributionContextTracing.scala:142)
	at com.databricks.spark.util.PublicDBLogging.withAttributionContext(DatabricksSparkUsageLogger.scala:29)
	at com.databricks.logging.AttributionContextTracing.withAttributionTags(AttributionContextTracing.scala:202)
	at com.databricks.logging.AttributionContextTracing.withAttributionTags$(AttributionContextTracing.scala:183)
	at com.databricks.spark.util.PublicDBLogging.withAttributionTags(DatabricksSparkUsageLogger.scala:29)
	at com.databricks.spark.util.PublicDBLogging.withAttributionTags0(DatabricksSparkUsageLogger.scala:108)
	at com.databricks.spark.util.DatabricksSparkUsageLogger.withAttributionTags(DatabricksSparkUsageLogger.scala:215)
	at com.databricks.spark.util.UsageLogging.$anonfun$withAttributionTags$1(UsageLogger.scala:668)
	at com.databricks.spark.util.UsageLogging$.withAttributionTags(UsageLogger.scala:780)
	at com.databricks.spark.util.UsageLogging$.withAttributionTags(UsageLogger.scala:789)
	at com.databricks.spark.util.UsageLogging.withAttributionTags(UsageLogger.scala:668)
	at com.databricks.spark.util.UsageLogging.withAttributionTags$(UsageLogger.scala:666)
	at org.apache.spark.sql.execution.streaming.runtime.StreamExecution.withAttributionTags(StreamExecution.scala:96)
	at org.apache.spark.sql.execution.streaming.runtime.StreamExecution.org$apache$spark$sql$execution$streaming$runtime$StreamExecution$$runStream(StreamExecution.scala:386)
	at org.apache.spark.sql.execution.streaming.runtime.StreamExecution$$anon$1.$anonfun$run$2(StreamExecution.scala:305)
	at scala.runtime.java8.JFunction0$mcV$sp.apply(JFunction0$mcV$sp.scala:18)
	at com.databricks.unity.UCSEphemeralState$Handle.runWith(UCSEphemeralState.scala:51)
	at com.databricks.unity.HandleImpl.runWith(UCSHandle.scala:104)
	at com.databricks.unity.HandleImpl.$anonfun$runWithAndClose$1(UCSHandle.scala:109)
	at scala.util.Using$.resource(Using.scala:296)
	at com.databricks.unity.HandleImpl.runWithAndClose(UCSHandle.scala:108)
	at org.apache.spark.sql.execution.streaming.runtime.StreamExecution$$anon$1.run(StreamExecution.scala:305)
Caused by: com.databricks.sql.transaction.tahoe.DeltaAnalysisExceptionWithSubErrors: [DELTA_METADATA_MISMATCH] A metadata mismatch was detected when writing to the Delta table.
- A schema mismatch detected when writing to the Delta table (Table ID: 03c19400-e115-4bb3-b045-41ec6437b27f).
To enable schema migration using DataFrameWriter or DataStreamWriter, please set: '.option("mergeSchema", "true")'.
For other operations, set the session configuration spark.databricks.delta.schema.autoMerge.enabled to "true". See the documentation specific to the operation for details.

Table schema:
root
 |-- event_id: string (nullable = true)
 |-- transaction_id: string (nullable = true)
 |-- customer_id: integer (nullable = true)
 |-- merchant_id: integer (nullable = true)
 |-- product_id: integer (nullable = true)
 |-- product_name: string (nullable = true)
 |-- quantity: integer (nullable = true)
 |-- unit_price: double (nullable = true)
 |-- gross_amount: double (nullable = true)
 |-- discount_amount: double (nullable = true)
 |-- tax_amount: double (nullable = true)
 |-- net_amount: double (nullable = true)
 |-- payment_method: string (nullable = true)
 |-- city: string (nullable = true)
 |-- device_type: string (nullable = true)
 |-- event_type: string (nullable = true)
 |-- transaction_status: string (nullable = true)
 |-- event_time: timestamp (nullable = true)
 |-- ingestion_time: timestamp (nullable = true)
 |-- topic: string (nullable = true)
 |-- partition: integer (nullable = true)
 |-- offset: long (nullable = true)
 |-- kafka_timestamp: timestamp (nullable = true)
 |-- processed_at: timestamp (nullable = true)


Data schema:
root
 |-- event_id: string (nullable = true)
 |-- transaction_id: string (nullable = true)
 |-- customer_id: integer (nullable = true)
 |-- merchant_id: integer (nullable = true)
 |-- product_id: integer (nullable = true)
 |-- product_name: string (nullable = true)
 |-- quantity: integer (nullable = true)
 |-- unit_price: double (nullable = true)
 |-- gross_amount: double (nullable = true)
 |-- discount_amount: double (nullable = true)
 |-- tax_amount: double (nullable = true)
 |-- net_amount: double (nullable = true)
 |-- payment_method: string (nullable = true)
 |-- city: string (nullable = true)
 |-- device_type: string (nullable = true)
 |-- event_type: string (nullable = true)
 |-- transaction_status: string (nullable = true)
 |-- event_time: timestamp (nullable = true)
 |-- ingestion_time: timestamp (nullable = true)
 |-- topic: string (nullable = true)
 |-- partition: integer (nullable = true)
 |-- offset: long (nullable = true)
 |-- kafka_timestamp: timestamp (nullable = true)
 |-- processed_at: timestamp (nullable = true)
 |-- currency: string (nullable = true)
 |-- exchange_rate: double (nullable = true)
 |-- profit_amount: double (nullable = true)
 |-- cost_price: double (nullable = true)
 |-- order_status: string (nullable = true)
 |-- payment_status: string (nullable = true)
 |-- delivery_status: string (nullable = true)
 |-- refund_amount: double (nullable = true)
 |-- customer_segment: string (nullable = true)
 |-- is_first_purchase: string (nullable = true)
 |-- session_id: string (nullable = true)
 |-- state: string (nullable = true)
 |-- country: string (nullable = true)
 |-- zip_code: string (nullable = true)


- Table ACLs are enabled in this cluster, so automatic schema migration is not allowed. Please use the ALTER TABLE command for changing the schema.
	at com.databricks.sql.transaction.tahoe.MetadataMismatchErrorBuilder.finalizeAndThrow(DeltaErrors.scala:4486)
	at com.databricks.sql.transaction.tahoe.schema.ImplicitMetadataOperation.updateMetadata(ImplicitMetadataOperation.scala:232)
	at com.databricks.sql.transaction.tahoe.schema.ImplicitMetadataOperation.updateMetadata$(ImplicitMetadataOperation.scala:92)
	at com.databricks.sql.transaction.tahoe.sources.DeltaSink.updateMetadata(DeltaSink.scala:85)
	at com.databricks.sql.transaction.tahoe.sources.DeltaSink.init(DeltaSink.scala:268)
	at org.apache.spark.sql.execution.streaming.runtime.MicroBatchExecution.runBatch(MicroBatchExecution.scala:2704)
	at org.apache.spark.sql.execution.streaming.runtime.MicroBatchExecution.$anonfun$executeOneBatch$6(MicroBatchExecution.scala:1299)
	at org.apache.spark.sql.execution.streaming.runtime.MicroBatchExecution.handleDataSourceException(MicroBatchExecution.scala:3615)
	at org.apache.spark.sql.execution.streaming.runtime.MicroBatchExecution.$anonfun$executeOneBatch$5(MicroBatchExecution.scala:1299)
	at org.apache.spark.sql.execution.streaming.runtime.MicroBatchExecution.withSchemaEvolution(MicroBatchExecution.scala:3560)
	at org.apache.spark.sql.execution.streaming.runtime.MicroBatchExecution.$anonfun$executeOneBatch$4(MicroBatchExecution.scala:1295)
	at scala.runtime.java8.JFunction0$mcV$sp.apply(JFunction0$mcV$sp.scala:18)
	at com.databricks.spark.util.FrameProfiler$.$anonfun$record$1(FrameProfiler.scala:114)
	at com.databricks.spark.util.FrameProfilerExporter$.maybeExportFrameProfiler(FrameProfilerExporter.scala:201)
	at com.databricks.spark.util.FrameProfiler$.record(FrameProfiler.scala:105)
	at org.apache.spark.sql.execution.streaming.runtime.ProgressContext.reportTimeTaken(ProgressReporter.scala:340)
	at org.apache.spark.sql.execution.streaming.runtime.MicroBatchExecution.$anonfun$executeOneBatch$3(MicroBatchExecution.scala:1248)
	at scala.runtime.java8.JFunction0$mcV$sp.apply(JFunction0$mcV$sp.scala:18)
	at com.databricks.logging.AttributionContextTracing.$anonfun$withAttributionContext$1(AttributionContextTracing.scala:147)
	at com.databricks.logging.AttributionContext$.$anonfun$withValue$1(AttributionContext.scala:349)
	at scala.util.DynamicVariable.withValue(DynamicVariable.scala:59)
	at com.databricks.logging.AttributionContext$.withValue(AttributionContext.scala:345)
	at com.databricks.logging.AttributionContextTracing.withAttributionContext(AttributionContextTracing.scala:145)
	at com.databricks.logging.AttributionContextTracing.withAttributionContext$(AttributionContextTracing.scala:142)
	at com.databricks.spark.util.PublicDBLogging.withAttributionContext(DatabricksSparkUsageLogger.scala:29)
	at com.databricks.logging.AttributionContextTracing.withAttributionTags(AttributionContextTracing.scala:202)
	at com.databricks.logging.AttributionContextTracing.withAttributionTags$(AttributionContextTracing.scala:183)
	at com.databricks.spark.util.PublicDBLogging.withAttributionTags(DatabricksSparkUsageLogger.scala:29)
	at com.databricks.spark.util.PublicDBLogging.withAttributionTags0(DatabricksSparkUsageLogger.scala:108)
	at com.databricks.spark.util.DatabricksSparkUsageLogger.withAttributionTags(DatabricksSparkUsageLogger.scala:215)
	at com.databricks.spark.util.UsageLogging.$anonfun$withAttributionTags$1(UsageLogger.scala:668)
	at com.databricks.spark.util.UsageLogging$.withAttributionTags(UsageLogger.scala:780)
	at com.databricks.spark.util.UsageLogging$.withAttributionTags(UsageLogger.scala:789)
	at com.databricks.spark.util.UsageLogging.withAttributionTags(UsageLogger.scala:668)
	at com.databricks.spark.util.UsageLogging.withAttributionTags$(UsageLogger.scala:666)
	at org.apache.spark.sql.execution.streaming.runtime.StreamExecution.withAttributionTags(StreamExecution.scala:96)
	at org.apache.spark.sql.execution.streaming.runtime.MicroBatchExecution.executeOneBatch(MicroBatchExecution.scala:1242)
	at org.apache.spark.sql.execution.streaming.runtime.MicroBatchExecution.$anonfun$runActivatedStreamWithListener$1(MicroBatchExecution.scala:1203)
	at org.apache.spark.sql.execution.streaming.runtime.MicroBatchExecution.$anonfun$runActivatedStreamWithListener$1$adapted(MicroBatchExecution.scala:1203)
	at org.apache.spark.sql.execution.streaming.runtime.ConcurrentExecutor.$anonfun$runOneBatch$4(TriggerExecutor.scala:663)
	at org.apache.spark.util.threads.SparkThreadLocalCapturingRunnable.$anonfun$run$1(SparkThreadLocalForwardingThreadPoolExecutor.scala:171)
	at scala.runtime.java8.JFunction0$mcV$sp.apply(JFunction0$mcV$sp.scala:18)
	at com.databricks.spark.util.DBRTracing$.withSpanFromParent(DBRTracing.scala:70)
	at org.apache.spark.util.threads.SparkThreadLocalCapturingHelper.$anonfun$runWithCaptured$7(SparkThreadLocalForwardingThreadPoolExecutor.scala:124)
	at com.databricks.util.LexicalThreadLocal$Handle.runWith(LexicalThreadLocal.scala:63)
	at org.apache.spark.util.threads.SparkThreadLocalCapturingHelper.$anonfun$runWithCaptured$6(SparkThreadLocalForwardingThreadPoolExecutor.scala:123)
	at com.databricks.sql.transaction.tahoe.mst.MSTThreadHelper$.runWithMSTContext(MSTThreadHelper.scala:60)
	at org.apache.spark.util.threads.SparkThreadLocalCapturingHelper.$anonfun$runWithCaptured$5(SparkThreadLocalForwardingThreadPoolExecutor.scala:120)
	at com.databricks.spark.util.IdentityClaim$.withClaim(IdentityClaim.scala:48)
	at org.apache.spark.util.threads.SparkThreadLocalCapturingHelper.$anonfun$runWithCaptured$4(SparkThreadLocalForwardingThreadPoolExecutor.scala:119)
	at com.databricks.unity.UCSEphemeralState$Handle.runWith(UCSEphemeralState.scala:51)
	at org.apache.spark.util.threads.SparkThreadLocalCapturingHelper.runWithCaptured(SparkThreadLocalForwardingThreadPoolExecutor.scala:118)
	at org.apache.spark.util.threads.SparkThreadLocalCapturingHelper.runWithCaptured$(SparkThreadLocalForwardingThreadPoolExecutor.scala:95)
	at org.apache.spark.util.threads.SparkThreadLocalCapturingRunnable.runWithCaptured(SparkThreadLocalForwardingThreadPoolExecutor.scala:168)
	at org.apache.spark.util.threads.SparkThreadLocalCapturingRunnable.run(SparkThreadLocalForwardingThreadPoolExecutor.scala:171)
	at java.util.concurrent.ThreadPoolExecutor.runWorker(ThreadPoolExecutor.java:1136)
	at java.util.concurrent.ThreadPoolExecutor$Worker.run(ThreadPoolExecutor.java:635)
	at java.lang.Thread.run(Thread.java:840)
Traceback (most recent call last):
  File "/Workspace/Repos/gnavin478@gmail.com/Realtime-Transaction-Pipeline/pyspark_streaming/silver/silver_transform.py", line 101, in write_to_silver
    query.awaitTermination()
  File "/databricks/python/lib/python3.12/site-packages/pyspark/sql/connect/streaming/query.py", line 100, in awaitTermination
    self._execute_streaming_query_cmd(cmd)
  File "/databricks/python/lib/python3.12/site-packages/pyspark/sql/connect/streaming/query.py", line 188, in _execute_streaming_query_cmd
    (_, properties, _) = self._session.client.execute_command(exec_cmd)
                         ^^^^^^^^^^^^^^^^^^^^^^^^^^^^^^^^^^^^^^^^^^^^^^
  File "/databricks/python/lib/python3.12/site-packages/pyspark/sql/connect/client/core.py", line 1538, in execute_command
    data, _, metrics, observed_metrics, properties = self._execute_and_fetch(
                                                     ^^^^^^^^^^^^^^^^^^^^^^^^
  File "/databricks/python/lib/python3.12/site-packages/pyspark/sql/connect/client/core.py", line 2086, in _execute_and_fetch
    for response in self._execute_and_fetch_as_iterator(
  File "/databricks/python/lib/python3.12/site-packages/pyspark/sql/connect/client/core.py", line 2062, in _execute_and_fetch_as_iterator
    self._handle_error(error)
  File "/databricks/python/lib/python3.12/site-packages/pyspark/sql/connect/client/core.py", line 2380, in _handle_error
    self._handle_rpc_error(error)
  File "/databricks/python/lib/python3.12/site-packages/pyspark/sql/connect/client/core.py", line 2458, in _handle_rpc_error
    raise convert_exception(
pyspark.errors.exceptions.connect.StreamingQueryException: [STREAM_FAILED] Query [id = b38c02c5-8c0b-461a-bb40-69b37e8730c0, runId = be2a0fb7-83a0-4d1e-aa40-2085bd28633c] terminated with exception: [DELTA_METADATA_MISMATCH] A metadata mismatch was detected when writing to the Delta table.
- A schema mismatch detected when writing to the Delta table (Table ID: 03c19400-e115-4bb3-b045-41ec6437b27f).
To enable schema migration using DataFrameWriter or DataStreamWriter, please set: '.option("mergeSchema", "true")'.
For other operations, set the session configuration spark.databricks.delta.schema.autoMerge.enabled to "true". See the documentation specific to the operation for details.

Table schema:
root
 |-- event_id: string (nullable = true)
 |-- transaction_id: string (nullable = true)
 |-- customer_id: integer (nullable = true)
 |-- merchant_id: integer (nullable = true)
 |-- product_id: integer (nullable = true)
 |-- product_name: string (nullable = true)
 |-- quantity: integer (nullable = true)
 |-- unit_price: double (nullable = true)
 |-- gross_amount: double (nullable = true)
 |-- discount_amount: double (nullable = true)
 |-- tax_amount: double (nullable = true)
 |-- net_amount: double (nullable = true)
 |-- payment_method: string (nullable = true)
 |-- city: string (nullable = true)
 |-- device_type: string (nullable = true)
 |-- event_type: string (nullable = true)
 |-- transaction_status: string (nullable = true)
 |-- event_time: timestamp (nullable = true)
 |-- ingestion_time: timestamp (nullable = true)
 |-- topic: string (nullable = true)
 |-- partition: integer (nullable = true)
 |-- offset: long (nullable = true)
 |-- kafka_timestamp: timestamp (nullable = true)
 |-- processed_at: timestamp (nullable = true)


Data schema:
root
 |-- event_id: string (nullable = true)
 |-- transaction_id: string (nullable = true)
 |-- customer_id: integer (nullable = true)
 |-- merchant_id: integer (nullable = true)
 |-- product_id: integer (nullable = true)
 |-- product_name: string (nullable = true)
 |-- quantity: integer (nullable = true)
 |-- unit_price: double (nullable = true)
 |-- gross_amount: double (nullable = true)
 |-- discount_amount: double (nullable = true)
 |-- tax_amount: double (nullable = true)
 |-- net_amount: double (nullable = true)
 |-- payment_method: string (nullable = true)
 |-- city: string (nullable = true)
 |-- device_type: string (nullable = true)
 |-- event_type: string (nullable = true)
 |-- transaction_status: string (nullable = true)
 |-- event_time: timestamp (nullable = true)
 |-- ingestion_time: timestamp (nullable = true)
 |-- topic: string (nullable = true)
 |-- partition: integer (nullable = true)
 |-- offset: long (nullable = true)
 |-- kafka_timestamp: timestamp (nullable = true)
 |-- processed_at: timestamp (nullable = true)
 |-- currency: string (nullable = true)
 |-- exchange_rate: double (nullable = true)
 |-- profit_amount: double (nullable = true)
 |-- cost_price: double (nullable = true)
 |-- order_status: string (nullable = true)
 |-- payment_status: string (nullable = true)
 |-- delivery_status: string (nullable = true)
 |-- refund_amount: double (nullable = true)
 |-- customer_segment: string (nullable = true)
 |-- is_first_purchase: string (nullable = true)
 |-- session_id: string (nullable = true)
 |-- state: string (nullable = true)
 |-- country: string (nullable = true)
 |-- zip_code: string (nullable = true)


- Table ACLs are enabled in this cluster, so automatic schema migration is not allowed. Please use the ALTER TABLE command for changing the schema. SQLSTATE: XXKST
=== Streaming Query ===
Identifier: [id = b38c02c5-8c0b-461a-bb40-69b37e8730c0, runId = be2a0fb7-83a0-4d1e-aa40-2085bd28633c]
Current Start Offsets: {DeltaSource[s3://dbstorage-prod-cpgdo/uc/3caf84d5-b3d7-4fa6-a0e4-69f50d7c5d27/8dbdb134-53db-41c4-a8c1-a01b8d04aacf/__unitystorage/catalogs/8af0af66-b28c-4b17-9c21-d4a5a323e3d0/tables/d20a61b9-3ce2-4323-a1ff-5970d0ec9b94]: {"sourceVersion":1,"reservoirId":"7831103a-de04-4071-b217-57d8e3dd1f21","reservoirVersion":6,"index":-1,"isStartingVersion":false}}
Current End Offsets: {DeltaSource[s3://dbstorage-prod-cpgdo/uc/3caf84d5-b3d7-4fa6-a0e4-69f50d7c5d27/8dbdb134-53db-41c4-a8c1-a01b8d04aacf/__unitystorage/catalogs/8af0af66-b28c-4b17-9c21-d4a5a323e3d0/tables/d20a61b9-3ce2-4323-a1ff-5970d0ec9b94]: {"sourceVersion":1,"reservoirId":"7831103a-de04-4071-b217-57d8e3dd1f21","reservoirVersion":6,"index":-1,"isStartingVersion":false}}

Current State: ACTIVE
Thread State: RUNNABLE

Logical Plan:
~WriteToMicroBatchDataSourceV1 `workspace`.`default`.`silver_transactions`, DeltaSink[s3://dbstorage-prod-cpgdo/uc/3caf84d5-b3d7-4fa6-a0e4-69f50d7c5d27/8dbdb134-53db-41c4-a8c1-a01b8d04aacf/__unitystorage/catalogs/8af0af66-b28c-4b17-9c21-d4a5a323e3d0/tables/629bf959-540a-496d-8510-fd5f9c731b5d], b38c02c5-8c0b-461a-bb40-69b37e8730c0, [checkpointLocation=/Volumes/workspace/transaction_data_pipeline/silver/checkpoints/silver_transactions, path=s3://dbstorage-prod-cpgdo/uc/3caf84d5-b3d7-4fa6-a0e4-69f50d7c5d27/8dbdb134-53db-41c4-a8c1-a01b8d04aacf/__unitystorage/catalogs/8af0af66-b28c-4b17-9c21-d4a5a323e3d0/tables/629bf959-540a-496d-8510-fd5f9c731b5d], Append
+- ~Project [event_id#15254, transaction_id#15255, customer_id#15256, merchant_id#15257, product_id#15258, product_name#15293, quantity#15260, unit_price#15261, gross_amount#15262, discount_amount#15263, tax_amount#15264, net_amount#15265, payment_method#15295, city#15297, device_type#15299, event_type#15301, transaction_status#15303, event_time#15305, ingestion_time#15307, topic#15273, partition#15274, offset#15275L, kafka_timestamp#15276, currency#15317, exchange_rate#15278, ... 13 more fields]
   +- ~Project [event_id#15254, transaction_id#15255, customer_id#15256, merchant_id#15257, product_id#15258, product_name#15293, quantity#15260, unit_price#15261, gross_amount#15262, discount_amount#15263, tax_amount#15264, net_amount#15265, payment_method#15295, city#15297, device_type#15299, event_type#15301, transaction_status#15303, event_time#15305, ingestion_time#15307, topic#15273, partition#15274, offset#15275L, kafka_timestamp#15276, upper(trim(currency#15277, None)) AS currency#15317, exchange_rate#15278, ... 13 more fields]
      +- ~Project [event_id#15254, transaction_id#15255, customer_id#15256, merchant_id#15257, product_id#15258, product_name#15293, quantity#15260, unit_price#15261, gross_amount#15262, discount_amount#15263, tax_amount#15264, net_amount#15265, payment_method#15295, city#15297, device_type#15299, event_type#15301, transaction_status#15303, event_time#15305, ingestion_time#15307, topic#15273, partition#15274, offset#15275L, kafka_timestamp#15276, currency#15277, exchange_rate#15278, ... 13 more fields]
         +- ~Project [event_id#15254, transaction_id#15255, customer_id#15256, merchant_id#15257, product_id#15258, product_name#15293, quantity#15260, unit_price#15261, gross_amount#15262, discount_amount#15263, tax_amount#15264, net_amount#15265, payment_method#15295, city#15297, device_type#15299, event_type#15301, transaction_status#15303, event_time#15305, ingestion_time#15307, topic#15273, partition#15274, offset#15275L, kafka_timestamp#15276, currency#15277, exchange_rate#15278, ... 13 more fields]
            +- ~Project [event_id#15254, transaction_id#15255, customer_id#15256, merchant_id#15257, product_id#15258, product_name#15293, quantity#15260, unit_price#15261, gross_amount#15262, discount_amount#15263, tax_amount#15264, net_amount#15265, payment_method#15295, city#15297, device_type#15299, event_type#15301, transaction_status#15303, event_time#15305, ingestion_time#15307, topic#15273, partition#15274, offset#15275L, kafka_timestamp#15276, currency#15277, exchange_rate#15278, ... 13 more fields]
               +- ~Deduplicate [event_id#15254]
                  +- ~Project [event_id#15254, transaction_id#15255, customer_id#15256, merchant_id#15257, product_id#15258, product_name#15293, quantity#15260, unit_price#15261, gross_amount#15262, discount_amount#15263, tax_amount#15264, net_amount#15265, payment_method#15295, city#15297, device_type#15299, event_type#15301, transaction_status#15303, event_time#15305, ingestion_time#15307, topic#15273, partition#15274, offset#15275L, kafka_timestamp#15276, currency#15277, exchange_rate#15278, ... 13 more fields]
                     +- ~Project [event_id#15254, transaction_id#15255, customer_id#15256, merchant_id#15257, product_id#15258, product_name#15293, quantity#15260, unit_price#15261, gross_amount#15262, discount_amount#15263, tax_amount#15264, net_amount#15265, payment_method#15295, city#15297, device_type#15299, event_type#15301, transaction_status#15303, event_time#15305, to_timestamp(ingestion_time#15272, None, TimestampType, Some(Etc/UTC), true) AS ingestion_time#15307, topic#15273, partition#15274, offset#15275L, kafka_timestamp#15276, currency#15277, exchange_rate#15278, ... 12 more fields]
                        +- ~Project [event_id#15254, transaction_id#15255, customer_id#15256, merchant_id#15257, product_id#15258, product_name#15293, quantity#15260, unit_price#15261, gross_amount#15262, discount_amount#15263, tax_amount#15264, net_amount#15265, payment_method#15295, city#15297, device_type#15299, event_type#15301, transaction_status#15303, to_timestamp(event_time#15271, None, TimestampType, Some(Etc/UTC), true) AS event_time#15305, ingestion_time#15272, topic#15273, partition#15274, offset#15275L, kafka_timestamp#15276, currency#15277, exchange_rate#15278, ... 12 more fields]
                           +- ~Project [event_id#15254, transaction_id#15255, customer_id#15256, merchant_id#15257, product_id#15258, product_name#15293, quantity#15260, unit_price#15261, gross_amount#15262, discount_amount#15263, tax_amount#15264, net_amount#15265, payment_method#15295, city#15297, device_type#15299, event_type#15301, upper(trim(transaction_status#15270, None)) AS transaction_status#15303, event_time#15271, ingestion_time#15272, topic#15273, partition#15274, offset#15275L, kafka_timestamp#15276, currency#15277, exchange_rate#15278, ... 12 more fields]
                              +- ~Project [event_id#15254, transaction_id#15255, customer_id#15256, merchant_id#15257, product_id#15258, product_name#15293, quantity#15260, unit_price#15261, gross_amount#15262, discount_amount#15263, tax_amount#15264, net_amount#15265, payment_method#15295, city#15297, device_type#15299, upper(trim(event_type#15269, None)) AS event_type#15301, transaction_status#15270, event_time#15271, ingestion_time#15272, topic#15273, partition#15274, offset#15275L, kafka_timestamp#15276, currency#15277, exchange_rate#15278, ... 12 more fields]
                                 +- ~Project [event_id#15254, transaction_id#15255, customer_id#15256, merchant_id#15257, product_id#15258, product_name#15293, quantity#15260, unit_price#15261, gross_amount#15262, discount_amount#15263, tax_amount#15264, net_amount#15265, payment_method#15295, city#15297, upper(trim(device_type#15268, None)) AS device_type#15299, event_type#15269, transaction_status#15270, event_time#15271, ingestion_time#15272, topic#15273, partition#15274, offset#15275L, kafka_timestamp#15276, currency#15277, exchange_rate#15278, ... 12 more fields]
                                    +- ~Project [event_id#15254, transaction_id#15255, customer_id#15256, merchant_id#15257, product_id#15258, product_name#15293, quantity#15260, unit_price#15261, gross_amount#15262, discount_amount#15263, tax_amount#15264, net_amount#15265, payment_method#15295, trim(city#15267, None) AS city#15297, device_type#15268, event_type#15269, transaction_status#15270, event_time#15271, ingestion_time#15272, topic#15273, partition#15274, offset#15275L, kafka_timestamp#15276, currency#15277, exchange_rate#15278, ... 12 more fields]
                                       +- ~Project [event_id#15254, transaction_id#15255, customer_id#15256, merchant_id#15257, product_id#15258, product_name#15293, quantity#15260, unit_price#15261, gross_amount#15262, discount_amount#15263, tax_amount#15264, net_amount#15265, upper(trim(payment_method#15266, None)) AS payment_method#15295, city#15267, device_type#15268, event_type#15269, transaction_status#15270, event_time#15271, ingestion_time#15272, topic#15273, partition#15274, offset#15275L, kafka_timestamp#15276, currency#15277, exchange_rate#15278, ... 12 more fields]
                                          +- ~Project [event_id#15254, transaction_id#15255, customer_id#15256, merchant_id#15257, product_id#15258, trim(product_name#15259, None) AS product_name#15293, quantity#15260, unit_price#15261, gross_amount#15262, discount_amount#15263, tax_amount#15264, net_amount#15265, payment_method#15266, city#15267, device_type#15268, event_type#15269, transaction_status#15270, event_time#15271, ingestion_time#15272, topic#15273, partition#15274, offset#15275L, kafka_timestamp#15276, currency#15277, exchange_rate#15278, ... 12 more fields]
                                             +- ~Filter (isnull(tax_amount#15264) OR (tax_amount#15264 >= cast(0 as double)))
                                                +- ~Filter (isnull(discount_amount#15263) OR (discount_amount#15263 >= cast(0 as double)))
                                                   +- ~Filter (net_amount#15265 >= cast(0 as double))
                                                      +- ~Filter (gross_amount#15262 >= cast(0 as double))
                                                         +- ~Filter (unit_price#15261 > cast(0 as double))
                                                            +- ~Filter (quantity#15260 > 0)
                                                               +- ~Filter isnotnull(event_time#15271)
                                                                  +- ~Filter isnotnull(city#15267)
                                                                     +- ~Filter isnotnull(payment_method#15266)
                                                                        +- ~Filter isnotnull(net_amount#15265)
                                                                           +- ~Filter isnotnull(gross_amount#15262)
                                                                              +- ~Filter isnotnull(unit_price#15261)
                                                                                 +- ~Filter isnotnull(quantity#15260)
                                                                                    +- ~Filter isnotnull(product_name#15259)
                                                                                       +- ~Filter isnotnull(product_id#15258)
                                                                                          +- ~Filter isnotnull(merchant_id#15257)
                                                                                             +- ~Filter isnotnull(customer_id#15256)
                                                                                                +- ~Filter isnotnull(transaction_id#15255)
                                                                                                   +- ~Filter isnotnull(event_id#15254)
                                                                                                      +- ~StreamingExecutionRelation DeltaSource[s3://dbstorage-prod-cpgdo/uc/3caf84d5-b3d7-4fa6-a0e4-69f50d7c5d27/8dbdb134-53db-41c4-a8c1-a01b8d04aacf/__unitystorage/catalogs/8af0af66-b28c-4b17-9c21-d4a5a323e3d0/tables/d20a61b9-3ce2-4323-a1ff-5970d0ec9b94], [event_id#15254, transaction_id#15255, customer_id#15256, merchant_id#15257, product_id#15258, product_name#15259, quantity#15260, unit_price#15261, gross_amount#15262, discount_amount#15263, tax_amount#15264, net_amount#15265, payment_method#15266, city#15267, device_type#15268, event_type#15269, transaction_status#15270, event_time#15271, ingestion_time#15272, topic#15273, partition#15274, offset#15275L, kafka_timestamp#15276, currency#15277, exchange_rate#15278, ... 12 more fields], `workspace`.`default`.`bronze_transactions`, name=<Unassigned>


Physical Plan:
*(2) Project [event_id#15433, transaction_id#15434, customer_id#15435, merchant_id#15436, product_id#15437, product_name#15293, quantity#15439, unit_price#15440, gross_amount#15441, discount_amount#15442, tax_amount#15443, net_amount#15444, payment_method#15295, city#15297, device_type#15299, event_type#15301, transaction_status#15303, event_time#15305, ingestion_time#15307, topic#15452, partition#15453, offset#15454L, kafka_timestamp#15455, upper(trim(currency#15456, None)) AS currency#15317, exchange_rate#15457, ... 13 more fields]
+- StreamingDeduplicate [event_id#15433], 1, state info [ checkpoint = dbfs:/Volumes/workspace/transaction_data_pipeline/silver/checkpoints/silver_transactions/state, runId = be2a0fb7-83a0-4d1e-aa40-2085bd28633c, opId = 0, ver = 1, numPartitions = 200] stateStoreCkptIds = None, 0, 0, true
   +- *(1) ColumnarToRow
      +- PhotonResultStage
         +- PhotonShuffleExchangeSource
            +- PhotonShuffleMapStage REQUIRED_BY_STATEFUL_OPERATOR, [id=#7796]
               +- PhotonShuffleExchangeSink hashpartitioning(event_id#15433, 200)
                  +- PhotonProject [event_id#15433, transaction_id#15434, customer_id#15435, merchant_id#15436, product_id#15437, trim(product_name#15438, None) AS product_name#15293, quantity#15439, unit_price#15440, gross_amount#15441, discount_amount#15442, tax_amount#15443, net_amount#15444, upper(trim(payment_method#15445, None)) AS payment_method#15295, trim(city#15446, None) AS city#15297, upper(trim(device_type#15447, None)) AS device_type#15299, upper(trim(event_type#15448, None)) AS event_type#15301, upper(trim(transaction_status#15449, None)) AS transaction_status#15303, cast(event_time#15450 as timestamp) AS event_time#15305, cast(ingestion_time#15451 as timestamp) AS ingestion_time#15307, topic#15452, partition#15453, offset#15454L, kafka_timestamp#15455, currency#15456, exchange_rate#15457, ... 12 more fields]
                     +- PhotonScan parquet workspace.default.bronze_transactions[event_id#15433,transaction_id#15434,customer_id#15435,merchant_id#15436,product_id#15437,product_name#15438,quantity#15439,unit_price#15440,gross_amount#15441,discount_amount#15442,tax_amount#15443,net_amount#15444,payment_method#15445,city#15446,device_type#15447,event_type#15448,transaction_status#15449,event_time#15450,ingestion_time#15451,topic#15452,partition#15453,offset#15454L,kafka_timestamp#15455,currency#15456,exchange_rate#15457,... 11 more fields] DataFilters: [isnotnull(customer_id#15435), isnotnull(merchant_id#15436), isnotnull(product_id#15437), isnotnu..., DictionaryFilters: [(gross_amount#15441 >= 0.0), (unit_price#15440 > 0.0), (quantity#15439 > 0), (net_amount#15444 >..., Format: parquet, Location: TahoeBatchFileIndex(1 paths)[s3://dbstorage-prod-cpgdo/uc/3caf84d5-b3d7-4fa6-a0e4-69f50d7c5d27/8d..., OptionalDataFilters: [], PartitionFilters: [], ReadSchema: struct<event_id:string,transaction_id:string,customer_id:int,merchant_id:int,product_id:int,produ..., RequiredDataFilters: [isnotnull(customer_id#15435), isnotnull(merchant_id#15436), isnotnull(product_id#15437), isnotnu...


JVM stacktrace:
org.apache.spark.sql.streaming.StreamingQueryException
	at org.apache.spark.sql.execution.streaming.runtime.StreamExecution.$anonfun$runStream$1(StreamExecution.scala:589)
	at scala.runtime.java8.JFunction0$mcV$sp.apply(JFunction0$mcV$sp.scala:18)
	at com.databricks.logging.AttributionContextTracing.$anonfun$withAttributionContext$1(AttributionContextTracing.scala:147)
	at com.databricks.logging.AttributionContext$.$anonfun$withValue$1(AttributionContext.scala:349)
	at scala.util.DynamicVariable.withValue(DynamicVariable.scala:59)
	at com.databricks.logging.AttributionContext$.withValue(AttributionContext.scala:345)
	at com.databricks.logging.AttributionContextTracing.withAttributionContext(AttributionContextTracing.scala:145)
	at com.databricks.logging.AttributionContextTracing.withAttributionContext$(AttributionContextTracing.scala:142)
	at com.databricks.spark.util.PublicDBLogging.withAttributionContext(DatabricksSparkUsageLogger.scala:29)
	at com.databricks.logging.AttributionContextTracing.withAttributionTags(AttributionContextTracing.scala:202)
	at com.databricks.logging.AttributionContextTracing.withAttributionTags$(AttributionContextTracing.scala:183)
	at com.databricks.spark.util.PublicDBLogging.withAttributionTags(DatabricksSparkUsageLogger.scala:29)
	at com.databricks.spark.util.PublicDBLogging.withAttributionTags0(DatabricksSparkUsageLogger.scala:108)
	at com.databricks.spark.util.DatabricksSparkUsageLogger.withAttributionTags(DatabricksSparkUsageLogger.scala:215)
	at com.databricks.spark.util.UsageLogging.$anonfun$withAttributionTags$1(UsageLogger.scala:668)
	at com.databricks.spark.util.UsageLogging$.withAttributionTags(UsageLogger.scala:780)
	at com.databricks.spark.util.UsageLogging$.withAttributionTags(UsageLogger.scala:789)
	at com.databricks.spark.util.UsageLogging.withAttributionTags(UsageLogger.scala:668)
	at com.databricks.spark.util.UsageLogging.withAttributionTags$(UsageLogger.scala:666)
	at org.apache.spark.sql.execution.streaming.runtime.StreamExecution.withAttributionTags(StreamExecution.scala:96)
	at org.apache.spark.sql.execution.streaming.runtime.StreamExecution.org$apache$spark$sql$execution$streaming$runtime$StreamExecution$$runStream(StreamExecution.scala:386)
	at org.apache.spark.sql.execution.streaming.runtime.StreamExecution$$anon$1.$anonfun$run$2(StreamExecution.scala:305)
	at scala.runtime.java8.JFunction0$mcV$sp.apply(JFunction0$mcV$sp.scala:18)
	at com.databricks.unity.UCSEphemeralState$Handle.runWith(UCSEphemeralState.scala:51)
	at com.databricks.unity.HandleImpl.runWith(UCSHandle.scala:104)
	at com.databricks.unity.HandleImpl.$anonfun$runWithAndClose$1(UCSHandle.scala:109)
	at scala.util.Using$.resource(Using.scala:296)
	at com.databricks.unity.HandleImpl.runWithAndClose(UCSHandle.scala:108)
	at org.apache.spark.sql.execution.streaming.runtime.StreamExecution$$anon$1.run(StreamExecution.scala:305)
Caused by: com.databricks.sql.transaction.tahoe.DeltaAnalysisExceptionWithSubErrors: [DELTA_METADATA_MISMATCH] A metadata mismatch was detected when writing to the Delta table.
- A schema mismatch detected when writing to the Delta table (Table ID: 03c19400-e115-4bb3-b045-41ec6437b27f).
To enable schema migration using DataFrameWriter or DataStreamWriter, please set: '.option("mergeSchema", "true")'.
For other operations, set the session configuration spark.databricks.delta.schema.autoMerge.enabled to "true". See the documentation specific to the operation for details.

Table schema:
root
 |-- event_id: string (nullable = true)
 |-- transaction_id: string (nullable = true)
 |-- customer_id: integer (nullable = true)
 |-- merchant_id: integer (nullable = true)
 |-- product_id: integer (nullable = true)
 |-- product_name: string (nullable = true)
 |-- quantity: integer (nullable = true)
 |-- unit_price: double (nullable = true)
 |-- gross_amount: double (nullable = true)
 |-- discount_amount: double (nullable = true)
 |-- tax_amount: double (nullable = true)
 |-- net_amount: double (nullable = true)
 |-- payment_method: string (nullable = true)
 |-- city: string (nullable = true)
 |-- device_type: string (nullable = true)
 |-- event_type: string (nullable = true)
 |-- transaction_status: string (nullable = true)
 |-- event_time: timestamp (nullable = true)
 |-- ingestion_time: timestamp (nullable = true)
 |-- topic: string (nullable = true)
 |-- partition: integer (nullable = true)
 |-- offset: long (nullable = true)
 |-- kafka_timestamp: timestamp (nullable = true)
 |-- processed_at: timestamp (nullable = true)


Data schema:
root
 |-- event_id: string (nullable = true)
 |-- transaction_id: string (nullable = true)
 |-- customer_id: integer (nullable = true)
 |-- merchant_id: integer (nullable = true)
 |-- product_id: integer (nullable = true)
 |-- product_name: string (nullable = true)
 |-- quantity: integer (nullable = true)
 |-- unit_price: double (nullable = true)
 |-- gross_amount: double (nullable = true)
 |-- discount_amount: double (nullable = true)
 |-- tax_amount: double (nullable = true)
 |-- net_amount: double (nullable = true)
 |-- payment_method: string (nullable = true)
 |-- city: string (nullable = true)
 |-- device_type: string (nullable = true)
 |-- event_type: string (nullable = true)
 |-- transaction_status: string (nullable = true)
 |-- event_time: timestamp (nullable = true)
 |-- ingestion_time: timestamp (nullable = true)
 |-- topic: string (nullable = true)
 |-- partition: integer (nullable = true)
 |-- offset: long (nullable = true)
 |-- kafka_timestamp: timestamp (nullable = true)
 |-- processed_at: timestamp (nullable = true)
 |-- currency: string (nullable = true)
 |-- exchange_rate: double (nullable = true)
 |-- profit_amount: double (nullable = true)
 |-- cost_price: double (nullable = true)
 |-- order_status: string (nullable = true)
 |-- payment_status: string (nullable = true)
 |-- delivery_status: string (nullable = true)
 |-- refund_amount: double (nullable = true)
 |-- customer_segment: string (nullable = true)
 |-- is_first_purchase: string (nullable = true)
 |-- session_id: string (nullable = true)
 |-- state: string (nullable = true)
 |-- country: string (nullable = true)
 |-- zip_code: string (nullable = true)


- Table ACLs are enabled in this cluster, so automatic schema migration is not allowed. Please use the ALTER TABLE command for changing the schema.
	at com.databricks.sql.transaction.tahoe.MetadataMismatchErrorBuilder.finalizeAndThrow(DeltaErrors.scala:4486)
	at com.databricks.sql.transaction.tahoe.schema.ImplicitMetadataOperation.updateMetadata(ImplicitMetadataOperation.scala:232)
	at com.databricks.sql.transaction.tahoe.schema.ImplicitMetadataOperation.updateMetadata$(ImplicitMetadataOperation.scala:92)
	at com.databricks.sql.transaction.tahoe.sources.DeltaSink.updateMetadata(DeltaSink.scala:85)
	at com.databricks.sql.transaction.tahoe.sources.DeltaSink.init(DeltaSink.scala:268)
	at org.apache.spark.sql.execution.streaming.runtime.MicroBatchExecution.runBatch(MicroBatchExecution.scala:2704)
	at org.apache.spark.sql.execution.streaming.runtime.MicroBatchExecution.$anonfun$executeOneBatch$6(MicroBatchExecution.scala:1299)
	at org.apache.spark.sql.execution.streaming.runtime.MicroBatchExecution.handleDataSourceException(MicroBatchExecution.scala:3615)
	at org.apache.spark.sql.execution.streaming.runtime.MicroBatchExecution.$anonfun$executeOneBatch$5(MicroBatchExecution.scala:1299)
	at org.apache.spark.sql.execution.streaming.runtime.MicroBatchExecution.withSchemaEvolution(MicroBatchExecution.scala:3560)
	at org.apache.spark.sql.execution.streaming.runtime.MicroBatchExecution.$anonfun$executeOneBatch$4(MicroBatchExecution.scala:1295)
	at scala.runtime.java8.JFunction0$mcV$sp.apply(JFunction0$mcV$sp.scala:18)
	at com.databricks.spark.util.FrameProfiler$.$anonfun$record$1(FrameProfiler.scala:114)
	at com.databricks.spark.util.FrameProfilerExporter$.maybeExportFrameProfiler(FrameProfilerExporter.scala:201)
	at com.databricks.spark.util.FrameProfiler$.record(FrameProfiler.scala:105)
	at org.apache.spark.sql.execution.streaming.runtime.ProgressContext.reportTimeTaken(ProgressReporter.scala:340)
	at org.apache.spark.sql.execution.streaming.runtime.MicroBatchExecution.$anonfun$executeOneBatch$3(MicroBatchExecution.scala:1248)
	at scala.runtime.java8.JFunction0$mcV$sp.apply(JFunction0$mcV$sp.scala:18)
	at com.databricks.logging.AttributionContextTracing.$anonfun$withAttributionContext$1(AttributionContextTracing.scala:147)
	at com.databricks.logging.AttributionContext$.$anonfun$withValue$1(AttributionContext.scala:349)
	at scala.util.DynamicVariable.withValue(DynamicVariable.scala:59)
	at com.databricks.logging.AttributionContext$.withValue(AttributionContext.scala:345)
	at com.databricks.logging.AttributionContextTracing.withAttributionContext(AttributionContextTracing.scala:145)
	at com.databricks.logging.AttributionContextTracing.withAttributionContext$(AttributionContextTracing.scala:142)
	at com.databricks.spark.util.PublicDBLogging.withAttributionContext(DatabricksSparkUsageLogger.scala:29)
	at com.databricks.logging.AttributionContextTracing.withAttributionTags(AttributionContextTracing.scala:202)
	at com.databricks.logging.AttributionContextTracing.withAttributionTags$(AttributionContextTracing.scala:183)
	at com.databricks.spark.util.PublicDBLogging.withAttributionTags(DatabricksSparkUsageLogger.scala:29)
	at com.databricks.spark.util.PublicDBLogging.withAttributionTags0(DatabricksSparkUsageLogger.scala:108)
	at com.databricks.spark.util.DatabricksSparkUsageLogger.withAttributionTags(DatabricksSparkUsageLogger.scala:215)
	at com.databricks.spark.util.UsageLogging.$anonfun$withAttributionTags$1(UsageLogger.scala:668)
	at com.databricks.spark.util.UsageLogging$.withAttributionTags(UsageLogger.scala:780)
	at com.databricks.spark.util.UsageLogging$.withAttributionTags(UsageLogger.scala:789)
	at com.databricks.spark.util.UsageLogging.withAttributionTags(UsageLogger.scala:668)
	at com.databricks.spark.util.UsageLogging.withAttributionTags$(UsageLogger.scala:666)
	at org.apache.spark.sql.execution.streaming.runtime.StreamExecution.withAttributionTags(StreamExecution.scala:96)
	at org.apache.spark.sql.execution.streaming.runtime.MicroBatchExecution.executeOneBatch(MicroBatchExecution.scala:1242)
	at org.apache.spark.sql.execution.streaming.runtime.MicroBatchExecution.$anonfun$runActivatedStreamWithListener$1(MicroBatchExecution.scala:1203)
	at org.apache.spark.sql.execution.streaming.runtime.MicroBatchExecution.$anonfun$runActivatedStreamWithListener$1$adapted(MicroBatchExecution.scala:1203)
	at org.apache.spark.sql.execution.streaming.runtime.ConcurrentExecutor.$anonfun$runOneBatch$4(TriggerExecutor.scala:663)
	at org.apache.spark.util.threads.SparkThreadLocalCapturingRunnable.$anonfun$run$1(SparkThreadLocalForwardingThreadPoolExecutor.scala:171)
	at scala.runtime.java8.JFunction0$mcV$sp.apply(JFunction0$mcV$sp.scala:18)
	at com.databricks.spark.util.DBRTracing$.withSpanFromParent(DBRTracing.scala:70)
	at org.apache.spark.util.threads.SparkThreadLocalCapturingHelper.$anonfun$runWithCaptured$7(SparkThreadLocalForwardingThreadPoolExecutor.scala:124)
	at com.databricks.util.LexicalThreadLocal$Handle.runWith(LexicalThreadLocal.scala:63)
	at org.apache.spark.util.threads.SparkThreadLocalCapturingHelper.$anonfun$runWithCaptured$6(SparkThreadLocalForwardingThreadPoolExecutor.scala:123)
	at com.databricks.sql.transaction.tahoe.mst.MSTThreadHelper$.runWithMSTContext(MSTThreadHelper.scala:60)
	at org.apache.spark.util.threads.SparkThreadLocalCapturingHelper.$anonfun$runWithCaptured$5(SparkThreadLocalForwardingThreadPoolExecutor.scala:120)
	at com.databricks.spark.util.IdentityClaim$.withClaim(IdentityClaim.scala:48)
	at org.apache.spark.util.threads.SparkThreadLocalCapturingHelper.$anonfun$runWithCaptured$4(SparkThreadLocalForwardingThreadPoolExecutor.scala:119)
	at com.databricks.unity.UCSEphemeralState$Handle.runWith(UCSEphemeralState.scala:51)
	at org.apache.spark.util.threads.SparkThreadLocalCapturingHelper.runWithCaptured(SparkThreadLocalForwardingThreadPoolExecutor.scala:118)
	at org.apache.spark.util.threads.SparkThreadLocalCapturingHelper.runWithCaptured$(SparkThreadLocalForwardingThreadPoolExecutor.scala:95)
	at org.apache.spark.util.threads.SparkThreadLocalCapturingRunnable.runWithCaptured(SparkThreadLocalForwardingThreadPoolExecutor.scala:168)
	at org.apache.spark.util.threads.SparkThreadLocalCapturingRunnable.run(SparkThreadLocalForwardingThreadPoolExecutor.scala:171)
	at java.util.concurrent.ThreadPoolExecutor.runWorker(ThreadPoolExecutor.java:1136)
	at java.util.concurrent.ThreadPoolExecutor$Worker.run(ThreadPoolExecutor.java:635)
	at java.lang.Thread.run(Thread.java:840)
2026-04-11 19:57:13,414 | pyspark_streaming/silver | INFO | Creating Spark session for Silver layer
2026-04-11 19:57:13,417 | pyspark_streaming/silver | INFO | Spark session created successfully
2026-04-11 19:57:13,418 | pyspark_streaming/silver | INFO | Reading data from Bronze layer
2026-04-11 19:57:13,418 | pyspark_streaming/silver | INFO | Data read successfully from Bronze layer
2026-04-11 19:57:13,419 | pyspark_streaming/silver | INFO | Transforming data for Silver layer
2026-04-11 19:57:13,422 | pyspark_streaming/silver | INFO | Transformation Completed Successfully
2026-04-11 19:57:13,422 | pyspark_streaming/silver | INFO | Writing data to Silver layer
2026-04-11 19:57:15,275 | pyspark_streaming/silver | INFO | Silver streaming query started successfully
2026-04-11 20:14:17,048 | pyspark_streaming/silver | INFO | Creating Spark session for Silver layer
2026-04-11 20:14:17,051 | pyspark_streaming/silver | INFO | Spark session created successfully
2026-04-11 20:14:17,051 | pyspark_streaming/silver | INFO | Reading data from Bronze layer
2026-04-11 20:14:17,052 | pyspark_streaming/silver | INFO | Data read successfully from Bronze layer
2026-04-11 20:14:17,053 | pyspark_streaming/silver | INFO | Transforming data for Silver layer
2026-04-11 20:14:17,056 | pyspark_streaming/silver | INFO | Transformation Completed Successfully
2026-04-11 20:14:17,056 | pyspark_streaming/silver | INFO | Writing data to Silver layer
2026-04-11 20:14:18,519 | pyspark_streaming/silver | INFO | Silver streaming query started successfully
2026-04-11 20:20:53,605 | pyspark_streaming/silver | INFO | Creating Spark session for Silver layer
2026-04-11 20:20:53,610 | pyspark_streaming/silver | INFO | Spark session created successfully
2026-04-11 20:20:53,614 | pyspark_streaming/silver | INFO | Reading data from Bronze layer
2026-04-11 20:20:53,615 | pyspark_streaming/silver | INFO | Data read successfully from Bronze layer
2026-04-11 20:20:53,616 | pyspark_streaming/silver | INFO | Transforming data for Silver layer
2026-04-11 20:20:53,619 | pyspark_streaming/silver | INFO | Transformation Completed Successfully
2026-04-11 20:20:53,620 | pyspark_streaming/silver | INFO | Writing data to Silver layer
2026-04-11 20:20:56,946 | pyspark_streaming/silver | INFO | Silver streaming query started successfully
2026-04-11 20:20:57,748 | pyspark_streaming/silver | ERROR | Error writing data to Silver layer: [STREAM_FAILED] Query [id = 79309f5b-5cbb-421a-93f4-5ea59a7b67e7, runId = c1d4b2b4-0737-4845-9dc9-f8c098318055] terminated with exception: [DIFFERENT_DELTA_TABLE_READ_BY_STREAMING_SOURCE] The streaming query was reading from an unexpected Delta table (id = '84e5ed48-b305-49fa-9149-1dcb022e7ad2'). 
It used to read from another Delta table (id = '7831103a-de04-4071-b217-57d8e3dd1f21') according to checkpoint. 
This may happen when you changed the code to read from a new table or you deleted and 
re-created a table. Please revert your change or delete your streaming query checkpoint 
to restart from scratch. SQLSTATE: XXKST
=== Streaming Query ===
Identifier: [id = 79309f5b-5cbb-421a-93f4-5ea59a7b67e7, runId = c1d4b2b4-0737-4845-9dc9-f8c098318055]
Current Start Offsets: {}
Current End Offsets: {}

Current State: ACTIVE
Thread State: RUNNABLE

Logical Plan:
~WriteToMicroBatchDataSourceV1 `workspace`.`default`.`silver_transactions`, DeltaSink[s3://dbstorage-prod-cpgdo/uc/3caf84d5-b3d7-4fa6-a0e4-69f50d7c5d27/8dbdb134-53db-41c4-a8c1-a01b8d04aacf/__unitystorage/catalogs/8af0af66-b28c-4b17-9c21-d4a5a323e3d0/tables/9dd5a859-ff53-45f8-9f81-a3e080f15832], 79309f5b-5cbb-421a-93f4-5ea59a7b67e7, [checkpointLocation=/Volumes/workspace/transaction_data_pipeline/silver/checkpoints/silver_transactions_v2, mergeSchema=true, path=s3://dbstorage-prod-cpgdo/uc/3caf84d5-b3d7-4fa6-a0e4-69f50d7c5d27/8dbdb134-53db-41c4-a8c1-a01b8d04aacf/__unitystorage/catalogs/8af0af66-b28c-4b17-9c21-d4a5a323e3d0/tables/9dd5a859-ff53-45f8-9f81-a3e080f15832], Append
+- ~Deduplicate [event_id#22309]
   +- ~Project [event_id#22309, transaction_id#22310, customer_id#22311, merchant_id#22312, product_id#22313, product_name#22348, quantity#22315, unit_price#22316, gross_amount#22317, discount_amount#22318, tax_amount#22319, net_amount#22320, payment_method#22350, city#22352, device_type#22354, event_type#22356, transaction_status#22358, event_time#22360, ingestion_time#22362, currency#22372, exchange_rate#22329, CASE WHEN isnotnull(cost_price#22331) THEN (net_amount#22320 - cost_price#22331) ELSE cast(null as double) END AS profit_amount#22374, cost_price#22331, order_status#22368, payment_status#22366, ... 13 more fields]
      +- ~Project [event_id#22309, transaction_id#22310, customer_id#22311, merchant_id#22312, product_id#22313, product_name#22348, quantity#22315, unit_price#22316, gross_amount#22317, discount_amount#22318, tax_amount#22319, net_amount#22320, payment_method#22350, city#22352, device_type#22354, event_type#22356, transaction_status#22358, event_time#22360, ingestion_time#22362, upper(trim(currency#22328, None)) AS currency#22372, exchange_rate#22329, profit_amount#22330, cost_price#22331, order_status#22368, payment_status#22366, ... 13 more fields]
         +- ~Project [event_id#22309, transaction_id#22310, customer_id#22311, merchant_id#22312, product_id#22313, product_name#22348, quantity#22315, unit_price#22316, gross_amount#22317, discount_amount#22318, tax_amount#22319, net_amount#22320, payment_method#22350, city#22352, device_type#22354, event_type#22356, transaction_status#22358, event_time#22360, ingestion_time#22362, currency#22328, exchange_rate#22329, profit_amount#22330, cost_price#22331, order_status#22368, payment_status#22366, ... 13 more fields]
            +- ~Project [event_id#22309, transaction_id#22310, customer_id#22311, merchant_id#22312, product_id#22313, product_name#22348, quantity#22315, unit_price#22316, gross_amount#22317, discount_amount#22318, tax_amount#22319, net_amount#22320, payment_method#22350, city#22352, device_type#22354, event_type#22356, transaction_status#22358, event_time#22360, ingestion_time#22362, currency#22328, exchange_rate#22329, profit_amount#22330, cost_price#22331, upper(trim(order_status#22332, None)) AS order_status#22368, payment_status#22366, ... 13 more fields]
               +- ~Project [event_id#22309, transaction_id#22310, customer_id#22311, merchant_id#22312, product_id#22313, product_name#22348, quantity#22315, unit_price#22316, gross_amount#22317, discount_amount#22318, tax_amount#22319, net_amount#22320, payment_method#22350, city#22352, device_type#22354, event_type#22356, transaction_status#22358, event_time#22360, ingestion_time#22362, currency#22328, exchange_rate#22329, profit_amount#22330, cost_price#22331, order_status#22332, upper(trim(payment_status#22333, None)) AS payment_status#22366, ... 13 more fields]
                  +- ~Project [event_id#22309, transaction_id#22310, customer_id#22311, merchant_id#22312, product_id#22313, product_name#22348, quantity#22315, unit_price#22316, gross_amount#22317, discount_amount#22318, tax_amount#22319, net_amount#22320, payment_method#22350, city#22352, device_type#22354, event_type#22356, transaction_status#22358, event_time#22360, ingestion_time#22362, currency#22328, exchange_rate#22329, profit_amount#22330, cost_price#22331, order_status#22332, payment_status#22333, ... 13 more fields]
                     +- ~Project [event_id#22309, transaction_id#22310, customer_id#22311, merchant_id#22312, product_id#22313, product_name#22348, quantity#22315, unit_price#22316, gross_amount#22317, discount_amount#22318, tax_amount#22319, net_amount#22320, payment_method#22350, city#22352, device_type#22354, event_type#22356, transaction_status#22358, event_time#22360, to_timestamp(ingestion_time#22327, None, TimestampType, Some(Etc/UTC), true) AS ingestion_time#22362, currency#22328, exchange_rate#22329, profit_amount#22330, cost_price#22331, order_status#22332, payment_status#22333, ... 12 more fields]
                        +- ~Project [event_id#22309, transaction_id#22310, customer_id#22311, merchant_id#22312, product_id#22313, product_name#22348, quantity#22315, unit_price#22316, gross_amount#22317, discount_amount#22318, tax_amount#22319, net_amount#22320, payment_method#22350, city#22352, device_type#22354, event_type#22356, transaction_status#22358, to_timestamp(event_time#22326, None, TimestampType, Some(Etc/UTC), true) AS event_time#22360, ingestion_time#22327, currency#22328, exchange_rate#22329, profit_amount#22330, cost_price#22331, order_status#22332, payment_status#22333, ... 12 more fields]
                           +- ~Project [event_id#22309, transaction_id#22310, customer_id#22311, merchant_id#22312, product_id#22313, product_name#22348, quantity#22315, unit_price#22316, gross_amount#22317, discount_amount#22318, tax_amount#22319, net_amount#22320, payment_method#22350, city#22352, device_type#22354, event_type#22356, upper(trim(transaction_status#22325, None)) AS transaction_status#22358, event_time#22326, ingestion_time#22327, currency#22328, exchange_rate#22329, profit_amount#22330, cost_price#22331, order_status#22332, payment_status#22333, ... 12 more fields]
                              +- ~Project [event_id#22309, transaction_id#22310, customer_id#22311, merchant_id#22312, product_id#22313, product_name#22348, quantity#22315, unit_price#22316, gross_amount#22317, discount_amount#22318, tax_amount#22319, net_amount#22320, payment_method#22350, city#22352, device_type#22354, upper(trim(event_type#22324, None)) AS event_type#22356, transaction_status#22325, event_time#22326, ingestion_time#22327, currency#22328, exchange_rate#22329, profit_amount#22330, cost_price#22331, order_status#22332, payment_status#22333, ... 12 more fields]
                                 +- ~Project [event_id#22309, transaction_id#22310, customer_id#22311, merchant_id#22312, product_id#22313, product_name#22348, quantity#22315, unit_price#22316, gross_amount#22317, discount_amount#22318, tax_amount#22319, net_amount#22320, payment_method#22350, city#22352, upper(trim(device_type#22323, None)) AS device_type#22354, event_type#22324, transaction_status#22325, event_time#22326, ingestion_time#22327, currency#22328, exchange_rate#22329, profit_amount#22330, cost_price#22331, order_status#22332, payment_status#22333, ... 12 more fields]
                                    +- ~Project [event_id#22309, transaction_id#22310, customer_id#22311, merchant_id#22312, product_id#22313, product_name#22348, quantity#22315, unit_price#22316, gross_amount#22317, discount_amount#22318, tax_amount#22319, net_amount#22320, payment_method#22350, trim(city#22322, None) AS city#22352, device_type#22323, event_type#22324, transaction_status#22325, event_time#22326, ingestion_time#22327, currency#22328, exchange_rate#22329, profit_amount#22330, cost_price#22331, order_status#22332, payment_status#22333, ... 12 more fields]
                                       +- ~Project [event_id#22309, transaction_id#22310, customer_id#22311, merchant_id#22312, product_id#22313, product_name#22348, quantity#22315, unit_price#22316, gross_amount#22317, discount_amount#22318, tax_amount#22319, net_amount#22320, upper(trim(payment_method#22321, None)) AS payment_method#22350, city#22322, device_type#22323, event_type#22324, transaction_status#22325, event_time#22326, ingestion_time#22327, currency#22328, exchange_rate#22329, profit_amount#22330, cost_price#22331, order_status#22332, payment_status#22333, ... 12 more fields]
                                          +- ~Project [event_id#22309, transaction_id#22310, customer_id#22311, merchant_id#22312, product_id#22313, trim(product_name#22314, None) AS product_name#22348, quantity#22315, unit_price#22316, gross_amount#22317, discount_amount#22318, tax_amount#22319, net_amount#22320, payment_method#22321, city#22322, device_type#22323, event_type#22324, transaction_status#22325, event_time#22326, ingestion_time#22327, currency#22328, exchange_rate#22329, profit_amount#22330, cost_price#22331, order_status#22332, payment_status#22333, ... 12 more fields]
                                             +- ~Filter (isnull(tax_amount#22319) OR (tax_amount#22319 >= cast(0 as double)))
                                                +- ~Filter (isnull(discount_amount#22318) OR (discount_amount#22318 >= cast(0 as double)))
                                                   +- ~Filter (net_amount#22320 >= cast(0 as double))
                                                      +- ~Filter (gross_amount#22317 >= cast(0 as double))
                                                         +- ~Filter (unit_price#22316 > cast(0 as double))
                                                            +- ~Filter (quantity#22315 > 0)
                                                               +- ~Filter isnotnull(event_time#22326)
                                                                  +- ~Filter isnotnull(city#22322)
                                                                     +- ~Filter isnotnull(payment_method#22321)
                                                                        +- ~Filter isnotnull(net_amount#22320)
                                                                           +- ~Filter isnotnull(gross_amount#22317)
                                                                              +- ~Filter isnotnull(unit_price#22316)
                                                                                 +- ~Filter isnotnull(quantity#22315)
                                                                                    +- ~Filter isnotnull(product_name#22314)
                                                                                       +- ~Filter isnotnull(product_id#22313)
                                                                                          +- ~Filter isnotnull(merchant_id#22312)
                                                                                             +- ~Filter isnotnull(customer_id#22311)
                                                                                                +- ~Filter isnotnull(transaction_id#22310)
                                                                                                   +- ~Filter isnotnull(event_id#22309)
                                                                                                      +- ~StreamingExecutionRelation DeltaSource[s3://dbstorage-prod-cpgdo/uc/3caf84d5-b3d7-4fa6-a0e4-69f50d7c5d27/8dbdb134-53db-41c4-a8c1-a01b8d04aacf/__unitystorage/catalogs/8af0af66-b28c-4b17-9c21-d4a5a323e3d0/tables/a0954ab6-bf63-45a1-9b13-a88f50a473dc], [event_id#22309, transaction_id#22310, customer_id#22311, merchant_id#22312, product_id#22313, product_name#22314, quantity#22315, unit_price#22316, gross_amount#22317, discount_amount#22318, tax_amount#22319, net_amount#22320, payment_method#22321, city#22322, device_type#22323, event_type#22324, transaction_status#22325, event_time#22326, ingestion_time#22327, currency#22328, exchange_rate#22329, profit_amount#22330, cost_price#22331, order_status#22332, payment_status#22333, ... 12 more fields], `workspace`.`default`.`bronze_transactions`, name=<Unassigned>


Physical Plan: not available

JVM stacktrace:
org.apache.spark.sql.streaming.StreamingQueryException
	at org.apache.spark.sql.execution.streaming.runtime.StreamExecution.$anonfun$runStream$1(StreamExecution.scala:589)
	at scala.runtime.java8.JFunction0$mcV$sp.apply(JFunction0$mcV$sp.scala:18)
	at com.databricks.logging.AttributionContextTracing.$anonfun$withAttributionContext$1(AttributionContextTracing.scala:147)
	at com.databricks.logging.AttributionContext$.$anonfun$withValue$1(AttributionContext.scala:349)
	at scala.util.DynamicVariable.withValue(DynamicVariable.scala:59)
	at com.databricks.logging.AttributionContext$.withValue(AttributionContext.scala:345)
	at com.databricks.logging.AttributionContextTracing.withAttributionContext(AttributionContextTracing.scala:145)
	at com.databricks.logging.AttributionContextTracing.withAttributionContext$(AttributionContextTracing.scala:142)
	at com.databricks.spark.util.PublicDBLogging.withAttributionContext(DatabricksSparkUsageLogger.scala:29)
	at com.databricks.logging.AttributionContextTracing.withAttributionTags(AttributionContextTracing.scala:202)
	at com.databricks.logging.AttributionContextTracing.withAttributionTags$(AttributionContextTracing.scala:183)
	at com.databricks.spark.util.PublicDBLogging.withAttributionTags(DatabricksSparkUsageLogger.scala:29)
	at com.databricks.spark.util.PublicDBLogging.withAttributionTags0(DatabricksSparkUsageLogger.scala:108)
	at com.databricks.spark.util.DatabricksSparkUsageLogger.withAttributionTags(DatabricksSparkUsageLogger.scala:215)
	at com.databricks.spark.util.UsageLogging.$anonfun$withAttributionTags$1(UsageLogger.scala:668)
	at com.databricks.spark.util.UsageLogging$.withAttributionTags(UsageLogger.scala:780)
	at com.databricks.spark.util.UsageLogging$.withAttributionTags(UsageLogger.scala:789)
	at com.databricks.spark.util.UsageLogging.withAttributionTags(UsageLogger.scala:668)
	at com.databricks.spark.util.UsageLogging.withAttributionTags$(UsageLogger.scala:666)
	at org.apache.spark.sql.execution.streaming.runtime.StreamExecution.withAttributionTags(StreamExecution.scala:96)
	at org.apache.spark.sql.execution.streaming.runtime.StreamExecution.org$apache$spark$sql$execution$streaming$runtime$StreamExecution$$runStream(StreamExecution.scala:386)
	at org.apache.spark.sql.execution.streaming.runtime.StreamExecution$$anon$1.$anonfun$run$2(StreamExecution.scala:305)
	at scala.runtime.java8.JFunction0$mcV$sp.apply(JFunction0$mcV$sp.scala:18)
	at com.databricks.unity.UCSEphemeralState$Handle.runWith(UCSEphemeralState.scala:51)
	at com.databricks.unity.HandleImpl.runWith(UCSHandle.scala:104)
	at com.databricks.unity.HandleImpl.$anonfun$runWithAndClose$1(UCSHandle.scala:109)
	at scala.util.Using$.resource(Using.scala:296)
	at com.databricks.unity.HandleImpl.runWithAndClose(UCSHandle.scala:108)
	at org.apache.spark.sql.execution.streaming.runtime.StreamExecution$$anon$1.run(StreamExecution.scala:305)
Caused by: com.databricks.sql.transaction.tahoe.DeltaIllegalStateException: [DIFFERENT_DELTA_TABLE_READ_BY_STREAMING_SOURCE] The streaming query was reading from an unexpected Delta table (id = '84e5ed48-b305-49fa-9149-1dcb022e7ad2'). 
It used to read from another Delta table (id = '7831103a-de04-4071-b217-57d8e3dd1f21') according to checkpoint. 
This may happen when you changed the code to read from a new table or you deleted and 
re-created a table. Please revert your change or delete your streaming query checkpoint 
to restart from scratch.
	at com.databricks.sql.transaction.tahoe.DeltaErrorsBase.differentDeltaTableReadByStreamingSource(DeltaErrors.scala:1776)
	at com.databricks.sql.transaction.tahoe.DeltaErrorsBase.differentDeltaTableReadByStreamingSource$(DeltaErrors.scala:1774)
	at com.databricks.sql.transaction.tahoe.DeltaErrors$.differentDeltaTableReadByStreamingSource(DeltaErrors.scala:4306)
	at com.databricks.sql.transaction.tahoe.sources.DeltaSourceOffset$.apply(DeltaSourceOffset.scala:165)
	at com.databricks.sql.transaction.tahoe.sources.DeltaSourceOffset$.apply(DeltaSourceOffset.scala:178)
	at com.databricks.sql.transaction.tahoe.sources.DeltaSource.toDeltaSourceOffset(DeltaSource.scala:1300)
	at com.databricks.sql.transaction.tahoe.sources.DeltaSource.$anonfun$init$3(DeltaSource.scala:1824)
	at scala.Option.map(Option.scala:242)
	at com.databricks.sql.transaction.tahoe.sources.DeltaSource.$anonfun$init$1(DeltaSource.scala:1824)
	at scala.runtime.java8.JFunction0$mcV$sp.apply(JFunction0$mcV$sp.scala:18)
	at com.databricks.sql.transaction.tahoe.metering.DeltaLogging.withOperationTypeTag(DeltaLogging.scala:817)
	at com.databricks.sql.transaction.tahoe.metering.DeltaLogging.withOperationTypeTag$(DeltaLogging.scala:804)
	at com.databricks.sql.transaction.tahoe.sources.DeltaSource.withOperationTypeTag(DeltaSource.scala:887)
	at com.databricks.sql.transaction.tahoe.metering.DeltaLogging.$anonfun$recordDeltaOperationInternal$2(DeltaLogging.scala:518)
	at com.databricks.spark.util.FrameProfiler$.$anonfun$record$1(FrameProfiler.scala:114)
	at com.databricks.spark.util.FrameProfilerExporter$.maybeExportFrameProfiler(FrameProfilerExporter.scala:201)
	at com.databricks.spark.util.FrameProfiler$.record(FrameProfiler.scala:105)
	at com.databricks.sql.transaction.tahoe.metering.DeltaLogging.recordFrameProfile(DeltaLogging.scala:910)
	at com.databricks.sql.transaction.tahoe.metering.DeltaLogging.recordFrameProfile$(DeltaLogging.scala:908)
	at com.databricks.sql.transaction.tahoe.sources.DeltaSource.recordFrameProfile(DeltaSource.scala:887)
	at com.databricks.sql.transaction.tahoe.metering.DeltaLogging.$anonfun$recordDeltaOperationInternal$1(DeltaLogging.scala:517)
	at com.databricks.logging.UsageLogging.$anonfun$recordOperation$1(UsageLogging.scala:512)
	at com.databricks.logging.UsageLogging.executeThunkAndCaptureResultTags$1(UsageLogging.scala:632)
	at com.databricks.logging.UsageLogging.$anonfun$recordOperationWithResultTags$5(UsageLogging.scala:659)
	at com.databricks.logging.AttributionContextTracing.$anonfun$withAttributionContext$1(AttributionContextTracing.scala:147)
	at com.databricks.logging.AttributionContext$.$anonfun$withValue$1(AttributionContext.scala:349)
	at scala.util.DynamicVariable.withValue(DynamicVariable.scala:59)
	at com.databricks.logging.AttributionContext$.withValue(AttributionContext.scala:345)
	at com.databricks.logging.AttributionContextTracing.withAttributionContext(AttributionContextTracing.scala:145)
	at com.databricks.logging.AttributionContextTracing.withAttributionContext$(AttributionContextTracing.scala:142)
	at com.databricks.spark.util.PublicDBLogging.withAttributionContext(DatabricksSparkUsageLogger.scala:29)
	at com.databricks.logging.AttributionContextTracing.withAttributionTags(AttributionContextTracing.scala:202)
	at com.databricks.logging.AttributionContextTracing.withAttributionTags$(AttributionContextTracing.scala:183)
	at com.databricks.spark.util.PublicDBLogging.withAttributionTags(DatabricksSparkUsageLogger.scala:29)
	at com.databricks.logging.UsageLogging.recordOperationWithResultTags(UsageLogging.scala:627)
	at com.databricks.logging.UsageLogging.recordOperationWithResultTags$(UsageLogging.scala:521)
	at com.databricks.spark.util.PublicDBLogging.recordOperationWithResultTags(DatabricksSparkUsageLogger.scala:29)
	at com.databricks.logging.UsageLogging.recordOperation(UsageLogging.scala:513)
	at com.databricks.logging.UsageLogging.recordOperation$(UsageLogging.scala:477)
	at com.databricks.spark.util.PublicDBLogging.recordOperation(DatabricksSparkUsageLogger.scala:29)
	at com.databricks.spark.util.PublicDBLogging.recordOperation0(DatabricksSparkUsageLogger.scala:104)
	at com.databricks.spark.util.DatabricksSparkUsageLogger.recordOperation(DatabricksSparkUsageLogger.scala:193)
	at com.databricks.spark.util.UsageLogger.recordOperation(UsageLogger.scala:78)
	at com.databricks.spark.util.UsageLogger.recordOperation$(UsageLogger.scala:65)
	at com.databricks.spark.util.DatabricksSparkUsageLogger.recordOperation(DatabricksSparkUsageLogger.scala:152)
	at com.databricks.spark.util.UsageLogging.recordOperation(UsageLogger.scala:537)
	at com.databricks.spark.util.UsageLogging.recordOperation$(UsageLogger.scala:516)
	at com.databricks.sql.transaction.tahoe.sources.DeltaSource.recordOperation(DeltaSource.scala:887)
	at com.databricks.sql.transaction.tahoe.metering.DeltaLogging.recordDeltaOperationInternal(DeltaLogging.scala:516)
	at com.databricks.sql.transaction.tahoe.metering.DeltaLogging.recordDeltaOperation(DeltaLogging.scala:506)
	at com.databricks.sql.transaction.tahoe.metering.DeltaLogging.recordDeltaOperation$(DeltaLogging.scala:495)
	at com.databricks.sql.transaction.tahoe.sources.DeltaSource.recordDeltaOperation(DeltaSource.scala:887)
	at com.databricks.sql.transaction.tahoe.sources.DeltaSource.init(DeltaSource.scala:1816)
	at org.apache.spark.sql.execution.streaming.SourceInitializationHandler$.$anonfun$initSources$9(SupportsSourceInitialization.scala:86)
	at scala.runtime.java8.JFunction0$mcV$sp.apply(JFunction0$mcV$sp.scala:18)
	at org.apache.spark.sql.execution.streaming.StructuredApiLogger$.logApiEvent(SupportsStructuredApiLogging.scala:188)
	at org.apache.spark.sql.execution.streaming.SourceInitializationHandler$.$anonfun$initSources$4(SupportsSourceInitialization.scala:86)
	at org.apache.spark.sql.execution.streaming.SourceInitializationHandler$.$anonfun$initSources$4$adapted(SupportsSourceInitialization.scala:62)
	at scala.collection.immutable.List.foreach(List.scala:334)
	at org.apache.spark.sql.execution.streaming.SourceInitializationHandler$.initSources(SupportsSourceInitialization.scala:62)
	at org.apache.spark.sql.execution.streaming.runtime.MicroBatchExecution.initializeExecution(MicroBatchExecution.scala:903)
	at org.apache.spark.sql.execution.streaming.runtime.MicroBatchExecution.runActivatedStreamWithListener(MicroBatchExecution.scala:1197)
	at org.apache.spark.sql.execution.streaming.runtime.MicroBatchExecution.runActivatedStream(MicroBatchExecution.scala:770)
	at org.apache.spark.sql.execution.streaming.runtime.StreamExecution.$anonfun$runStream$2(StreamExecution.scala:486)
	at scala.runtime.java8.JFunction0$mcV$sp.apply(JFunction0$mcV$sp.scala:18)
	at org.apache.spark.sql.SparkSession.withActive(SparkSession.scala:866)
	at org.apache.spark.sql.execution.streaming.runtime.StreamExecution.$anonfun$runStream$1(StreamExecution.scala:417)
	at scala.runtime.java8.JFunction0$mcV$sp.apply(JFunction0$mcV$sp.scala:18)
	at com.databricks.logging.AttributionContextTracing.$anonfun$withAttributionContext$1(AttributionContextTracing.scala:147)
	at com.databricks.logging.AttributionContext$.$anonfun$withValue$1(AttributionContext.scala:349)
	at scala.util.DynamicVariable.withValue(DynamicVariable.scala:59)
	at com.databricks.logging.AttributionContext$.withValue(AttributionContext.scala:345)
	at com.databricks.logging.AttributionContextTracing.withAttributionContext(AttributionContextTracing.scala:145)
	at com.databricks.logging.AttributionContextTracing.withAttributionContext$(AttributionContextTracing.scala:142)
	at com.databricks.spark.util.PublicDBLogging.withAttributionContext(DatabricksSparkUsageLogger.scala:29)
	at com.databricks.logging.AttributionContextTracing.withAttributionTags(AttributionContextTracing.scala:202)
	at com.databricks.logging.AttributionContextTracing.withAttributionTags$(AttributionContextTracing.scala:183)
	at com.databricks.spark.util.PublicDBLogging.withAttributionTags(DatabricksSparkUsageLogger.scala:29)
	at com.databricks.spark.util.PublicDBLogging.withAttributionTags0(DatabricksSparkUsageLogger.scala:108)
	at com.databricks.spark.util.DatabricksSparkUsageLogger.withAttributionTags(DatabricksSparkUsageLogger.scala:215)
	at com.databricks.spark.util.UsageLogging.$anonfun$withAttributionTags$1(UsageLogger.scala:668)
	at com.databricks.spark.util.UsageLogging$.withAttributionTags(UsageLogger.scala:780)
	at com.databricks.spark.util.UsageLogging$.withAttributionTags(UsageLogger.scala:789)
	at com.databricks.spark.util.UsageLogging.withAttributionTags(UsageLogger.scala:668)
	at com.databricks.spark.util.UsageLogging.withAttributionTags$(UsageLogger.scala:666)
	at org.apache.spark.sql.execution.streaming.runtime.StreamExecution.withAttributionTags(StreamExecution.scala:96)
	at org.apache.spark.sql.execution.streaming.runtime.StreamExecution.org$apache$spark$sql$execution$streaming$runtime$StreamExecution$$runStream(StreamExecution.scala:386)
	at org.apache.spark.sql.execution.streaming.runtime.StreamExecution$$anon$1.$anonfun$run$2(StreamExecution.scala:305)
	at scala.runtime.java8.JFunction0$mcV$sp.apply(JFunction0$mcV$sp.scala:18)
	at com.databricks.unity.UCSEphemeralState$Handle.runWith(UCSEphemeralState.scala:51)
	at com.databricks.unity.HandleImpl.runWith(UCSHandle.scala:104)
	at com.databricks.unity.HandleImpl.$anonfun$runWithAndClose$1(UCSHandle.scala:109)
	at scala.util.Using$.resource(Using.scala:296)
	at com.databricks.unity.HandleImpl.runWithAndClose(UCSHandle.scala:108)
	at org.apache.spark.sql.execution.streaming.runtime.StreamExecution$$anon$1.run(StreamExecution.scala:305)
Traceback (most recent call last):
  File "/Workspace/Repos/gnavin478@gmail.com/Realtime-Transaction-Pipeline/pyspark_streaming/silver/silver_transform.py", line 117, in write_to_silver
    query.awaitTermination()
  File "/databricks/python/lib/python3.12/site-packages/pyspark/sql/connect/streaming/query.py", line 100, in awaitTermination
    self._execute_streaming_query_cmd(cmd)
  File "/databricks/python/lib/python3.12/site-packages/pyspark/sql/connect/streaming/query.py", line 188, in _execute_streaming_query_cmd
    (_, properties, _) = self._session.client.execute_command(exec_cmd)
                         ^^^^^^^^^^^^^^^^^^^^^^^^^^^^^^^^^^^^^^^^^^^^^^
  File "/databricks/python/lib/python3.12/site-packages/pyspark/sql/connect/client/core.py", line 1538, in execute_command
    data, _, metrics, observed_metrics, properties = self._execute_and_fetch(
                                                     ^^^^^^^^^^^^^^^^^^^^^^^^
  File "/databricks/python/lib/python3.12/site-packages/pyspark/sql/connect/client/core.py", line 2086, in _execute_and_fetch
    for response in self._execute_and_fetch_as_iterator(
  File "/databricks/python/lib/python3.12/site-packages/pyspark/sql/connect/client/core.py", line 2062, in _execute_and_fetch_as_iterator
    self._handle_error(error)
  File "/databricks/python/lib/python3.12/site-packages/pyspark/sql/connect/client/core.py", line 2380, in _handle_error
    self._handle_rpc_error(error)
  File "/databricks/python/lib/python3.12/site-packages/pyspark/sql/connect/client/core.py", line 2458, in _handle_rpc_error
    raise convert_exception(
pyspark.errors.exceptions.connect.StreamingQueryException: [STREAM_FAILED] Query [id = 79309f5b-5cbb-421a-93f4-5ea59a7b67e7, runId = c1d4b2b4-0737-4845-9dc9-f8c098318055] terminated with exception: [DIFFERENT_DELTA_TABLE_READ_BY_STREAMING_SOURCE] The streaming query was reading from an unexpected Delta table (id = '84e5ed48-b305-49fa-9149-1dcb022e7ad2'). 
It used to read from another Delta table (id = '7831103a-de04-4071-b217-57d8e3dd1f21') according to checkpoint. 
This may happen when you changed the code to read from a new table or you deleted and 
re-created a table. Please revert your change or delete your streaming query checkpoint 
to restart from scratch. SQLSTATE: XXKST
=== Streaming Query ===
Identifier: [id = 79309f5b-5cbb-421a-93f4-5ea59a7b67e7, runId = c1d4b2b4-0737-4845-9dc9-f8c098318055]
Current Start Offsets: {}
Current End Offsets: {}

Current State: ACTIVE
Thread State: RUNNABLE

Logical Plan:
~WriteToMicroBatchDataSourceV1 `workspace`.`default`.`silver_transactions`, DeltaSink[s3://dbstorage-prod-cpgdo/uc/3caf84d5-b3d7-4fa6-a0e4-69f50d7c5d27/8dbdb134-53db-41c4-a8c1-a01b8d04aacf/__unitystorage/catalogs/8af0af66-b28c-4b17-9c21-d4a5a323e3d0/tables/9dd5a859-ff53-45f8-9f81-a3e080f15832], 79309f5b-5cbb-421a-93f4-5ea59a7b67e7, [checkpointLocation=/Volumes/workspace/transaction_data_pipeline/silver/checkpoints/silver_transactions_v2, mergeSchema=true, path=s3://dbstorage-prod-cpgdo/uc/3caf84d5-b3d7-4fa6-a0e4-69f50d7c5d27/8dbdb134-53db-41c4-a8c1-a01b8d04aacf/__unitystorage/catalogs/8af0af66-b28c-4b17-9c21-d4a5a323e3d0/tables/9dd5a859-ff53-45f8-9f81-a3e080f15832], Append
+- ~Deduplicate [event_id#22309]
   +- ~Project [event_id#22309, transaction_id#22310, customer_id#22311, merchant_id#22312, product_id#22313, product_name#22348, quantity#22315, unit_price#22316, gross_amount#22317, discount_amount#22318, tax_amount#22319, net_amount#22320, payment_method#22350, city#22352, device_type#22354, event_type#22356, transaction_status#22358, event_time#22360, ingestion_time#22362, currency#22372, exchange_rate#22329, CASE WHEN isnotnull(cost_price#22331) THEN (net_amount#22320 - cost_price#22331) ELSE cast(null as double) END AS profit_amount#22374, cost_price#22331, order_status#22368, payment_status#22366, ... 13 more fields]
      +- ~Project [event_id#22309, transaction_id#22310, customer_id#22311, merchant_id#22312, product_id#22313, product_name#22348, quantity#22315, unit_price#22316, gross_amount#22317, discount_amount#22318, tax_amount#22319, net_amount#22320, payment_method#22350, city#22352, device_type#22354, event_type#22356, transaction_status#22358, event_time#22360, ingestion_time#22362, upper(trim(currency#22328, None)) AS currency#22372, exchange_rate#22329, profit_amount#22330, cost_price#22331, order_status#22368, payment_status#22366, ... 13 more fields]
         +- ~Project [event_id#22309, transaction_id#22310, customer_id#22311, merchant_id#22312, product_id#22313, product_name#22348, quantity#22315, unit_price#22316, gross_amount#22317, discount_amount#22318, tax_amount#22319, net_amount#22320, payment_method#22350, city#22352, device_type#22354, event_type#22356, transaction_status#22358, event_time#22360, ingestion_time#22362, currency#22328, exchange_rate#22329, profit_amount#22330, cost_price#22331, order_status#22368, payment_status#22366, ... 13 more fields]
            +- ~Project [event_id#22309, transaction_id#22310, customer_id#22311, merchant_id#22312, product_id#22313, product_name#22348, quantity#22315, unit_price#22316, gross_amount#22317, discount_amount#22318, tax_amount#22319, net_amount#22320, payment_method#22350, city#22352, device_type#22354, event_type#22356, transaction_status#22358, event_time#22360, ingestion_time#22362, currency#22328, exchange_rate#22329, profit_amount#22330, cost_price#22331, upper(trim(order_status#22332, None)) AS order_status#22368, payment_status#22366, ... 13 more fields]
               +- ~Project [event_id#22309, transaction_id#22310, customer_id#22311, merchant_id#22312, product_id#22313, product_name#22348, quantity#22315, unit_price#22316, gross_amount#22317, discount_amount#22318, tax_amount#22319, net_amount#22320, payment_method#22350, city#22352, device_type#22354, event_type#22356, transaction_status#22358, event_time#22360, ingestion_time#22362, currency#22328, exchange_rate#22329, profit_amount#22330, cost_price#22331, order_status#22332, upper(trim(payment_status#22333, None)) AS payment_status#22366, ... 13 more fields]
                  +- ~Project [event_id#22309, transaction_id#22310, customer_id#22311, merchant_id#22312, product_id#22313, product_name#22348, quantity#22315, unit_price#22316, gross_amount#22317, discount_amount#22318, tax_amount#22319, net_amount#22320, payment_method#22350, city#22352, device_type#22354, event_type#22356, transaction_status#22358, event_time#22360, ingestion_time#22362, currency#22328, exchange_rate#22329, profit_amount#22330, cost_price#22331, order_status#22332, payment_status#22333, ... 13 more fields]
                     +- ~Project [event_id#22309, transaction_id#22310, customer_id#22311, merchant_id#22312, product_id#22313, product_name#22348, quantity#22315, unit_price#22316, gross_amount#22317, discount_amount#22318, tax_amount#22319, net_amount#22320, payment_method#22350, city#22352, device_type#22354, event_type#22356, transaction_status#22358, event_time#22360, to_timestamp(ingestion_time#22327, None, TimestampType, Some(Etc/UTC), true) AS ingestion_time#22362, currency#22328, exchange_rate#22329, profit_amount#22330, cost_price#22331, order_status#22332, payment_status#22333, ... 12 more fields]
                        +- ~Project [event_id#22309, transaction_id#22310, customer_id#22311, merchant_id#22312, product_id#22313, product_name#22348, quantity#22315, unit_price#22316, gross_amount#22317, discount_amount#22318, tax_amount#22319, net_amount#22320, payment_method#22350, city#22352, device_type#22354, event_type#22356, transaction_status#22358, to_timestamp(event_time#22326, None, TimestampType, Some(Etc/UTC), true) AS event_time#22360, ingestion_time#22327, currency#22328, exchange_rate#22329, profit_amount#22330, cost_price#22331, order_status#22332, payment_status#22333, ... 12 more fields]
                           +- ~Project [event_id#22309, transaction_id#22310, customer_id#22311, merchant_id#22312, product_id#22313, product_name#22348, quantity#22315, unit_price#22316, gross_amount#22317, discount_amount#22318, tax_amount#22319, net_amount#22320, payment_method#22350, city#22352, device_type#22354, event_type#22356, upper(trim(transaction_status#22325, None)) AS transaction_status#22358, event_time#22326, ingestion_time#22327, currency#22328, exchange_rate#22329, profit_amount#22330, cost_price#22331, order_status#22332, payment_status#22333, ... 12 more fields]
                              +- ~Project [event_id#22309, transaction_id#22310, customer_id#22311, merchant_id#22312, product_id#22313, product_name#22348, quantity#22315, unit_price#22316, gross_amount#22317, discount_amount#22318, tax_amount#22319, net_amount#22320, payment_method#22350, city#22352, device_type#22354, upper(trim(event_type#22324, None)) AS event_type#22356, transaction_status#22325, event_time#22326, ingestion_time#22327, currency#22328, exchange_rate#22329, profit_amount#22330, cost_price#22331, order_status#22332, payment_status#22333, ... 12 more fields]
                                 +- ~Project [event_id#22309, transaction_id#22310, customer_id#22311, merchant_id#22312, product_id#22313, product_name#22348, quantity#22315, unit_price#22316, gross_amount#22317, discount_amount#22318, tax_amount#22319, net_amount#22320, payment_method#22350, city#22352, upper(trim(device_type#22323, None)) AS device_type#22354, event_type#22324, transaction_status#22325, event_time#22326, ingestion_time#22327, currency#22328, exchange_rate#22329, profit_amount#22330, cost_price#22331, order_status#22332, payment_status#22333, ... 12 more fields]
                                    +- ~Project [event_id#22309, transaction_id#22310, customer_id#22311, merchant_id#22312, product_id#22313, product_name#22348, quantity#22315, unit_price#22316, gross_amount#22317, discount_amount#22318, tax_amount#22319, net_amount#22320, payment_method#22350, trim(city#22322, None) AS city#22352, device_type#22323, event_type#22324, transaction_status#22325, event_time#22326, ingestion_time#22327, currency#22328, exchange_rate#22329, profit_amount#22330, cost_price#22331, order_status#22332, payment_status#22333, ... 12 more fields]
                                       +- ~Project [event_id#22309, transaction_id#22310, customer_id#22311, merchant_id#22312, product_id#22313, product_name#22348, quantity#22315, unit_price#22316, gross_amount#22317, discount_amount#22318, tax_amount#22319, net_amount#22320, upper(trim(payment_method#22321, None)) AS payment_method#22350, city#22322, device_type#22323, event_type#22324, transaction_status#22325, event_time#22326, ingestion_time#22327, currency#22328, exchange_rate#22329, profit_amount#22330, cost_price#22331, order_status#22332, payment_status#22333, ... 12 more fields]
                                          +- ~Project [event_id#22309, transaction_id#22310, customer_id#22311, merchant_id#22312, product_id#22313, trim(product_name#22314, None) AS product_name#22348, quantity#22315, unit_price#22316, gross_amount#22317, discount_amount#22318, tax_amount#22319, net_amount#22320, payment_method#22321, city#22322, device_type#22323, event_type#22324, transaction_status#22325, event_time#22326, ingestion_time#22327, currency#22328, exchange_rate#22329, profit_amount#22330, cost_price#22331, order_status#22332, payment_status#22333, ... 12 more fields]
                                             +- ~Filter (isnull(tax_amount#22319) OR (tax_amount#22319 >= cast(0 as double)))
                                                +- ~Filter (isnull(discount_amount#22318) OR (discount_amount#22318 >= cast(0 as double)))
                                                   +- ~Filter (net_amount#22320 >= cast(0 as double))
                                                      +- ~Filter (gross_amount#22317 >= cast(0 as double))
                                                         +- ~Filter (unit_price#22316 > cast(0 as double))
                                                            +- ~Filter (quantity#22315 > 0)
                                                               +- ~Filter isnotnull(event_time#22326)
                                                                  +- ~Filter isnotnull(city#22322)
                                                                     +- ~Filter isnotnull(payment_method#22321)
                                                                        +- ~Filter isnotnull(net_amount#22320)
                                                                           +- ~Filter isnotnull(gross_amount#22317)
                                                                              +- ~Filter isnotnull(unit_price#22316)
                                                                                 +- ~Filter isnotnull(quantity#22315)
                                                                                    +- ~Filter isnotnull(product_name#22314)
                                                                                       +- ~Filter isnotnull(product_id#22313)
                                                                                          +- ~Filter isnotnull(merchant_id#22312)
                                                                                             +- ~Filter isnotnull(customer_id#22311)
                                                                                                +- ~Filter isnotnull(transaction_id#22310)
                                                                                                   +- ~Filter isnotnull(event_id#22309)
                                                                                                      +- ~StreamingExecutionRelation DeltaSource[s3://dbstorage-prod-cpgdo/uc/3caf84d5-b3d7-4fa6-a0e4-69f50d7c5d27/8dbdb134-53db-41c4-a8c1-a01b8d04aacf/__unitystorage/catalogs/8af0af66-b28c-4b17-9c21-d4a5a323e3d0/tables/a0954ab6-bf63-45a1-9b13-a88f50a473dc], [event_id#22309, transaction_id#22310, customer_id#22311, merchant_id#22312, product_id#22313, product_name#22314, quantity#22315, unit_price#22316, gross_amount#22317, discount_amount#22318, tax_amount#22319, net_amount#22320, payment_method#22321, city#22322, device_type#22323, event_type#22324, transaction_status#22325, event_time#22326, ingestion_time#22327, currency#22328, exchange_rate#22329, profit_amount#22330, cost_price#22331, order_status#22332, payment_status#22333, ... 12 more fields], `workspace`.`default`.`bronze_transactions`, name=<Unassigned>


Physical Plan: not available

JVM stacktrace:
org.apache.spark.sql.streaming.StreamingQueryException
	at org.apache.spark.sql.execution.streaming.runtime.StreamExecution.$anonfun$runStream$1(StreamExecution.scala:589)
	at scala.runtime.java8.JFunction0$mcV$sp.apply(JFunction0$mcV$sp.scala:18)
	at com.databricks.logging.AttributionContextTracing.$anonfun$withAttributionContext$1(AttributionContextTracing.scala:147)
	at com.databricks.logging.AttributionContext$.$anonfun$withValue$1(AttributionContext.scala:349)
	at scala.util.DynamicVariable.withValue(DynamicVariable.scala:59)
	at com.databricks.logging.AttributionContext$.withValue(AttributionContext.scala:345)
	at com.databricks.logging.AttributionContextTracing.withAttributionContext(AttributionContextTracing.scala:145)
	at com.databricks.logging.AttributionContextTracing.withAttributionContext$(AttributionContextTracing.scala:142)
	at com.databricks.spark.util.PublicDBLogging.withAttributionContext(DatabricksSparkUsageLogger.scala:29)
	at com.databricks.logging.AttributionContextTracing.withAttributionTags(AttributionContextTracing.scala:202)
	at com.databricks.logging.AttributionContextTracing.withAttributionTags$(AttributionContextTracing.scala:183)
	at com.databricks.spark.util.PublicDBLogging.withAttributionTags(DatabricksSparkUsageLogger.scala:29)
	at com.databricks.spark.util.PublicDBLogging.withAttributionTags0(DatabricksSparkUsageLogger.scala:108)
	at com.databricks.spark.util.DatabricksSparkUsageLogger.withAttributionTags(DatabricksSparkUsageLogger.scala:215)
	at com.databricks.spark.util.UsageLogging.$anonfun$withAttributionTags$1(UsageLogger.scala:668)
	at com.databricks.spark.util.UsageLogging$.withAttributionTags(UsageLogger.scala:780)
	at com.databricks.spark.util.UsageLogging$.withAttributionTags(UsageLogger.scala:789)
	at com.databricks.spark.util.UsageLogging.withAttributionTags(UsageLogger.scala:668)
	at com.databricks.spark.util.UsageLogging.withAttributionTags$(UsageLogger.scala:666)
	at org.apache.spark.sql.execution.streaming.runtime.StreamExecution.withAttributionTags(StreamExecution.scala:96)
	at org.apache.spark.sql.execution.streaming.runtime.StreamExecution.org$apache$spark$sql$execution$streaming$runtime$StreamExecution$$runStream(StreamExecution.scala:386)
	at org.apache.spark.sql.execution.streaming.runtime.StreamExecution$$anon$1.$anonfun$run$2(StreamExecution.scala:305)
	at scala.runtime.java8.JFunction0$mcV$sp.apply(JFunction0$mcV$sp.scala:18)
	at com.databricks.unity.UCSEphemeralState$Handle.runWith(UCSEphemeralState.scala:51)
	at com.databricks.unity.HandleImpl.runWith(UCSHandle.scala:104)
	at com.databricks.unity.HandleImpl.$anonfun$runWithAndClose$1(UCSHandle.scala:109)
	at scala.util.Using$.resource(Using.scala:296)
	at com.databricks.unity.HandleImpl.runWithAndClose(UCSHandle.scala:108)
	at org.apache.spark.sql.execution.streaming.runtime.StreamExecution$$anon$1.run(StreamExecution.scala:305)
Caused by: com.databricks.sql.transaction.tahoe.DeltaIllegalStateException: [DIFFERENT_DELTA_TABLE_READ_BY_STREAMING_SOURCE] The streaming query was reading from an unexpected Delta table (id = '84e5ed48-b305-49fa-9149-1dcb022e7ad2'). 
It used to read from another Delta table (id = '7831103a-de04-4071-b217-57d8e3dd1f21') according to checkpoint. 
This may happen when you changed the code to read from a new table or you deleted and 
re-created a table. Please revert your change or delete your streaming query checkpoint 
to restart from scratch.
	at com.databricks.sql.transaction.tahoe.DeltaErrorsBase.differentDeltaTableReadByStreamingSource(DeltaErrors.scala:1776)
	at com.databricks.sql.transaction.tahoe.DeltaErrorsBase.differentDeltaTableReadByStreamingSource$(DeltaErrors.scala:1774)
	at com.databricks.sql.transaction.tahoe.DeltaErrors$.differentDeltaTableReadByStreamingSource(DeltaErrors.scala:4306)
	at com.databricks.sql.transaction.tahoe.sources.DeltaSourceOffset$.apply(DeltaSourceOffset.scala:165)
	at com.databricks.sql.transaction.tahoe.sources.DeltaSourceOffset$.apply(DeltaSourceOffset.scala:178)
	at com.databricks.sql.transaction.tahoe.sources.DeltaSource.toDeltaSourceOffset(DeltaSource.scala:1300)
	at com.databricks.sql.transaction.tahoe.sources.DeltaSource.$anonfun$init$3(DeltaSource.scala:1824)
	at scala.Option.map(Option.scala:242)
	at com.databricks.sql.transaction.tahoe.sources.DeltaSource.$anonfun$init$1(DeltaSource.scala:1824)
	at scala.runtime.java8.JFunction0$mcV$sp.apply(JFunction0$mcV$sp.scala:18)
	at com.databricks.sql.transaction.tahoe.metering.DeltaLogging.withOperationTypeTag(DeltaLogging.scala:817)
	at com.databricks.sql.transaction.tahoe.metering.DeltaLogging.withOperationTypeTag$(DeltaLogging.scala:804)
	at com.databricks.sql.transaction.tahoe.sources.DeltaSource.withOperationTypeTag(DeltaSource.scala:887)
	at com.databricks.sql.transaction.tahoe.metering.DeltaLogging.$anonfun$recordDeltaOperationInternal$2(DeltaLogging.scala:518)
	at com.databricks.spark.util.FrameProfiler$.$anonfun$record$1(FrameProfiler.scala:114)
	at com.databricks.spark.util.FrameProfilerExporter$.maybeExportFrameProfiler(FrameProfilerExporter.scala:201)
	at com.databricks.spark.util.FrameProfiler$.record(FrameProfiler.scala:105)
	at com.databricks.sql.transaction.tahoe.metering.DeltaLogging.recordFrameProfile(DeltaLogging.scala:910)
	at com.databricks.sql.transaction.tahoe.metering.DeltaLogging.recordFrameProfile$(DeltaLogging.scala:908)
	at com.databricks.sql.transaction.tahoe.sources.DeltaSource.recordFrameProfile(DeltaSource.scala:887)
	at com.databricks.sql.transaction.tahoe.metering.DeltaLogging.$anonfun$recordDeltaOperationInternal$1(DeltaLogging.scala:517)
	at com.databricks.logging.UsageLogging.$anonfun$recordOperation$1(UsageLogging.scala:512)
	at com.databricks.logging.UsageLogging.executeThunkAndCaptureResultTags$1(UsageLogging.scala:632)
	at com.databricks.logging.UsageLogging.$anonfun$recordOperationWithResultTags$5(UsageLogging.scala:659)
	at com.databricks.logging.AttributionContextTracing.$anonfun$withAttributionContext$1(AttributionContextTracing.scala:147)
	at com.databricks.logging.AttributionContext$.$anonfun$withValue$1(AttributionContext.scala:349)
	at scala.util.DynamicVariable.withValue(DynamicVariable.scala:59)
	at com.databricks.logging.AttributionContext$.withValue(AttributionContext.scala:345)
	at com.databricks.logging.AttributionContextTracing.withAttributionContext(AttributionContextTracing.scala:145)
	at com.databricks.logging.AttributionContextTracing.withAttributionContext$(AttributionContextTracing.scala:142)
	at com.databricks.spark.util.PublicDBLogging.withAttributionContext(DatabricksSparkUsageLogger.scala:29)
	at com.databricks.logging.AttributionContextTracing.withAttributionTags(AttributionContextTracing.scala:202)
	at com.databricks.logging.AttributionContextTracing.withAttributionTags$(AttributionContextTracing.scala:183)
	at com.databricks.spark.util.PublicDBLogging.withAttributionTags(DatabricksSparkUsageLogger.scala:29)
	at com.databricks.logging.UsageLogging.recordOperationWithResultTags(UsageLogging.scala:627)
	at com.databricks.logging.UsageLogging.recordOperationWithResultTags$(UsageLogging.scala:521)
	at com.databricks.spark.util.PublicDBLogging.recordOperationWithResultTags(DatabricksSparkUsageLogger.scala:29)
	at com.databricks.logging.UsageLogging.recordOperation(UsageLogging.scala:513)
	at com.databricks.logging.UsageLogging.recordOperation$(UsageLogging.scala:477)
	at com.databricks.spark.util.PublicDBLogging.recordOperation(DatabricksSparkUsageLogger.scala:29)
	at com.databricks.spark.util.PublicDBLogging.recordOperation0(DatabricksSparkUsageLogger.scala:104)
	at com.databricks.spark.util.DatabricksSparkUsageLogger.recordOperation(DatabricksSparkUsageLogger.scala:193)
	at com.databricks.spark.util.UsageLogger.recordOperation(UsageLogger.scala:78)
	at com.databricks.spark.util.UsageLogger.recordOperation$(UsageLogger.scala:65)
	at com.databricks.spark.util.DatabricksSparkUsageLogger.recordOperation(DatabricksSparkUsageLogger.scala:152)
	at com.databricks.spark.util.UsageLogging.recordOperation(UsageLogger.scala:537)
	at com.databricks.spark.util.UsageLogging.recordOperation$(UsageLogger.scala:516)
	at com.databricks.sql.transaction.tahoe.sources.DeltaSource.recordOperation(DeltaSource.scala:887)
	at com.databricks.sql.transaction.tahoe.metering.DeltaLogging.recordDeltaOperationInternal(DeltaLogging.scala:516)
	at com.databricks.sql.transaction.tahoe.metering.DeltaLogging.recordDeltaOperation(DeltaLogging.scala:506)
	at com.databricks.sql.transaction.tahoe.metering.DeltaLogging.recordDeltaOperation$(DeltaLogging.scala:495)
	at com.databricks.sql.transaction.tahoe.sources.DeltaSource.recordDeltaOperation(DeltaSource.scala:887)
	at com.databricks.sql.transaction.tahoe.sources.DeltaSource.init(DeltaSource.scala:1816)
	at org.apache.spark.sql.execution.streaming.SourceInitializationHandler$.$anonfun$initSources$9(SupportsSourceInitialization.scala:86)
	at scala.runtime.java8.JFunction0$mcV$sp.apply(JFunction0$mcV$sp.scala:18)
	at org.apache.spark.sql.execution.streaming.StructuredApiLogger$.logApiEvent(SupportsStructuredApiLogging.scala:188)
	at org.apache.spark.sql.execution.streaming.SourceInitializationHandler$.$anonfun$initSources$4(SupportsSourceInitialization.scala:86)
	at org.apache.spark.sql.execution.streaming.SourceInitializationHandler$.$anonfun$initSources$4$adapted(SupportsSourceInitialization.scala:62)
	at scala.collection.immutable.List.foreach(List.scala:334)
	at org.apache.spark.sql.execution.streaming.SourceInitializationHandler$.initSources(SupportsSourceInitialization.scala:62)
	at org.apache.spark.sql.execution.streaming.runtime.MicroBatchExecution.initializeExecution(MicroBatchExecution.scala:903)
	at org.apache.spark.sql.execution.streaming.runtime.MicroBatchExecution.runActivatedStreamWithListener(MicroBatchExecution.scala:1197)
	at org.apache.spark.sql.execution.streaming.runtime.MicroBatchExecution.runActivatedStream(MicroBatchExecution.scala:770)
	at org.apache.spark.sql.execution.streaming.runtime.StreamExecution.$anonfun$runStream$2(StreamExecution.scala:486)
	at scala.runtime.java8.JFunction0$mcV$sp.apply(JFunction0$mcV$sp.scala:18)
	at org.apache.spark.sql.SparkSession.withActive(SparkSession.scala:866)
	at org.apache.spark.sql.execution.streaming.runtime.StreamExecution.$anonfun$runStream$1(StreamExecution.scala:417)
	at scala.runtime.java8.JFunction0$mcV$sp.apply(JFunction0$mcV$sp.scala:18)
	at com.databricks.logging.AttributionContextTracing.$anonfun$withAttributionContext$1(AttributionContextTracing.scala:147)
	at com.databricks.logging.AttributionContext$.$anonfun$withValue$1(AttributionContext.scala:349)
	at scala.util.DynamicVariable.withValue(DynamicVariable.scala:59)
	at com.databricks.logging.AttributionContext$.withValue(AttributionContext.scala:345)
	at com.databricks.logging.AttributionContextTracing.withAttributionContext(AttributionContextTracing.scala:145)
	at com.databricks.logging.AttributionContextTracing.withAttributionContext$(AttributionContextTracing.scala:142)
	at com.databricks.spark.util.PublicDBLogging.withAttributionContext(DatabricksSparkUsageLogger.scala:29)
	at com.databricks.logging.AttributionContextTracing.withAttributionTags(AttributionContextTracing.scala:202)
	at com.databricks.logging.AttributionContextTracing.withAttributionTags$(AttributionContextTracing.scala:183)
	at com.databricks.spark.util.PublicDBLogging.withAttributionTags(DatabricksSparkUsageLogger.scala:29)
	at com.databricks.spark.util.PublicDBLogging.withAttributionTags0(DatabricksSparkUsageLogger.scala:108)
	at com.databricks.spark.util.DatabricksSparkUsageLogger.withAttributionTags(DatabricksSparkUsageLogger.scala:215)
	at com.databricks.spark.util.UsageLogging.$anonfun$withAttributionTags$1(UsageLogger.scala:668)
	at com.databricks.spark.util.UsageLogging$.withAttributionTags(UsageLogger.scala:780)
	at com.databricks.spark.util.UsageLogging$.withAttributionTags(UsageLogger.scala:789)
	at com.databricks.spark.util.UsageLogging.withAttributionTags(UsageLogger.scala:668)
	at com.databricks.spark.util.UsageLogging.withAttributionTags$(UsageLogger.scala:666)
	at org.apache.spark.sql.execution.streaming.runtime.StreamExecution.withAttributionTags(StreamExecution.scala:96)
	at org.apache.spark.sql.execution.streaming.runtime.StreamExecution.org$apache$spark$sql$execution$streaming$runtime$StreamExecution$$runStream(StreamExecution.scala:386)
	at org.apache.spark.sql.execution.streaming.runtime.StreamExecution$$anon$1.$anonfun$run$2(StreamExecution.scala:305)
	at scala.runtime.java8.JFunction0$mcV$sp.apply(JFunction0$mcV$sp.scala:18)
	at com.databricks.unity.UCSEphemeralState$Handle.runWith(UCSEphemeralState.scala:51)
	at com.databricks.unity.HandleImpl.runWith(UCSHandle.scala:104)
	at com.databricks.unity.HandleImpl.$anonfun$runWithAndClose$1(UCSHandle.scala:109)
	at scala.util.Using$.resource(Using.scala:296)
	at com.databricks.unity.HandleImpl.runWithAndClose(UCSHandle.scala:108)
	at org.apache.spark.sql.execution.streaming.runtime.StreamExecution$$anon$1.run(StreamExecution.scala:305)
2026-04-11 20:26:11,821 | pyspark_streaming/silver | INFO | Creating Spark session for Silver layer
2026-04-11 20:26:11,824 | pyspark_streaming/silver | INFO | Spark session created successfully
2026-04-11 20:26:11,825 | pyspark_streaming/silver | INFO | Reading data from Bronze layer
2026-04-11 20:26:11,826 | pyspark_streaming/silver | INFO | Data read successfully from Bronze layer
2026-04-11 20:26:11,826 | pyspark_streaming/silver | INFO | Transforming data for Silver layer
2026-04-11 20:26:11,829 | pyspark_streaming/silver | INFO | Transformation Completed Successfully
2026-04-11 20:26:11,829 | pyspark_streaming/silver | INFO | Writing data to Silver layer
2026-04-11 20:26:15,242 | pyspark_streaming/silver | INFO | Silver streaming query started successfully
2026-04-11 20:26:16,247 | pyspark_streaming/silver | ERROR | Error writing data to Silver layer: [STREAM_FAILED] Query [id = b38c02c5-8c0b-461a-bb40-69b37e8730c0, runId = 9c5a289a-b782-4b0a-8802-b61a29b62d3d] terminated with exception: [DIFFERENT_DELTA_TABLE_READ_BY_STREAMING_SOURCE] The streaming query was reading from an unexpected Delta table (id = '84e5ed48-b305-49fa-9149-1dcb022e7ad2'). 
It used to read from another Delta table (id = '7831103a-de04-4071-b217-57d8e3dd1f21') according to checkpoint. 
This may happen when you changed the code to read from a new table or you deleted and 
re-created a table. Please revert your change or delete your streaming query checkpoint 
to restart from scratch. SQLSTATE: XXKST
=== Streaming Query ===
Identifier: [id = b38c02c5-8c0b-461a-bb40-69b37e8730c0, runId = 9c5a289a-b782-4b0a-8802-b61a29b62d3d]
Current Start Offsets: {}
Current End Offsets: {}

Current State: ACTIVE
Thread State: RUNNABLE

Logical Plan:
~WriteToMicroBatchDataSourceV1 `workspace`.`default`.`silver_transactions`, DeltaSink[s3://dbstorage-prod-cpgdo/uc/3caf84d5-b3d7-4fa6-a0e4-69f50d7c5d27/8dbdb134-53db-41c4-a8c1-a01b8d04aacf/__unitystorage/catalogs/8af0af66-b28c-4b17-9c21-d4a5a323e3d0/tables/a5129b8d-9cb7-464c-8ff1-7cf67e6f1001], b38c02c5-8c0b-461a-bb40-69b37e8730c0, [checkpointLocation=/Volumes/workspace/transaction_data_pipeline/silver/checkpoints/silver_transactions, mergeSchema=true, path=s3://dbstorage-prod-cpgdo/uc/3caf84d5-b3d7-4fa6-a0e4-69f50d7c5d27/8dbdb134-53db-41c4-a8c1-a01b8d04aacf/__unitystorage/catalogs/8af0af66-b28c-4b17-9c21-d4a5a323e3d0/tables/a5129b8d-9cb7-464c-8ff1-7cf67e6f1001], Append
+- ~Deduplicate [event_id#22639]
   +- ~Project [event_id#22639, transaction_id#22640, customer_id#22641, merchant_id#22642, product_id#22643, product_name#22678, quantity#22645, unit_price#22646, gross_amount#22647, discount_amount#22648, tax_amount#22649, net_amount#22650, payment_method#22680, city#22682, device_type#22684, event_type#22686, transaction_status#22688, event_time#22690, ingestion_time#22692, currency#22702, exchange_rate#22659, CASE WHEN isnotnull(cost_price#22661) THEN (net_amount#22650 - cost_price#22661) ELSE cast(null as double) END AS profit_amount#22704, cost_price#22661, order_status#22698, payment_status#22696, ... 13 more fields]
      +- ~Project [event_id#22639, transaction_id#22640, customer_id#22641, merchant_id#22642, product_id#22643, product_name#22678, quantity#22645, unit_price#22646, gross_amount#22647, discount_amount#22648, tax_amount#22649, net_amount#22650, payment_method#22680, city#22682, device_type#22684, event_type#22686, transaction_status#22688, event_time#22690, ingestion_time#22692, upper(trim(currency#22658, None)) AS currency#22702, exchange_rate#22659, profit_amount#22660, cost_price#22661, order_status#22698, payment_status#22696, ... 13 more fields]
         +- ~Project [event_id#22639, transaction_id#22640, customer_id#22641, merchant_id#22642, product_id#22643, product_name#22678, quantity#22645, unit_price#22646, gross_amount#22647, discount_amount#22648, tax_amount#22649, net_amount#22650, payment_method#22680, city#22682, device_type#22684, event_type#22686, transaction_status#22688, event_time#22690, ingestion_time#22692, currency#22658, exchange_rate#22659, profit_amount#22660, cost_price#22661, order_status#22698, payment_status#22696, ... 13 more fields]
            +- ~Project [event_id#22639, transaction_id#22640, customer_id#22641, merchant_id#22642, product_id#22643, product_name#22678, quantity#22645, unit_price#22646, gross_amount#22647, discount_amount#22648, tax_amount#22649, net_amount#22650, payment_method#22680, city#22682, device_type#22684, event_type#22686, transaction_status#22688, event_time#22690, ingestion_time#22692, currency#22658, exchange_rate#22659, profit_amount#22660, cost_price#22661, upper(trim(order_status#22662, None)) AS order_status#22698, payment_status#22696, ... 13 more fields]
               +- ~Project [event_id#22639, transaction_id#22640, customer_id#22641, merchant_id#22642, product_id#22643, product_name#22678, quantity#22645, unit_price#22646, gross_amount#22647, discount_amount#22648, tax_amount#22649, net_amount#22650, payment_method#22680, city#22682, device_type#22684, event_type#22686, transaction_status#22688, event_time#22690, ingestion_time#22692, currency#22658, exchange_rate#22659, profit_amount#22660, cost_price#22661, order_status#22662, upper(trim(payment_status#22663, None)) AS payment_status#22696, ... 13 more fields]
                  +- ~Project [event_id#22639, transaction_id#22640, customer_id#22641, merchant_id#22642, product_id#22643, product_name#22678, quantity#22645, unit_price#22646, gross_amount#22647, discount_amount#22648, tax_amount#22649, net_amount#22650, payment_method#22680, city#22682, device_type#22684, event_type#22686, transaction_status#22688, event_time#22690, ingestion_time#22692, currency#22658, exchange_rate#22659, profit_amount#22660, cost_price#22661, order_status#22662, payment_status#22663, ... 13 more fields]
                     +- ~Project [event_id#22639, transaction_id#22640, customer_id#22641, merchant_id#22642, product_id#22643, product_name#22678, quantity#22645, unit_price#22646, gross_amount#22647, discount_amount#22648, tax_amount#22649, net_amount#22650, payment_method#22680, city#22682, device_type#22684, event_type#22686, transaction_status#22688, event_time#22690, to_timestamp(ingestion_time#22657, None, TimestampType, Some(Etc/UTC), true) AS ingestion_time#22692, currency#22658, exchange_rate#22659, profit_amount#22660, cost_price#22661, order_status#22662, payment_status#22663, ... 12 more fields]
                        +- ~Project [event_id#22639, transaction_id#22640, customer_id#22641, merchant_id#22642, product_id#22643, product_name#22678, quantity#22645, unit_price#22646, gross_amount#22647, discount_amount#22648, tax_amount#22649, net_amount#22650, payment_method#22680, city#22682, device_type#22684, event_type#22686, transaction_status#22688, to_timestamp(event_time#22656, None, TimestampType, Some(Etc/UTC), true) AS event_time#22690, ingestion_time#22657, currency#22658, exchange_rate#22659, profit_amount#22660, cost_price#22661, order_status#22662, payment_status#22663, ... 12 more fields]
                           +- ~Project [event_id#22639, transaction_id#22640, customer_id#22641, merchant_id#22642, product_id#22643, product_name#22678, quantity#22645, unit_price#22646, gross_amount#22647, discount_amount#22648, tax_amount#22649, net_amount#22650, payment_method#22680, city#22682, device_type#22684, event_type#22686, upper(trim(transaction_status#22655, None)) AS transaction_status#22688, event_time#22656, ingestion_time#22657, currency#22658, exchange_rate#22659, profit_amount#22660, cost_price#22661, order_status#22662, payment_status#22663, ... 12 more fields]
                              +- ~Project [event_id#22639, transaction_id#22640, customer_id#22641, merchant_id#22642, product_id#22643, product_name#22678, quantity#22645, unit_price#22646, gross_amount#22647, discount_amount#22648, tax_amount#22649, net_amount#22650, payment_method#22680, city#22682, device_type#22684, upper(trim(event_type#22654, None)) AS event_type#22686, transaction_status#22655, event_time#22656, ingestion_time#22657, currency#22658, exchange_rate#22659, profit_amount#22660, cost_price#22661, order_status#22662, payment_status#22663, ... 12 more fields]
                                 +- ~Project [event_id#22639, transaction_id#22640, customer_id#22641, merchant_id#22642, product_id#22643, product_name#22678, quantity#22645, unit_price#22646, gross_amount#22647, discount_amount#22648, tax_amount#22649, net_amount#22650, payment_method#22680, city#22682, upper(trim(device_type#22653, None)) AS device_type#22684, event_type#22654, transaction_status#22655, event_time#22656, ingestion_time#22657, currency#22658, exchange_rate#22659, profit_amount#22660, cost_price#22661, order_status#22662, payment_status#22663, ... 12 more fields]
                                    +- ~Project [event_id#22639, transaction_id#22640, customer_id#22641, merchant_id#22642, product_id#22643, product_name#22678, quantity#22645, unit_price#22646, gross_amount#22647, discount_amount#22648, tax_amount#22649, net_amount#22650, payment_method#22680, trim(city#22652, None) AS city#22682, device_type#22653, event_type#22654, transaction_status#22655, event_time#22656, ingestion_time#22657, currency#22658, exchange_rate#22659, profit_amount#22660, cost_price#22661, order_status#22662, payment_status#22663, ... 12 more fields]
                                       +- ~Project [event_id#22639, transaction_id#22640, customer_id#22641, merchant_id#22642, product_id#22643, product_name#22678, quantity#22645, unit_price#22646, gross_amount#22647, discount_amount#22648, tax_amount#22649, net_amount#22650, upper(trim(payment_method#22651, None)) AS payment_method#22680, city#22652, device_type#22653, event_type#22654, transaction_status#22655, event_time#22656, ingestion_time#22657, currency#22658, exchange_rate#22659, profit_amount#22660, cost_price#22661, order_status#22662, payment_status#22663, ... 12 more fields]
                                          +- ~Project [event_id#22639, transaction_id#22640, customer_id#22641, merchant_id#22642, product_id#22643, trim(product_name#22644, None) AS product_name#22678, quantity#22645, unit_price#22646, gross_amount#22647, discount_amount#22648, tax_amount#22649, net_amount#22650, payment_method#22651, city#22652, device_type#22653, event_type#22654, transaction_status#22655, event_time#22656, ingestion_time#22657, currency#22658, exchange_rate#22659, profit_amount#22660, cost_price#22661, order_status#22662, payment_status#22663, ... 12 more fields]
                                             +- ~Filter (isnull(tax_amount#22649) OR (tax_amount#22649 >= cast(0 as double)))
                                                +- ~Filter (isnull(discount_amount#22648) OR (discount_amount#22648 >= cast(0 as double)))
                                                   +- ~Filter (net_amount#22650 >= cast(0 as double))
                                                      +- ~Filter (gross_amount#22647 >= cast(0 as double))
                                                         +- ~Filter (unit_price#22646 > cast(0 as double))
                                                            +- ~Filter (quantity#22645 > 0)
                                                               +- ~Filter isnotnull(event_time#22656)
                                                                  +- ~Filter isnotnull(city#22652)
                                                                     +- ~Filter isnotnull(payment_method#22651)
                                                                        +- ~Filter isnotnull(net_amount#22650)
                                                                           +- ~Filter isnotnull(gross_amount#22647)
                                                                              +- ~Filter isnotnull(unit_price#22646)
                                                                                 +- ~Filter isnotnull(quantity#22645)
                                                                                    +- ~Filter isnotnull(product_name#22644)
                                                                                       +- ~Filter isnotnull(product_id#22643)
                                                                                          +- ~Filter isnotnull(merchant_id#22642)
                                                                                             +- ~Filter isnotnull(customer_id#22641)
                                                                                                +- ~Filter isnotnull(transaction_id#22640)
                                                                                                   +- ~Filter isnotnull(event_id#22639)
                                                                                                      +- ~StreamingExecutionRelation DeltaSource[s3://dbstorage-prod-cpgdo/uc/3caf84d5-b3d7-4fa6-a0e4-69f50d7c5d27/8dbdb134-53db-41c4-a8c1-a01b8d04aacf/__unitystorage/catalogs/8af0af66-b28c-4b17-9c21-d4a5a323e3d0/tables/a0954ab6-bf63-45a1-9b13-a88f50a473dc], [event_id#22639, transaction_id#22640, customer_id#22641, merchant_id#22642, product_id#22643, product_name#22644, quantity#22645, unit_price#22646, gross_amount#22647, discount_amount#22648, tax_amount#22649, net_amount#22650, payment_method#22651, city#22652, device_type#22653, event_type#22654, transaction_status#22655, event_time#22656, ingestion_time#22657, currency#22658, exchange_rate#22659, profit_amount#22660, cost_price#22661, order_status#22662, payment_status#22663, ... 12 more fields], `workspace`.`default`.`bronze_transactions`, name=<Unassigned>


Physical Plan: not available

JVM stacktrace:
org.apache.spark.sql.streaming.StreamingQueryException
	at org.apache.spark.sql.execution.streaming.runtime.StreamExecution.$anonfun$runStream$1(StreamExecution.scala:589)
	at scala.runtime.java8.JFunction0$mcV$sp.apply(JFunction0$mcV$sp.scala:18)
	at com.databricks.logging.AttributionContextTracing.$anonfun$withAttributionContext$1(AttributionContextTracing.scala:147)
	at com.databricks.logging.AttributionContext$.$anonfun$withValue$1(AttributionContext.scala:349)
	at scala.util.DynamicVariable.withValue(DynamicVariable.scala:59)
	at com.databricks.logging.AttributionContext$.withValue(AttributionContext.scala:345)
	at com.databricks.logging.AttributionContextTracing.withAttributionContext(AttributionContextTracing.scala:145)
	at com.databricks.logging.AttributionContextTracing.withAttributionContext$(AttributionContextTracing.scala:142)
	at com.databricks.spark.util.PublicDBLogging.withAttributionContext(DatabricksSparkUsageLogger.scala:29)
	at com.databricks.logging.AttributionContextTracing.withAttributionTags(AttributionContextTracing.scala:202)
	at com.databricks.logging.AttributionContextTracing.withAttributionTags$(AttributionContextTracing.scala:183)
	at com.databricks.spark.util.PublicDBLogging.withAttributionTags(DatabricksSparkUsageLogger.scala:29)
	at com.databricks.spark.util.PublicDBLogging.withAttributionTags0(DatabricksSparkUsageLogger.scala:108)
	at com.databricks.spark.util.DatabricksSparkUsageLogger.withAttributionTags(DatabricksSparkUsageLogger.scala:215)
	at com.databricks.spark.util.UsageLogging.$anonfun$withAttributionTags$1(UsageLogger.scala:668)
	at com.databricks.spark.util.UsageLogging$.withAttributionTags(UsageLogger.scala:780)
	at com.databricks.spark.util.UsageLogging$.withAttributionTags(UsageLogger.scala:789)
	at com.databricks.spark.util.UsageLogging.withAttributionTags(UsageLogger.scala:668)
	at com.databricks.spark.util.UsageLogging.withAttributionTags$(UsageLogger.scala:666)
	at org.apache.spark.sql.execution.streaming.runtime.StreamExecution.withAttributionTags(StreamExecution.scala:96)
	at org.apache.spark.sql.execution.streaming.runtime.StreamExecution.org$apache$spark$sql$execution$streaming$runtime$StreamExecution$$runStream(StreamExecution.scala:386)
	at org.apache.spark.sql.execution.streaming.runtime.StreamExecution$$anon$1.$anonfun$run$2(StreamExecution.scala:305)
	at scala.runtime.java8.JFunction0$mcV$sp.apply(JFunction0$mcV$sp.scala:18)
	at com.databricks.unity.UCSEphemeralState$Handle.runWith(UCSEphemeralState.scala:51)
	at com.databricks.unity.HandleImpl.runWith(UCSHandle.scala:104)
	at com.databricks.unity.HandleImpl.$anonfun$runWithAndClose$1(UCSHandle.scala:109)
	at scala.util.Using$.resource(Using.scala:296)
	at com.databricks.unity.HandleImpl.runWithAndClose(UCSHandle.scala:108)
	at org.apache.spark.sql.execution.streaming.runtime.StreamExecution$$anon$1.run(StreamExecution.scala:305)
Caused by: com.databricks.sql.transaction.tahoe.DeltaIllegalStateException: [DIFFERENT_DELTA_TABLE_READ_BY_STREAMING_SOURCE] The streaming query was reading from an unexpected Delta table (id = '84e5ed48-b305-49fa-9149-1dcb022e7ad2'). 
It used to read from another Delta table (id = '7831103a-de04-4071-b217-57d8e3dd1f21') according to checkpoint. 
This may happen when you changed the code to read from a new table or you deleted and 
re-created a table. Please revert your change or delete your streaming query checkpoint 
to restart from scratch.
	at com.databricks.sql.transaction.tahoe.DeltaErrorsBase.differentDeltaTableReadByStreamingSource(DeltaErrors.scala:1776)
	at com.databricks.sql.transaction.tahoe.DeltaErrorsBase.differentDeltaTableReadByStreamingSource$(DeltaErrors.scala:1774)
	at com.databricks.sql.transaction.tahoe.DeltaErrors$.differentDeltaTableReadByStreamingSource(DeltaErrors.scala:4306)
	at com.databricks.sql.transaction.tahoe.sources.DeltaSourceOffset$.apply(DeltaSourceOffset.scala:165)
	at com.databricks.sql.transaction.tahoe.sources.DeltaSourceOffset$.apply(DeltaSourceOffset.scala:178)
	at com.databricks.sql.transaction.tahoe.sources.DeltaSource.toDeltaSourceOffset(DeltaSource.scala:1300)
	at com.databricks.sql.transaction.tahoe.sources.DeltaSource.$anonfun$init$3(DeltaSource.scala:1824)
	at scala.Option.map(Option.scala:242)
	at com.databricks.sql.transaction.tahoe.sources.DeltaSource.$anonfun$init$1(DeltaSource.scala:1824)
	at scala.runtime.java8.JFunction0$mcV$sp.apply(JFunction0$mcV$sp.scala:18)
	at com.databricks.sql.transaction.tahoe.metering.DeltaLogging.withOperationTypeTag(DeltaLogging.scala:817)
	at com.databricks.sql.transaction.tahoe.metering.DeltaLogging.withOperationTypeTag$(DeltaLogging.scala:804)
	at com.databricks.sql.transaction.tahoe.sources.DeltaSource.withOperationTypeTag(DeltaSource.scala:887)
	at com.databricks.sql.transaction.tahoe.metering.DeltaLogging.$anonfun$recordDeltaOperationInternal$2(DeltaLogging.scala:518)
	at com.databricks.spark.util.FrameProfiler$.$anonfun$record$1(FrameProfiler.scala:114)
	at com.databricks.spark.util.FrameProfilerExporter$.maybeExportFrameProfiler(FrameProfilerExporter.scala:201)
	at com.databricks.spark.util.FrameProfiler$.record(FrameProfiler.scala:105)
	at com.databricks.sql.transaction.tahoe.metering.DeltaLogging.recordFrameProfile(DeltaLogging.scala:910)
	at com.databricks.sql.transaction.tahoe.metering.DeltaLogging.recordFrameProfile$(DeltaLogging.scala:908)
	at com.databricks.sql.transaction.tahoe.sources.DeltaSource.recordFrameProfile(DeltaSource.scala:887)
	at com.databricks.sql.transaction.tahoe.metering.DeltaLogging.$anonfun$recordDeltaOperationInternal$1(DeltaLogging.scala:517)
	at com.databricks.logging.UsageLogging.$anonfun$recordOperation$1(UsageLogging.scala:512)
	at com.databricks.logging.UsageLogging.executeThunkAndCaptureResultTags$1(UsageLogging.scala:632)
	at com.databricks.logging.UsageLogging.$anonfun$recordOperationWithResultTags$5(UsageLogging.scala:659)
	at com.databricks.logging.AttributionContextTracing.$anonfun$withAttributionContext$1(AttributionContextTracing.scala:147)
	at com.databricks.logging.AttributionContext$.$anonfun$withValue$1(AttributionContext.scala:349)
	at scala.util.DynamicVariable.withValue(DynamicVariable.scala:59)
	at com.databricks.logging.AttributionContext$.withValue(AttributionContext.scala:345)
	at com.databricks.logging.AttributionContextTracing.withAttributionContext(AttributionContextTracing.scala:145)
	at com.databricks.logging.AttributionContextTracing.withAttributionContext$(AttributionContextTracing.scala:142)
	at com.databricks.spark.util.PublicDBLogging.withAttributionContext(DatabricksSparkUsageLogger.scala:29)
	at com.databricks.logging.AttributionContextTracing.withAttributionTags(AttributionContextTracing.scala:202)
	at com.databricks.logging.AttributionContextTracing.withAttributionTags$(AttributionContextTracing.scala:183)
	at com.databricks.spark.util.PublicDBLogging.withAttributionTags(DatabricksSparkUsageLogger.scala:29)
	at com.databricks.logging.UsageLogging.recordOperationWithResultTags(UsageLogging.scala:627)
	at com.databricks.logging.UsageLogging.recordOperationWithResultTags$(UsageLogging.scala:521)
	at com.databricks.spark.util.PublicDBLogging.recordOperationWithResultTags(DatabricksSparkUsageLogger.scala:29)
	at com.databricks.logging.UsageLogging.recordOperation(UsageLogging.scala:513)
	at com.databricks.logging.UsageLogging.recordOperation$(UsageLogging.scala:477)
	at com.databricks.spark.util.PublicDBLogging.recordOperation(DatabricksSparkUsageLogger.scala:29)
	at com.databricks.spark.util.PublicDBLogging.recordOperation0(DatabricksSparkUsageLogger.scala:104)
	at com.databricks.spark.util.DatabricksSparkUsageLogger.recordOperation(DatabricksSparkUsageLogger.scala:193)
	at com.databricks.spark.util.UsageLogger.recordOperation(UsageLogger.scala:78)
	at com.databricks.spark.util.UsageLogger.recordOperation$(UsageLogger.scala:65)
	at com.databricks.spark.util.DatabricksSparkUsageLogger.recordOperation(DatabricksSparkUsageLogger.scala:152)
	at com.databricks.spark.util.UsageLogging.recordOperation(UsageLogger.scala:537)
	at com.databricks.spark.util.UsageLogging.recordOperation$(UsageLogger.scala:516)
	at com.databricks.sql.transaction.tahoe.sources.DeltaSource.recordOperation(DeltaSource.scala:887)
	at com.databricks.sql.transaction.tahoe.metering.DeltaLogging.recordDeltaOperationInternal(DeltaLogging.scala:516)
	at com.databricks.sql.transaction.tahoe.metering.DeltaLogging.recordDeltaOperation(DeltaLogging.scala:506)
	at com.databricks.sql.transaction.tahoe.metering.DeltaLogging.recordDeltaOperation$(DeltaLogging.scala:495)
	at com.databricks.sql.transaction.tahoe.sources.DeltaSource.recordDeltaOperation(DeltaSource.scala:887)
	at com.databricks.sql.transaction.tahoe.sources.DeltaSource.init(DeltaSource.scala:1816)
	at org.apache.spark.sql.execution.streaming.SourceInitializationHandler$.$anonfun$initSources$9(SupportsSourceInitialization.scala:86)
	at scala.runtime.java8.JFunction0$mcV$sp.apply(JFunction0$mcV$sp.scala:18)
	at org.apache.spark.sql.execution.streaming.StructuredApiLogger$.logApiEvent(SupportsStructuredApiLogging.scala:188)
	at org.apache.spark.sql.execution.streaming.SourceInitializationHandler$.$anonfun$initSources$4(SupportsSourceInitialization.scala:86)
	at org.apache.spark.sql.execution.streaming.SourceInitializationHandler$.$anonfun$initSources$4$adapted(SupportsSourceInitialization.scala:62)
	at scala.collection.immutable.List.foreach(List.scala:334)
	at org.apache.spark.sql.execution.streaming.SourceInitializationHandler$.initSources(SupportsSourceInitialization.scala:62)
	at org.apache.spark.sql.execution.streaming.runtime.MicroBatchExecution.initializeExecution(MicroBatchExecution.scala:903)
	at org.apache.spark.sql.execution.streaming.runtime.MicroBatchExecution.runActivatedStreamWithListener(MicroBatchExecution.scala:1197)
	at org.apache.spark.sql.execution.streaming.runtime.MicroBatchExecution.runActivatedStream(MicroBatchExecution.scala:770)
	at org.apache.spark.sql.execution.streaming.runtime.StreamExecution.$anonfun$runStream$2(StreamExecution.scala:486)
	at scala.runtime.java8.JFunction0$mcV$sp.apply(JFunction0$mcV$sp.scala:18)
	at org.apache.spark.sql.SparkSession.withActive(SparkSession.scala:866)
	at org.apache.spark.sql.execution.streaming.runtime.StreamExecution.$anonfun$runStream$1(StreamExecution.scala:417)
	at scala.runtime.java8.JFunction0$mcV$sp.apply(JFunction0$mcV$sp.scala:18)
	at com.databricks.logging.AttributionContextTracing.$anonfun$withAttributionContext$1(AttributionContextTracing.scala:147)
	at com.databricks.logging.AttributionContext$.$anonfun$withValue$1(AttributionContext.scala:349)
	at scala.util.DynamicVariable.withValue(DynamicVariable.scala:59)
	at com.databricks.logging.AttributionContext$.withValue(AttributionContext.scala:345)
	at com.databricks.logging.AttributionContextTracing.withAttributionContext(AttributionContextTracing.scala:145)
	at com.databricks.logging.AttributionContextTracing.withAttributionContext$(AttributionContextTracing.scala:142)
	at com.databricks.spark.util.PublicDBLogging.withAttributionContext(DatabricksSparkUsageLogger.scala:29)
	at com.databricks.logging.AttributionContextTracing.withAttributionTags(AttributionContextTracing.scala:202)
	at com.databricks.logging.AttributionContextTracing.withAttributionTags$(AttributionContextTracing.scala:183)
	at com.databricks.spark.util.PublicDBLogging.withAttributionTags(DatabricksSparkUsageLogger.scala:29)
	at com.databricks.spark.util.PublicDBLogging.withAttributionTags0(DatabricksSparkUsageLogger.scala:108)
	at com.databricks.spark.util.DatabricksSparkUsageLogger.withAttributionTags(DatabricksSparkUsageLogger.scala:215)
	at com.databricks.spark.util.UsageLogging.$anonfun$withAttributionTags$1(UsageLogger.scala:668)
	at com.databricks.spark.util.UsageLogging$.withAttributionTags(UsageLogger.scala:780)
	at com.databricks.spark.util.UsageLogging$.withAttributionTags(UsageLogger.scala:789)
	at com.databricks.spark.util.UsageLogging.withAttributionTags(UsageLogger.scala:668)
	at com.databricks.spark.util.UsageLogging.withAttributionTags$(UsageLogger.scala:666)
	at org.apache.spark.sql.execution.streaming.runtime.StreamExecution.withAttributionTags(StreamExecution.scala:96)
	at org.apache.spark.sql.execution.streaming.runtime.StreamExecution.org$apache$spark$sql$execution$streaming$runtime$StreamExecution$$runStream(StreamExecution.scala:386)
	at org.apache.spark.sql.execution.streaming.runtime.StreamExecution$$anon$1.$anonfun$run$2(StreamExecution.scala:305)
	at scala.runtime.java8.JFunction0$mcV$sp.apply(JFunction0$mcV$sp.scala:18)
	at com.databricks.unity.UCSEphemeralState$Handle.runWith(UCSEphemeralState.scala:51)
	at com.databricks.unity.HandleImpl.runWith(UCSHandle.scala:104)
	at com.databricks.unity.HandleImpl.$anonfun$runWithAndClose$1(UCSHandle.scala:109)
	at scala.util.Using$.resource(Using.scala:296)
	at com.databricks.unity.HandleImpl.runWithAndClose(UCSHandle.scala:108)
	at org.apache.spark.sql.execution.streaming.runtime.StreamExecution$$anon$1.run(StreamExecution.scala:305)
Traceback (most recent call last):
  File "/Workspace/Repos/gnavin478@gmail.com/Realtime-Transaction-Pipeline/pyspark_streaming/silver/silver_transform.py", line 117, in write_to_silver
    query.awaitTermination()
  File "/databricks/python/lib/python3.12/site-packages/pyspark/sql/connect/streaming/query.py", line 100, in awaitTermination
    self._execute_streaming_query_cmd(cmd)
  File "/databricks/python/lib/python3.12/site-packages/pyspark/sql/connect/streaming/query.py", line 188, in _execute_streaming_query_cmd
    (_, properties, _) = self._session.client.execute_command(exec_cmd)
                         ^^^^^^^^^^^^^^^^^^^^^^^^^^^^^^^^^^^^^^^^^^^^^^
  File "/databricks/python/lib/python3.12/site-packages/pyspark/sql/connect/client/core.py", line 1538, in execute_command
    data, _, metrics, observed_metrics, properties = self._execute_and_fetch(
                                                     ^^^^^^^^^^^^^^^^^^^^^^^^
  File "/databricks/python/lib/python3.12/site-packages/pyspark/sql/connect/client/core.py", line 2086, in _execute_and_fetch
    for response in self._execute_and_fetch_as_iterator(
  File "/databricks/python/lib/python3.12/site-packages/pyspark/sql/connect/client/core.py", line 2062, in _execute_and_fetch_as_iterator
    self._handle_error(error)
  File "/databricks/python/lib/python3.12/site-packages/pyspark/sql/connect/client/core.py", line 2380, in _handle_error
    self._handle_rpc_error(error)
  File "/databricks/python/lib/python3.12/site-packages/pyspark/sql/connect/client/core.py", line 2458, in _handle_rpc_error
    raise convert_exception(
pyspark.errors.exceptions.connect.StreamingQueryException: [STREAM_FAILED] Query [id = b38c02c5-8c0b-461a-bb40-69b37e8730c0, runId = 9c5a289a-b782-4b0a-8802-b61a29b62d3d] terminated with exception: [DIFFERENT_DELTA_TABLE_READ_BY_STREAMING_SOURCE] The streaming query was reading from an unexpected Delta table (id = '84e5ed48-b305-49fa-9149-1dcb022e7ad2'). 
It used to read from another Delta table (id = '7831103a-de04-4071-b217-57d8e3dd1f21') according to checkpoint. 
This may happen when you changed the code to read from a new table or you deleted and 
re-created a table. Please revert your change or delete your streaming query checkpoint 
to restart from scratch. SQLSTATE: XXKST
=== Streaming Query ===
Identifier: [id = b38c02c5-8c0b-461a-bb40-69b37e8730c0, runId = 9c5a289a-b782-4b0a-8802-b61a29b62d3d]
Current Start Offsets: {}
Current End Offsets: {}

Current State: ACTIVE
Thread State: RUNNABLE

Logical Plan:
~WriteToMicroBatchDataSourceV1 `workspace`.`default`.`silver_transactions`, DeltaSink[s3://dbstorage-prod-cpgdo/uc/3caf84d5-b3d7-4fa6-a0e4-69f50d7c5d27/8dbdb134-53db-41c4-a8c1-a01b8d04aacf/__unitystorage/catalogs/8af0af66-b28c-4b17-9c21-d4a5a323e3d0/tables/a5129b8d-9cb7-464c-8ff1-7cf67e6f1001], b38c02c5-8c0b-461a-bb40-69b37e8730c0, [checkpointLocation=/Volumes/workspace/transaction_data_pipeline/silver/checkpoints/silver_transactions, mergeSchema=true, path=s3://dbstorage-prod-cpgdo/uc/3caf84d5-b3d7-4fa6-a0e4-69f50d7c5d27/8dbdb134-53db-41c4-a8c1-a01b8d04aacf/__unitystorage/catalogs/8af0af66-b28c-4b17-9c21-d4a5a323e3d0/tables/a5129b8d-9cb7-464c-8ff1-7cf67e6f1001], Append
+- ~Deduplicate [event_id#22639]
   +- ~Project [event_id#22639, transaction_id#22640, customer_id#22641, merchant_id#22642, product_id#22643, product_name#22678, quantity#22645, unit_price#22646, gross_amount#22647, discount_amount#22648, tax_amount#22649, net_amount#22650, payment_method#22680, city#22682, device_type#22684, event_type#22686, transaction_status#22688, event_time#22690, ingestion_time#22692, currency#22702, exchange_rate#22659, CASE WHEN isnotnull(cost_price#22661) THEN (net_amount#22650 - cost_price#22661) ELSE cast(null as double) END AS profit_amount#22704, cost_price#22661, order_status#22698, payment_status#22696, ... 13 more fields]
      +- ~Project [event_id#22639, transaction_id#22640, customer_id#22641, merchant_id#22642, product_id#22643, product_name#22678, quantity#22645, unit_price#22646, gross_amount#22647, discount_amount#22648, tax_amount#22649, net_amount#22650, payment_method#22680, city#22682, device_type#22684, event_type#22686, transaction_status#22688, event_time#22690, ingestion_time#22692, upper(trim(currency#22658, None)) AS currency#22702, exchange_rate#22659, profit_amount#22660, cost_price#22661, order_status#22698, payment_status#22696, ... 13 more fields]
         +- ~Project [event_id#22639, transaction_id#22640, customer_id#22641, merchant_id#22642, product_id#22643, product_name#22678, quantity#22645, unit_price#22646, gross_amount#22647, discount_amount#22648, tax_amount#22649, net_amount#22650, payment_method#22680, city#22682, device_type#22684, event_type#22686, transaction_status#22688, event_time#22690, ingestion_time#22692, currency#22658, exchange_rate#22659, profit_amount#22660, cost_price#22661, order_status#22698, payment_status#22696, ... 13 more fields]
            +- ~Project [event_id#22639, transaction_id#22640, customer_id#22641, merchant_id#22642, product_id#22643, product_name#22678, quantity#22645, unit_price#22646, gross_amount#22647, discount_amount#22648, tax_amount#22649, net_amount#22650, payment_method#22680, city#22682, device_type#22684, event_type#22686, transaction_status#22688, event_time#22690, ingestion_time#22692, currency#22658, exchange_rate#22659, profit_amount#22660, cost_price#22661, upper(trim(order_status#22662, None)) AS order_status#22698, payment_status#22696, ... 13 more fields]
               +- ~Project [event_id#22639, transaction_id#22640, customer_id#22641, merchant_id#22642, product_id#22643, product_name#22678, quantity#22645, unit_price#22646, gross_amount#22647, discount_amount#22648, tax_amount#22649, net_amount#22650, payment_method#22680, city#22682, device_type#22684, event_type#22686, transaction_status#22688, event_time#22690, ingestion_time#22692, currency#22658, exchange_rate#22659, profit_amount#22660, cost_price#22661, order_status#22662, upper(trim(payment_status#22663, None)) AS payment_status#22696, ... 13 more fields]
                  +- ~Project [event_id#22639, transaction_id#22640, customer_id#22641, merchant_id#22642, product_id#22643, product_name#22678, quantity#22645, unit_price#22646, gross_amount#22647, discount_amount#22648, tax_amount#22649, net_amount#22650, payment_method#22680, city#22682, device_type#22684, event_type#22686, transaction_status#22688, event_time#22690, ingestion_time#22692, currency#22658, exchange_rate#22659, profit_amount#22660, cost_price#22661, order_status#22662, payment_status#22663, ... 13 more fields]
                     +- ~Project [event_id#22639, transaction_id#22640, customer_id#22641, merchant_id#22642, product_id#22643, product_name#22678, quantity#22645, unit_price#22646, gross_amount#22647, discount_amount#22648, tax_amount#22649, net_amount#22650, payment_method#22680, city#22682, device_type#22684, event_type#22686, transaction_status#22688, event_time#22690, to_timestamp(ingestion_time#22657, None, TimestampType, Some(Etc/UTC), true) AS ingestion_time#22692, currency#22658, exchange_rate#22659, profit_amount#22660, cost_price#22661, order_status#22662, payment_status#22663, ... 12 more fields]
                        +- ~Project [event_id#22639, transaction_id#22640, customer_id#22641, merchant_id#22642, product_id#22643, product_name#22678, quantity#22645, unit_price#22646, gross_amount#22647, discount_amount#22648, tax_amount#22649, net_amount#22650, payment_method#22680, city#22682, device_type#22684, event_type#22686, transaction_status#22688, to_timestamp(event_time#22656, None, TimestampType, Some(Etc/UTC), true) AS event_time#22690, ingestion_time#22657, currency#22658, exchange_rate#22659, profit_amount#22660, cost_price#22661, order_status#22662, payment_status#22663, ... 12 more fields]
                           +- ~Project [event_id#22639, transaction_id#22640, customer_id#22641, merchant_id#22642, product_id#22643, product_name#22678, quantity#22645, unit_price#22646, gross_amount#22647, discount_amount#22648, tax_amount#22649, net_amount#22650, payment_method#22680, city#22682, device_type#22684, event_type#22686, upper(trim(transaction_status#22655, None)) AS transaction_status#22688, event_time#22656, ingestion_time#22657, currency#22658, exchange_rate#22659, profit_amount#22660, cost_price#22661, order_status#22662, payment_status#22663, ... 12 more fields]
                              +- ~Project [event_id#22639, transaction_id#22640, customer_id#22641, merchant_id#22642, product_id#22643, product_name#22678, quantity#22645, unit_price#22646, gross_amount#22647, discount_amount#22648, tax_amount#22649, net_amount#22650, payment_method#22680, city#22682, device_type#22684, upper(trim(event_type#22654, None)) AS event_type#22686, transaction_status#22655, event_time#22656, ingestion_time#22657, currency#22658, exchange_rate#22659, profit_amount#22660, cost_price#22661, order_status#22662, payment_status#22663, ... 12 more fields]
                                 +- ~Project [event_id#22639, transaction_id#22640, customer_id#22641, merchant_id#22642, product_id#22643, product_name#22678, quantity#22645, unit_price#22646, gross_amount#22647, discount_amount#22648, tax_amount#22649, net_amount#22650, payment_method#22680, city#22682, upper(trim(device_type#22653, None)) AS device_type#22684, event_type#22654, transaction_status#22655, event_time#22656, ingestion_time#22657, currency#22658, exchange_rate#22659, profit_amount#22660, cost_price#22661, order_status#22662, payment_status#22663, ... 12 more fields]
                                    +- ~Project [event_id#22639, transaction_id#22640, customer_id#22641, merchant_id#22642, product_id#22643, product_name#22678, quantity#22645, unit_price#22646, gross_amount#22647, discount_amount#22648, tax_amount#22649, net_amount#22650, payment_method#22680, trim(city#22652, None) AS city#22682, device_type#22653, event_type#22654, transaction_status#22655, event_time#22656, ingestion_time#22657, currency#22658, exchange_rate#22659, profit_amount#22660, cost_price#22661, order_status#22662, payment_status#22663, ... 12 more fields]
                                       +- ~Project [event_id#22639, transaction_id#22640, customer_id#22641, merchant_id#22642, product_id#22643, product_name#22678, quantity#22645, unit_price#22646, gross_amount#22647, discount_amount#22648, tax_amount#22649, net_amount#22650, upper(trim(payment_method#22651, None)) AS payment_method#22680, city#22652, device_type#22653, event_type#22654, transaction_status#22655, event_time#22656, ingestion_time#22657, currency#22658, exchange_rate#22659, profit_amount#22660, cost_price#22661, order_status#22662, payment_status#22663, ... 12 more fields]
                                          +- ~Project [event_id#22639, transaction_id#22640, customer_id#22641, merchant_id#22642, product_id#22643, trim(product_name#22644, None) AS product_name#22678, quantity#22645, unit_price#22646, gross_amount#22647, discount_amount#22648, tax_amount#22649, net_amount#22650, payment_method#22651, city#22652, device_type#22653, event_type#22654, transaction_status#22655, event_time#22656, ingestion_time#22657, currency#22658, exchange_rate#22659, profit_amount#22660, cost_price#22661, order_status#22662, payment_status#22663, ... 12 more fields]
                                             +- ~Filter (isnull(tax_amount#22649) OR (tax_amount#22649 >= cast(0 as double)))
                                                +- ~Filter (isnull(discount_amount#22648) OR (discount_amount#22648 >= cast(0 as double)))
                                                   +- ~Filter (net_amount#22650 >= cast(0 as double))
                                                      +- ~Filter (gross_amount#22647 >= cast(0 as double))
                                                         +- ~Filter (unit_price#22646 > cast(0 as double))
                                                            +- ~Filter (quantity#22645 > 0)
                                                               +- ~Filter isnotnull(event_time#22656)
                                                                  +- ~Filter isnotnull(city#22652)
                                                                     +- ~Filter isnotnull(payment_method#22651)
                                                                        +- ~Filter isnotnull(net_amount#22650)
                                                                           +- ~Filter isnotnull(gross_amount#22647)
                                                                              +- ~Filter isnotnull(unit_price#22646)
                                                                                 +- ~Filter isnotnull(quantity#22645)
                                                                                    +- ~Filter isnotnull(product_name#22644)
                                                                                       +- ~Filter isnotnull(product_id#22643)
                                                                                          +- ~Filter isnotnull(merchant_id#22642)
                                                                                             +- ~Filter isnotnull(customer_id#22641)
                                                                                                +- ~Filter isnotnull(transaction_id#22640)
                                                                                                   +- ~Filter isnotnull(event_id#22639)
                                                                                                      +- ~StreamingExecutionRelation DeltaSource[s3://dbstorage-prod-cpgdo/uc/3caf84d5-b3d7-4fa6-a0e4-69f50d7c5d27/8dbdb134-53db-41c4-a8c1-a01b8d04aacf/__unitystorage/catalogs/8af0af66-b28c-4b17-9c21-d4a5a323e3d0/tables/a0954ab6-bf63-45a1-9b13-a88f50a473dc], [event_id#22639, transaction_id#22640, customer_id#22641, merchant_id#22642, product_id#22643, product_name#22644, quantity#22645, unit_price#22646, gross_amount#22647, discount_amount#22648, tax_amount#22649, net_amount#22650, payment_method#22651, city#22652, device_type#22653, event_type#22654, transaction_status#22655, event_time#22656, ingestion_time#22657, currency#22658, exchange_rate#22659, profit_amount#22660, cost_price#22661, order_status#22662, payment_status#22663, ... 12 more fields], `workspace`.`default`.`bronze_transactions`, name=<Unassigned>


Physical Plan: not available

JVM stacktrace:
org.apache.spark.sql.streaming.StreamingQueryException
	at org.apache.spark.sql.execution.streaming.runtime.StreamExecution.$anonfun$runStream$1(StreamExecution.scala:589)
	at scala.runtime.java8.JFunction0$mcV$sp.apply(JFunction0$mcV$sp.scala:18)
	at com.databricks.logging.AttributionContextTracing.$anonfun$withAttributionContext$1(AttributionContextTracing.scala:147)
	at com.databricks.logging.AttributionContext$.$anonfun$withValue$1(AttributionContext.scala:349)
	at scala.util.DynamicVariable.withValue(DynamicVariable.scala:59)
	at com.databricks.logging.AttributionContext$.withValue(AttributionContext.scala:345)
	at com.databricks.logging.AttributionContextTracing.withAttributionContext(AttributionContextTracing.scala:145)
	at com.databricks.logging.AttributionContextTracing.withAttributionContext$(AttributionContextTracing.scala:142)
	at com.databricks.spark.util.PublicDBLogging.withAttributionContext(DatabricksSparkUsageLogger.scala:29)
	at com.databricks.logging.AttributionContextTracing.withAttributionTags(AttributionContextTracing.scala:202)
	at com.databricks.logging.AttributionContextTracing.withAttributionTags$(AttributionContextTracing.scala:183)
	at com.databricks.spark.util.PublicDBLogging.withAttributionTags(DatabricksSparkUsageLogger.scala:29)
	at com.databricks.spark.util.PublicDBLogging.withAttributionTags0(DatabricksSparkUsageLogger.scala:108)
	at com.databricks.spark.util.DatabricksSparkUsageLogger.withAttributionTags(DatabricksSparkUsageLogger.scala:215)
	at com.databricks.spark.util.UsageLogging.$anonfun$withAttributionTags$1(UsageLogger.scala:668)
	at com.databricks.spark.util.UsageLogging$.withAttributionTags(UsageLogger.scala:780)
	at com.databricks.spark.util.UsageLogging$.withAttributionTags(UsageLogger.scala:789)
	at com.databricks.spark.util.UsageLogging.withAttributionTags(UsageLogger.scala:668)
	at com.databricks.spark.util.UsageLogging.withAttributionTags$(UsageLogger.scala:666)
	at org.apache.spark.sql.execution.streaming.runtime.StreamExecution.withAttributionTags(StreamExecution.scala:96)
	at org.apache.spark.sql.execution.streaming.runtime.StreamExecution.org$apache$spark$sql$execution$streaming$runtime$StreamExecution$$runStream(StreamExecution.scala:386)
	at org.apache.spark.sql.execution.streaming.runtime.StreamExecution$$anon$1.$anonfun$run$2(StreamExecution.scala:305)
	at scala.runtime.java8.JFunction0$mcV$sp.apply(JFunction0$mcV$sp.scala:18)
	at com.databricks.unity.UCSEphemeralState$Handle.runWith(UCSEphemeralState.scala:51)
	at com.databricks.unity.HandleImpl.runWith(UCSHandle.scala:104)
	at com.databricks.unity.HandleImpl.$anonfun$runWithAndClose$1(UCSHandle.scala:109)
	at scala.util.Using$.resource(Using.scala:296)
	at com.databricks.unity.HandleImpl.runWithAndClose(UCSHandle.scala:108)
	at org.apache.spark.sql.execution.streaming.runtime.StreamExecution$$anon$1.run(StreamExecution.scala:305)
Caused by: com.databricks.sql.transaction.tahoe.DeltaIllegalStateException: [DIFFERENT_DELTA_TABLE_READ_BY_STREAMING_SOURCE] The streaming query was reading from an unexpected Delta table (id = '84e5ed48-b305-49fa-9149-1dcb022e7ad2'). 
It used to read from another Delta table (id = '7831103a-de04-4071-b217-57d8e3dd1f21') according to checkpoint. 
This may happen when you changed the code to read from a new table or you deleted and 
re-created a table. Please revert your change or delete your streaming query checkpoint 
to restart from scratch.
	at com.databricks.sql.transaction.tahoe.DeltaErrorsBase.differentDeltaTableReadByStreamingSource(DeltaErrors.scala:1776)
	at com.databricks.sql.transaction.tahoe.DeltaErrorsBase.differentDeltaTableReadByStreamingSource$(DeltaErrors.scala:1774)
	at com.databricks.sql.transaction.tahoe.DeltaErrors$.differentDeltaTableReadByStreamingSource(DeltaErrors.scala:4306)
	at com.databricks.sql.transaction.tahoe.sources.DeltaSourceOffset$.apply(DeltaSourceOffset.scala:165)
	at com.databricks.sql.transaction.tahoe.sources.DeltaSourceOffset$.apply(DeltaSourceOffset.scala:178)
	at com.databricks.sql.transaction.tahoe.sources.DeltaSource.toDeltaSourceOffset(DeltaSource.scala:1300)
	at com.databricks.sql.transaction.tahoe.sources.DeltaSource.$anonfun$init$3(DeltaSource.scala:1824)
	at scala.Option.map(Option.scala:242)
	at com.databricks.sql.transaction.tahoe.sources.DeltaSource.$anonfun$init$1(DeltaSource.scala:1824)
	at scala.runtime.java8.JFunction0$mcV$sp.apply(JFunction0$mcV$sp.scala:18)
	at com.databricks.sql.transaction.tahoe.metering.DeltaLogging.withOperationTypeTag(DeltaLogging.scala:817)
	at com.databricks.sql.transaction.tahoe.metering.DeltaLogging.withOperationTypeTag$(DeltaLogging.scala:804)
	at com.databricks.sql.transaction.tahoe.sources.DeltaSource.withOperationTypeTag(DeltaSource.scala:887)
	at com.databricks.sql.transaction.tahoe.metering.DeltaLogging.$anonfun$recordDeltaOperationInternal$2(DeltaLogging.scala:518)
	at com.databricks.spark.util.FrameProfiler$.$anonfun$record$1(FrameProfiler.scala:114)
	at com.databricks.spark.util.FrameProfilerExporter$.maybeExportFrameProfiler(FrameProfilerExporter.scala:201)
	at com.databricks.spark.util.FrameProfiler$.record(FrameProfiler.scala:105)
	at com.databricks.sql.transaction.tahoe.metering.DeltaLogging.recordFrameProfile(DeltaLogging.scala:910)
	at com.databricks.sql.transaction.tahoe.metering.DeltaLogging.recordFrameProfile$(DeltaLogging.scala:908)
	at com.databricks.sql.transaction.tahoe.sources.DeltaSource.recordFrameProfile(DeltaSource.scala:887)
	at com.databricks.sql.transaction.tahoe.metering.DeltaLogging.$anonfun$recordDeltaOperationInternal$1(DeltaLogging.scala:517)
	at com.databricks.logging.UsageLogging.$anonfun$recordOperation$1(UsageLogging.scala:512)
	at com.databricks.logging.UsageLogging.executeThunkAndCaptureResultTags$1(UsageLogging.scala:632)
	at com.databricks.logging.UsageLogging.$anonfun$recordOperationWithResultTags$5(UsageLogging.scala:659)
	at com.databricks.logging.AttributionContextTracing.$anonfun$withAttributionContext$1(AttributionContextTracing.scala:147)
	at com.databricks.logging.AttributionContext$.$anonfun$withValue$1(AttributionContext.scala:349)
	at scala.util.DynamicVariable.withValue(DynamicVariable.scala:59)
	at com.databricks.logging.AttributionContext$.withValue(AttributionContext.scala:345)
	at com.databricks.logging.AttributionContextTracing.withAttributionContext(AttributionContextTracing.scala:145)
	at com.databricks.logging.AttributionContextTracing.withAttributionContext$(AttributionContextTracing.scala:142)
	at com.databricks.spark.util.PublicDBLogging.withAttributionContext(DatabricksSparkUsageLogger.scala:29)
	at com.databricks.logging.AttributionContextTracing.withAttributionTags(AttributionContextTracing.scala:202)
	at com.databricks.logging.AttributionContextTracing.withAttributionTags$(AttributionContextTracing.scala:183)
	at com.databricks.spark.util.PublicDBLogging.withAttributionTags(DatabricksSparkUsageLogger.scala:29)
	at com.databricks.logging.UsageLogging.recordOperationWithResultTags(UsageLogging.scala:627)
	at com.databricks.logging.UsageLogging.recordOperationWithResultTags$(UsageLogging.scala:521)
	at com.databricks.spark.util.PublicDBLogging.recordOperationWithResultTags(DatabricksSparkUsageLogger.scala:29)
	at com.databricks.logging.UsageLogging.recordOperation(UsageLogging.scala:513)
	at com.databricks.logging.UsageLogging.recordOperation$(UsageLogging.scala:477)
	at com.databricks.spark.util.PublicDBLogging.recordOperation(DatabricksSparkUsageLogger.scala:29)
	at com.databricks.spark.util.PublicDBLogging.recordOperation0(DatabricksSparkUsageLogger.scala:104)
	at com.databricks.spark.util.DatabricksSparkUsageLogger.recordOperation(DatabricksSparkUsageLogger.scala:193)
	at com.databricks.spark.util.UsageLogger.recordOperation(UsageLogger.scala:78)
	at com.databricks.spark.util.UsageLogger.recordOperation$(UsageLogger.scala:65)
	at com.databricks.spark.util.DatabricksSparkUsageLogger.recordOperation(DatabricksSparkUsageLogger.scala:152)
	at com.databricks.spark.util.UsageLogging.recordOperation(UsageLogger.scala:537)
	at com.databricks.spark.util.UsageLogging.recordOperation$(UsageLogger.scala:516)
	at com.databricks.sql.transaction.tahoe.sources.DeltaSource.recordOperation(DeltaSource.scala:887)
	at com.databricks.sql.transaction.tahoe.metering.DeltaLogging.recordDeltaOperationInternal(DeltaLogging.scala:516)
	at com.databricks.sql.transaction.tahoe.metering.DeltaLogging.recordDeltaOperation(DeltaLogging.scala:506)
	at com.databricks.sql.transaction.tahoe.metering.DeltaLogging.recordDeltaOperation$(DeltaLogging.scala:495)
	at com.databricks.sql.transaction.tahoe.sources.DeltaSource.recordDeltaOperation(DeltaSource.scala:887)
	at com.databricks.sql.transaction.tahoe.sources.DeltaSource.init(DeltaSource.scala:1816)
	at org.apache.spark.sql.execution.streaming.SourceInitializationHandler$.$anonfun$initSources$9(SupportsSourceInitialization.scala:86)
	at scala.runtime.java8.JFunction0$mcV$sp.apply(JFunction0$mcV$sp.scala:18)
	at org.apache.spark.sql.execution.streaming.StructuredApiLogger$.logApiEvent(SupportsStructuredApiLogging.scala:188)
	at org.apache.spark.sql.execution.streaming.SourceInitializationHandler$.$anonfun$initSources$4(SupportsSourceInitialization.scala:86)
	at org.apache.spark.sql.execution.streaming.SourceInitializationHandler$.$anonfun$initSources$4$adapted(SupportsSourceInitialization.scala:62)
	at scala.collection.immutable.List.foreach(List.scala:334)
	at org.apache.spark.sql.execution.streaming.SourceInitializationHandler$.initSources(SupportsSourceInitialization.scala:62)
	at org.apache.spark.sql.execution.streaming.runtime.MicroBatchExecution.initializeExecution(MicroBatchExecution.scala:903)
	at org.apache.spark.sql.execution.streaming.runtime.MicroBatchExecution.runActivatedStreamWithListener(MicroBatchExecution.scala:1197)
	at org.apache.spark.sql.execution.streaming.runtime.MicroBatchExecution.runActivatedStream(MicroBatchExecution.scala:770)
	at org.apache.spark.sql.execution.streaming.runtime.StreamExecution.$anonfun$runStream$2(StreamExecution.scala:486)
	at scala.runtime.java8.JFunction0$mcV$sp.apply(JFunction0$mcV$sp.scala:18)
	at org.apache.spark.sql.SparkSession.withActive(SparkSession.scala:866)
	at org.apache.spark.sql.execution.streaming.runtime.StreamExecution.$anonfun$runStream$1(StreamExecution.scala:417)
	at scala.runtime.java8.JFunction0$mcV$sp.apply(JFunction0$mcV$sp.scala:18)
	at com.databricks.logging.AttributionContextTracing.$anonfun$withAttributionContext$1(AttributionContextTracing.scala:147)
	at com.databricks.logging.AttributionContext$.$anonfun$withValue$1(AttributionContext.scala:349)
	at scala.util.DynamicVariable.withValue(DynamicVariable.scala:59)
	at com.databricks.logging.AttributionContext$.withValue(AttributionContext.scala:345)
	at com.databricks.logging.AttributionContextTracing.withAttributionContext(AttributionContextTracing.scala:145)
	at com.databricks.logging.AttributionContextTracing.withAttributionContext$(AttributionContextTracing.scala:142)
	at com.databricks.spark.util.PublicDBLogging.withAttributionContext(DatabricksSparkUsageLogger.scala:29)
	at com.databricks.logging.AttributionContextTracing.withAttributionTags(AttributionContextTracing.scala:202)
	at com.databricks.logging.AttributionContextTracing.withAttributionTags$(AttributionContextTracing.scala:183)
	at com.databricks.spark.util.PublicDBLogging.withAttributionTags(DatabricksSparkUsageLogger.scala:29)
	at com.databricks.spark.util.PublicDBLogging.withAttributionTags0(DatabricksSparkUsageLogger.scala:108)
	at com.databricks.spark.util.DatabricksSparkUsageLogger.withAttributionTags(DatabricksSparkUsageLogger.scala:215)
	at com.databricks.spark.util.UsageLogging.$anonfun$withAttributionTags$1(UsageLogger.scala:668)
	at com.databricks.spark.util.UsageLogging$.withAttributionTags(UsageLogger.scala:780)
	at com.databricks.spark.util.UsageLogging$.withAttributionTags(UsageLogger.scala:789)
	at com.databricks.spark.util.UsageLogging.withAttributionTags(UsageLogger.scala:668)
	at com.databricks.spark.util.UsageLogging.withAttributionTags$(UsageLogger.scala:666)
	at org.apache.spark.sql.execution.streaming.runtime.StreamExecution.withAttributionTags(StreamExecution.scala:96)
	at org.apache.spark.sql.execution.streaming.runtime.StreamExecution.org$apache$spark$sql$execution$streaming$runtime$StreamExecution$$runStream(StreamExecution.scala:386)
	at org.apache.spark.sql.execution.streaming.runtime.StreamExecution$$anon$1.$anonfun$run$2(StreamExecution.scala:305)
	at scala.runtime.java8.JFunction0$mcV$sp.apply(JFunction0$mcV$sp.scala:18)
	at com.databricks.unity.UCSEphemeralState$Handle.runWith(UCSEphemeralState.scala:51)
	at com.databricks.unity.HandleImpl.runWith(UCSHandle.scala:104)
	at com.databricks.unity.HandleImpl.$anonfun$runWithAndClose$1(UCSHandle.scala:109)
	at scala.util.Using$.resource(Using.scala:296)
	at com.databricks.unity.HandleImpl.runWithAndClose(UCSHandle.scala:108)
	at org.apache.spark.sql.execution.streaming.runtime.StreamExecution$$anon$1.run(StreamExecution.scala:305)
2026-04-11 20:30:49,908 | pyspark_streaming/silver | INFO | Creating Spark session for Silver layer
2026-04-11 20:30:49,923 | pyspark_streaming/silver | INFO | Spark session created successfully
2026-04-11 20:30:49,924 | pyspark_streaming/silver | INFO | Reading data from Bronze layer
2026-04-11 20:30:49,925 | pyspark_streaming/silver | INFO | Data read successfully from Bronze layer
2026-04-11 20:30:49,926 | pyspark_streaming/silver | INFO | Transforming data for Silver layer
2026-04-11 20:30:49,928 | pyspark_streaming/silver | INFO | Transformation completed successfully
2026-04-11 20:30:49,929 | pyspark_streaming/silver | INFO | Writing data to Silver layer
2026-04-11 20:30:51,452 | pyspark_streaming/silver | INFO | Silver streaming query started successfully
2026-04-11 20:30:52,244 | pyspark_streaming/silver | ERROR | Error writing data to Silver layer: [STREAM_FAILED] Query [id = 79309f5b-5cbb-421a-93f4-5ea59a7b67e7, runId = 44ae54ab-59d4-4b57-86f8-dffc702759ef] terminated with exception: [DIFFERENT_DELTA_TABLE_READ_BY_STREAMING_SOURCE] The streaming query was reading from an unexpected Delta table (id = '84e5ed48-b305-49fa-9149-1dcb022e7ad2'). 
It used to read from another Delta table (id = '7831103a-de04-4071-b217-57d8e3dd1f21') according to checkpoint. 
This may happen when you changed the code to read from a new table or you deleted and 
re-created a table. Please revert your change or delete your streaming query checkpoint 
to restart from scratch. SQLSTATE: XXKST
=== Streaming Query ===
Identifier: [id = 79309f5b-5cbb-421a-93f4-5ea59a7b67e7, runId = 44ae54ab-59d4-4b57-86f8-dffc702759ef]
Current Start Offsets: {}
Current End Offsets: {}

Current State: ACTIVE
Thread State: RUNNABLE

Logical Plan:
~WriteToMicroBatchDataSourceV1 `workspace`.`default`.`silver_transactions`, DeltaSink[s3://dbstorage-prod-cpgdo/uc/3caf84d5-b3d7-4fa6-a0e4-69f50d7c5d27/8dbdb134-53db-41c4-a8c1-a01b8d04aacf/__unitystorage/catalogs/8af0af66-b28c-4b17-9c21-d4a5a323e3d0/tables/a5129b8d-9cb7-464c-8ff1-7cf67e6f1001], 79309f5b-5cbb-421a-93f4-5ea59a7b67e7, [checkpointLocation=/Volumes/workspace/transaction_data_pipeline/silver/checkpoints/silver_transactions_v2, mergeSchema=true, path=s3://dbstorage-prod-cpgdo/uc/3caf84d5-b3d7-4fa6-a0e4-69f50d7c5d27/8dbdb134-53db-41c4-a8c1-a01b8d04aacf/__unitystorage/catalogs/8af0af66-b28c-4b17-9c21-d4a5a323e3d0/tables/a5129b8d-9cb7-464c-8ff1-7cf67e6f1001], Append
+- ~Deduplicate [event_id#22969]
   +- ~Project [event_id#22969, transaction_id#22970, customer_id#22971, merchant_id#22972, product_id#22973, product_name#23008, quantity#22975, unit_price#22976, gross_amount#22977, discount_amount#22978, tax_amount#22979, net_amount#22980, payment_method#23010, city#23012, device_type#23014, event_type#23016, transaction_status#23018, event_time#23040, ingestion_time#23042, currency#23030, exchange_rate#22989, profit_amount#22990, cost_price#22991, order_status#23022, payment_status#23020, ... 13 more fields]
      +- ~Project [event_id#22969, transaction_id#22970, customer_id#22971, merchant_id#22972, product_id#22973, product_name#23008, quantity#22975, unit_price#22976, gross_amount#22977, discount_amount#22978, tax_amount#22979, net_amount#22980, payment_method#23010, city#23012, device_type#23014, event_type#23016, transaction_status#23018, event_time#23040, to_timestamp(ingestion_time#22987, None, TimestampType, Some(Etc/UTC), true) AS ingestion_time#23042, currency#23030, exchange_rate#22989, profit_amount#22990, cost_price#22991, order_status#23022, payment_status#23020, ... 12 more fields]
         +- ~Project [event_id#22969, transaction_id#22970, customer_id#22971, merchant_id#22972, product_id#22973, product_name#23008, quantity#22975, unit_price#22976, gross_amount#22977, discount_amount#22978, tax_amount#22979, net_amount#22980, payment_method#23010, city#23012, device_type#23014, event_type#23016, transaction_status#23018, to_timestamp(event_time#22986, None, TimestampType, Some(Etc/UTC), true) AS event_time#23040, ingestion_time#22987, currency#23030, exchange_rate#22989, profit_amount#22990, cost_price#22991, order_status#23022, payment_status#23020, ... 12 more fields]
            +- ~Project [event_id#22969, transaction_id#22970, customer_id#22971, merchant_id#22972, product_id#22973, product_name#23008, quantity#22975, unit_price#22976, gross_amount#22977, discount_amount#22978, tax_amount#22979, net_amount#22980, payment_method#23010, city#23012, device_type#23014, event_type#23016, transaction_status#23018, event_time#22986, ingestion_time#22987, currency#23030, exchange_rate#22989, profit_amount#22990, cost_price#22991, order_status#23022, payment_status#23020, ... 12 more fields]
               +- ~Project [event_id#22969, transaction_id#22970, customer_id#22971, merchant_id#22972, product_id#22973, product_name#23008, quantity#22975, unit_price#22976, gross_amount#22977, discount_amount#22978, tax_amount#22979, net_amount#22980, payment_method#23010, city#23012, device_type#23014, event_type#23016, transaction_status#23018, event_time#22986, ingestion_time#22987, currency#23030, exchange_rate#22989, profit_amount#22990, cost_price#22991, order_status#23022, payment_status#23020, ... 12 more fields]
                  +- ~Project [event_id#22969, transaction_id#22970, customer_id#22971, merchant_id#22972, product_id#22973, product_name#23008, quantity#22975, unit_price#22976, gross_amount#22977, discount_amount#22978, tax_amount#22979, net_amount#22980, payment_method#23010, city#23012, device_type#23014, event_type#23016, transaction_status#23018, event_time#22986, ingestion_time#22987, currency#23030, exchange_rate#22989, profit_amount#22990, cost_price#22991, order_status#23022, payment_status#23020, ... 12 more fields]
                     +- ~Project [event_id#22969, transaction_id#22970, customer_id#22971, merchant_id#22972, product_id#22973, product_name#23008, quantity#22975, unit_price#22976, gross_amount#22977, discount_amount#22978, tax_amount#22979, net_amount#22980, payment_method#23010, city#23012, device_type#23014, event_type#23016, transaction_status#23018, event_time#22986, ingestion_time#22987, currency#23030, exchange_rate#22989, profit_amount#22990, cost_price#22991, order_status#23022, payment_status#23020, ... 12 more fields]
                        +- ~Project [event_id#22969, transaction_id#22970, customer_id#22971, merchant_id#22972, product_id#22973, product_name#23008, quantity#22975, unit_price#22976, gross_amount#22977, discount_amount#22978, tax_amount#22979, net_amount#22980, payment_method#23010, city#23012, device_type#23014, event_type#23016, transaction_status#23018, event_time#22986, ingestion_time#22987, upper(trim(currency#22988, None)) AS currency#23030, exchange_rate#22989, profit_amount#22990, cost_price#22991, order_status#23022, payment_status#23020, ... 12 more fields]
                           +- ~Project [event_id#22969, transaction_id#22970, customer_id#22971, merchant_id#22972, product_id#22973, product_name#23008, quantity#22975, unit_price#22976, gross_amount#22977, discount_amount#22978, tax_amount#22979, net_amount#22980, payment_method#23010, city#23012, device_type#23014, event_type#23016, transaction_status#23018, event_time#22986, ingestion_time#22987, currency#22988, exchange_rate#22989, profit_amount#22990, cost_price#22991, order_status#23022, payment_status#23020, ... 12 more fields]
                              +- ~Project [event_id#22969, transaction_id#22970, customer_id#22971, merchant_id#22972, product_id#22973, product_name#23008, quantity#22975, unit_price#22976, gross_amount#22977, discount_amount#22978, tax_amount#22979, net_amount#22980, payment_method#23010, city#23012, device_type#23014, event_type#23016, transaction_status#23018, event_time#22986, ingestion_time#22987, currency#22988, exchange_rate#22989, profit_amount#22990, cost_price#22991, order_status#23022, payment_status#23020, ... 12 more fields]
                                 +- ~Project [event_id#22969, transaction_id#22970, customer_id#22971, merchant_id#22972, product_id#22973, product_name#23008, quantity#22975, unit_price#22976, gross_amount#22977, discount_amount#22978, tax_amount#22979, net_amount#22980, payment_method#23010, city#23012, device_type#23014, event_type#23016, transaction_status#23018, event_time#22986, ingestion_time#22987, currency#22988, exchange_rate#22989, profit_amount#22990, cost_price#22991, order_status#23022, payment_status#23020, ... 12 more fields]
                                    +- ~Project [event_id#22969, transaction_id#22970, customer_id#22971, merchant_id#22972, product_id#22973, product_name#23008, quantity#22975, unit_price#22976, gross_amount#22977, discount_amount#22978, tax_amount#22979, net_amount#22980, payment_method#23010, city#23012, device_type#23014, event_type#23016, transaction_status#23018, event_time#22986, ingestion_time#22987, currency#22988, exchange_rate#22989, profit_amount#22990, cost_price#22991, upper(trim(order_status#22992, None)) AS order_status#23022, payment_status#23020, ... 12 more fields]
                                       +- ~Project [event_id#22969, transaction_id#22970, customer_id#22971, merchant_id#22972, product_id#22973, product_name#23008, quantity#22975, unit_price#22976, gross_amount#22977, discount_amount#22978, tax_amount#22979, net_amount#22980, payment_method#23010, city#23012, device_type#23014, event_type#23016, transaction_status#23018, event_time#22986, ingestion_time#22987, currency#22988, exchange_rate#22989, profit_amount#22990, cost_price#22991, order_status#22992, upper(trim(payment_status#22993, None)) AS payment_status#23020, ... 12 more fields]
                                          +- ~Project [event_id#22969, transaction_id#22970, customer_id#22971, merchant_id#22972, product_id#22973, product_name#23008, quantity#22975, unit_price#22976, gross_amount#22977, discount_amount#22978, tax_amount#22979, net_amount#22980, payment_method#23010, city#23012, device_type#23014, event_type#23016, upper(trim(transaction_status#22985, None)) AS transaction_status#23018, event_time#22986, ingestion_time#22987, currency#22988, exchange_rate#22989, profit_amount#22990, cost_price#22991, order_status#22992, payment_status#22993, ... 12 more fields]
                                             +- ~Project [event_id#22969, transaction_id#22970, customer_id#22971, merchant_id#22972, product_id#22973, product_name#23008, quantity#22975, unit_price#22976, gross_amount#22977, discount_amount#22978, tax_amount#22979, net_amount#22980, payment_method#23010, city#23012, device_type#23014, upper(trim(event_type#22984, None)) AS event_type#23016, transaction_status#22985, event_time#22986, ingestion_time#22987, currency#22988, exchange_rate#22989, profit_amount#22990, cost_price#22991, order_status#22992, payment_status#22993, ... 12 more fields]
                                                +- ~Project [event_id#22969, transaction_id#22970, customer_id#22971, merchant_id#22972, product_id#22973, product_name#23008, quantity#22975, unit_price#22976, gross_amount#22977, discount_amount#22978, tax_amount#22979, net_amount#22980, payment_method#23010, city#23012, upper(trim(device_type#22983, None)) AS device_type#23014, event_type#22984, transaction_status#22985, event_time#22986, ingestion_time#22987, currency#22988, exchange_rate#22989, profit_amount#22990, cost_price#22991, order_status#22992, payment_status#22993, ... 12 more fields]
                                                   +- ~Project [event_id#22969, transaction_id#22970, customer_id#22971, merchant_id#22972, product_id#22973, product_name#23008, quantity#22975, unit_price#22976, gross_amount#22977, discount_amount#22978, tax_amount#22979, net_amount#22980, payment_method#23010, trim(city#22982, None) AS city#23012, device_type#22983, event_type#22984, transaction_status#22985, event_time#22986, ingestion_time#22987, currency#22988, exchange_rate#22989, profit_amount#22990, cost_price#22991, order_status#22992, payment_status#22993, ... 12 more fields]
                                                      +- ~Project [event_id#22969, transaction_id#22970, customer_id#22971, merchant_id#22972, product_id#22973, product_name#23008, quantity#22975, unit_price#22976, gross_amount#22977, discount_amount#22978, tax_amount#22979, net_amount#22980, upper(trim(payment_method#22981, None)) AS payment_method#23010, city#22982, device_type#22983, event_type#22984, transaction_status#22985, event_time#22986, ingestion_time#22987, currency#22988, exchange_rate#22989, profit_amount#22990, cost_price#22991, order_status#22992, payment_status#22993, ... 12 more fields]
                                                         +- ~Project [event_id#22969, transaction_id#22970, customer_id#22971, merchant_id#22972, product_id#22973, trim(product_name#22974, None) AS product_name#23008, quantity#22975, unit_price#22976, gross_amount#22977, discount_amount#22978, tax_amount#22979, net_amount#22980, payment_method#22981, city#22982, device_type#22983, event_type#22984, transaction_status#22985, event_time#22986, ingestion_time#22987, currency#22988, exchange_rate#22989, profit_amount#22990, cost_price#22991, order_status#22992, payment_status#22993, ... 12 more fields]
                                                            +- ~Filter (isnull(tax_amount#22979) OR (tax_amount#22979 >= cast(0 as double)))
                                                               +- ~Filter (isnull(discount_amount#22978) OR (discount_amount#22978 >= cast(0 as double)))
                                                                  +- ~Filter (net_amount#22980 >= cast(0 as double))
                                                                     +- ~Filter (gross_amount#22977 >= cast(0 as double))
                                                                        +- ~Filter (unit_price#22976 > cast(0 as double))
                                                                           +- ~Filter (quantity#22975 > 0)
                                                                              +- ~Filter isnotnull(event_time#22986)
                                                                                 +- ~Filter isnotnull(city#22982)
                                                                                    +- ~Filter isnotnull(payment_method#22981)
                                                                                       +- ~Filter isnotnull(net_amount#22980)
                                                                                          +- ~Filter isnotnull(gross_amount#22977)
                                                                                             +- ~Filter isnotnull(unit_price#22976)
                                                                                                +- ~Filter isnotnull(quantity#22975)
                                                                                                   +- ~Filter isnotnull(product_name#22974)
                                                                                                      +- ~Filter isnotnull(product_id#22973)
                                                                                                         +- ~Filter isnotnull(merchant_id#22972)
                                                                                                            +- ~Filter isnotnull(customer_id#22971)
                                                                                                               +- ~Filter isnotnull(transaction_id#22970)
                                                                                                                  +- ~Filter isnotnull(event_id#22969)
                                                                                                                     +- ~StreamingExecutionRelation DeltaSource[s3://dbstorage-prod-cpgdo/uc/3caf84d5-b3d7-4fa6-a0e4-69f50d7c5d27/8dbdb134-53db-41c4-a8c1-a01b8d04aacf/__unitystorage/catalogs/8af0af66-b28c-4b17-9c21-d4a5a323e3d0/tables/a0954ab6-bf63-45a1-9b13-a88f50a473dc], [event_id#22969, transaction_id#22970, customer_id#22971, merchant_id#22972, product_id#22973, product_name#22974, quantity#22975, unit_price#22976, gross_amount#22977, discount_amount#22978, tax_amount#22979, net_amount#22980, payment_method#22981, city#22982, device_type#22983, event_type#22984, transaction_status#22985, event_time#22986, ingestion_time#22987, currency#22988, exchange_rate#22989, profit_amount#22990, cost_price#22991, order_status#22992, payment_status#22993, ... 12 more fields], `workspace`.`default`.`bronze_transactions`, name=<Unassigned>


Physical Plan: not available

JVM stacktrace:
org.apache.spark.sql.streaming.StreamingQueryException
	at org.apache.spark.sql.execution.streaming.runtime.StreamExecution.$anonfun$runStream$1(StreamExecution.scala:589)
	at scala.runtime.java8.JFunction0$mcV$sp.apply(JFunction0$mcV$sp.scala:18)
	at com.databricks.logging.AttributionContextTracing.$anonfun$withAttributionContext$1(AttributionContextTracing.scala:147)
	at com.databricks.logging.AttributionContext$.$anonfun$withValue$1(AttributionContext.scala:349)
	at scala.util.DynamicVariable.withValue(DynamicVariable.scala:59)
	at com.databricks.logging.AttributionContext$.withValue(AttributionContext.scala:345)
	at com.databricks.logging.AttributionContextTracing.withAttributionContext(AttributionContextTracing.scala:145)
	at com.databricks.logging.AttributionContextTracing.withAttributionContext$(AttributionContextTracing.scala:142)
	at com.databricks.spark.util.PublicDBLogging.withAttributionContext(DatabricksSparkUsageLogger.scala:29)
	at com.databricks.logging.AttributionContextTracing.withAttributionTags(AttributionContextTracing.scala:202)
	at com.databricks.logging.AttributionContextTracing.withAttributionTags$(AttributionContextTracing.scala:183)
	at com.databricks.spark.util.PublicDBLogging.withAttributionTags(DatabricksSparkUsageLogger.scala:29)
	at com.databricks.spark.util.PublicDBLogging.withAttributionTags0(DatabricksSparkUsageLogger.scala:108)
	at com.databricks.spark.util.DatabricksSparkUsageLogger.withAttributionTags(DatabricksSparkUsageLogger.scala:215)
	at com.databricks.spark.util.UsageLogging.$anonfun$withAttributionTags$1(UsageLogger.scala:668)
	at com.databricks.spark.util.UsageLogging$.withAttributionTags(UsageLogger.scala:780)
	at com.databricks.spark.util.UsageLogging$.withAttributionTags(UsageLogger.scala:789)
	at com.databricks.spark.util.UsageLogging.withAttributionTags(UsageLogger.scala:668)
	at com.databricks.spark.util.UsageLogging.withAttributionTags$(UsageLogger.scala:666)
	at org.apache.spark.sql.execution.streaming.runtime.StreamExecution.withAttributionTags(StreamExecution.scala:96)
	at org.apache.spark.sql.execution.streaming.runtime.StreamExecution.org$apache$spark$sql$execution$streaming$runtime$StreamExecution$$runStream(StreamExecution.scala:386)
	at org.apache.spark.sql.execution.streaming.runtime.StreamExecution$$anon$1.$anonfun$run$2(StreamExecution.scala:305)
	at scala.runtime.java8.JFunction0$mcV$sp.apply(JFunction0$mcV$sp.scala:18)
	at com.databricks.unity.UCSEphemeralState$Handle.runWith(UCSEphemeralState.scala:51)
	at com.databricks.unity.HandleImpl.runWith(UCSHandle.scala:104)
	at com.databricks.unity.HandleImpl.$anonfun$runWithAndClose$1(UCSHandle.scala:109)
	at scala.util.Using$.resource(Using.scala:296)
	at com.databricks.unity.HandleImpl.runWithAndClose(UCSHandle.scala:108)
	at org.apache.spark.sql.execution.streaming.runtime.StreamExecution$$anon$1.run(StreamExecution.scala:305)
Caused by: com.databricks.sql.transaction.tahoe.DeltaIllegalStateException: [DIFFERENT_DELTA_TABLE_READ_BY_STREAMING_SOURCE] The streaming query was reading from an unexpected Delta table (id = '84e5ed48-b305-49fa-9149-1dcb022e7ad2'). 
It used to read from another Delta table (id = '7831103a-de04-4071-b217-57d8e3dd1f21') according to checkpoint. 
This may happen when you changed the code to read from a new table or you deleted and 
re-created a table. Please revert your change or delete your streaming query checkpoint 
to restart from scratch.
	at com.databricks.sql.transaction.tahoe.DeltaErrorsBase.differentDeltaTableReadByStreamingSource(DeltaErrors.scala:1776)
	at com.databricks.sql.transaction.tahoe.DeltaErrorsBase.differentDeltaTableReadByStreamingSource$(DeltaErrors.scala:1774)
	at com.databricks.sql.transaction.tahoe.DeltaErrors$.differentDeltaTableReadByStreamingSource(DeltaErrors.scala:4306)
	at com.databricks.sql.transaction.tahoe.sources.DeltaSourceOffset$.apply(DeltaSourceOffset.scala:165)
	at com.databricks.sql.transaction.tahoe.sources.DeltaSourceOffset$.apply(DeltaSourceOffset.scala:178)
	at com.databricks.sql.transaction.tahoe.sources.DeltaSource.toDeltaSourceOffset(DeltaSource.scala:1300)
	at com.databricks.sql.transaction.tahoe.sources.DeltaSource.$anonfun$init$3(DeltaSource.scala:1824)
	at scala.Option.map(Option.scala:242)
	at com.databricks.sql.transaction.tahoe.sources.DeltaSource.$anonfun$init$1(DeltaSource.scala:1824)
	at scala.runtime.java8.JFunction0$mcV$sp.apply(JFunction0$mcV$sp.scala:18)
	at com.databricks.sql.transaction.tahoe.metering.DeltaLogging.withOperationTypeTag(DeltaLogging.scala:817)
	at com.databricks.sql.transaction.tahoe.metering.DeltaLogging.withOperationTypeTag$(DeltaLogging.scala:804)
	at com.databricks.sql.transaction.tahoe.sources.DeltaSource.withOperationTypeTag(DeltaSource.scala:887)
	at com.databricks.sql.transaction.tahoe.metering.DeltaLogging.$anonfun$recordDeltaOperationInternal$2(DeltaLogging.scala:518)
	at com.databricks.spark.util.FrameProfiler$.$anonfun$record$1(FrameProfiler.scala:114)
	at com.databricks.spark.util.FrameProfilerExporter$.maybeExportFrameProfiler(FrameProfilerExporter.scala:201)
	at com.databricks.spark.util.FrameProfiler$.record(FrameProfiler.scala:105)
	at com.databricks.sql.transaction.tahoe.metering.DeltaLogging.recordFrameProfile(DeltaLogging.scala:910)
	at com.databricks.sql.transaction.tahoe.metering.DeltaLogging.recordFrameProfile$(DeltaLogging.scala:908)
	at com.databricks.sql.transaction.tahoe.sources.DeltaSource.recordFrameProfile(DeltaSource.scala:887)
	at com.databricks.sql.transaction.tahoe.metering.DeltaLogging.$anonfun$recordDeltaOperationInternal$1(DeltaLogging.scala:517)
	at com.databricks.logging.UsageLogging.$anonfun$recordOperation$1(UsageLogging.scala:512)
	at com.databricks.logging.UsageLogging.executeThunkAndCaptureResultTags$1(UsageLogging.scala:632)
	at com.databricks.logging.UsageLogging.$anonfun$recordOperationWithResultTags$5(UsageLogging.scala:659)
	at com.databricks.logging.AttributionContextTracing.$anonfun$withAttributionContext$1(AttributionContextTracing.scala:147)
	at com.databricks.logging.AttributionContext$.$anonfun$withValue$1(AttributionContext.scala:349)
	at scala.util.DynamicVariable.withValue(DynamicVariable.scala:59)
	at com.databricks.logging.AttributionContext$.withValue(AttributionContext.scala:345)
	at com.databricks.logging.AttributionContextTracing.withAttributionContext(AttributionContextTracing.scala:145)
	at com.databricks.logging.AttributionContextTracing.withAttributionContext$(AttributionContextTracing.scala:142)
	at com.databricks.spark.util.PublicDBLogging.withAttributionContext(DatabricksSparkUsageLogger.scala:29)
	at com.databricks.logging.AttributionContextTracing.withAttributionTags(AttributionContextTracing.scala:202)
	at com.databricks.logging.AttributionContextTracing.withAttributionTags$(AttributionContextTracing.scala:183)
	at com.databricks.spark.util.PublicDBLogging.withAttributionTags(DatabricksSparkUsageLogger.scala:29)
	at com.databricks.logging.UsageLogging.recordOperationWithResultTags(UsageLogging.scala:627)
	at com.databricks.logging.UsageLogging.recordOperationWithResultTags$(UsageLogging.scala:521)
	at com.databricks.spark.util.PublicDBLogging.recordOperationWithResultTags(DatabricksSparkUsageLogger.scala:29)
	at com.databricks.logging.UsageLogging.recordOperation(UsageLogging.scala:513)
	at com.databricks.logging.UsageLogging.recordOperation$(UsageLogging.scala:477)
	at com.databricks.spark.util.PublicDBLogging.recordOperation(DatabricksSparkUsageLogger.scala:29)
	at com.databricks.spark.util.PublicDBLogging.recordOperation0(DatabricksSparkUsageLogger.scala:104)
	at com.databricks.spark.util.DatabricksSparkUsageLogger.recordOperation(DatabricksSparkUsageLogger.scala:193)
	at com.databricks.spark.util.UsageLogger.recordOperation(UsageLogger.scala:78)
	at com.databricks.spark.util.UsageLogger.recordOperation$(UsageLogger.scala:65)
	at com.databricks.spark.util.DatabricksSparkUsageLogger.recordOperation(DatabricksSparkUsageLogger.scala:152)
	at com.databricks.spark.util.UsageLogging.recordOperation(UsageLogger.scala:537)
	at com.databricks.spark.util.UsageLogging.recordOperation$(UsageLogger.scala:516)
	at com.databricks.sql.transaction.tahoe.sources.DeltaSource.recordOperation(DeltaSource.scala:887)
	at com.databricks.sql.transaction.tahoe.metering.DeltaLogging.recordDeltaOperationInternal(DeltaLogging.scala:516)
	at com.databricks.sql.transaction.tahoe.metering.DeltaLogging.recordDeltaOperation(DeltaLogging.scala:506)
	at com.databricks.sql.transaction.tahoe.metering.DeltaLogging.recordDeltaOperation$(DeltaLogging.scala:495)
	at com.databricks.sql.transaction.tahoe.sources.DeltaSource.recordDeltaOperation(DeltaSource.scala:887)
	at com.databricks.sql.transaction.tahoe.sources.DeltaSource.init(DeltaSource.scala:1816)
	at org.apache.spark.sql.execution.streaming.SourceInitializationHandler$.$anonfun$initSources$9(SupportsSourceInitialization.scala:86)
	at scala.runtime.java8.JFunction0$mcV$sp.apply(JFunction0$mcV$sp.scala:18)
	at org.apache.spark.sql.execution.streaming.StructuredApiLogger$.logApiEvent(SupportsStructuredApiLogging.scala:188)
	at org.apache.spark.sql.execution.streaming.SourceInitializationHandler$.$anonfun$initSources$4(SupportsSourceInitialization.scala:86)
	at org.apache.spark.sql.execution.streaming.SourceInitializationHandler$.$anonfun$initSources$4$adapted(SupportsSourceInitialization.scala:62)
	at scala.collection.immutable.List.foreach(List.scala:334)
	at org.apache.spark.sql.execution.streaming.SourceInitializationHandler$.initSources(SupportsSourceInitialization.scala:62)
	at org.apache.spark.sql.execution.streaming.runtime.MicroBatchExecution.initializeExecution(MicroBatchExecution.scala:903)
	at org.apache.spark.sql.execution.streaming.runtime.MicroBatchExecution.runActivatedStreamWithListener(MicroBatchExecution.scala:1197)
	at org.apache.spark.sql.execution.streaming.runtime.MicroBatchExecution.runActivatedStream(MicroBatchExecution.scala:770)
	at org.apache.spark.sql.execution.streaming.runtime.StreamExecution.$anonfun$runStream$2(StreamExecution.scala:486)
	at scala.runtime.java8.JFunction0$mcV$sp.apply(JFunction0$mcV$sp.scala:18)
	at org.apache.spark.sql.SparkSession.withActive(SparkSession.scala:866)
	at org.apache.spark.sql.execution.streaming.runtime.StreamExecution.$anonfun$runStream$1(StreamExecution.scala:417)
	at scala.runtime.java8.JFunction0$mcV$sp.apply(JFunction0$mcV$sp.scala:18)
	at com.databricks.logging.AttributionContextTracing.$anonfun$withAttributionContext$1(AttributionContextTracing.scala:147)
	at com.databricks.logging.AttributionContext$.$anonfun$withValue$1(AttributionContext.scala:349)
	at scala.util.DynamicVariable.withValue(DynamicVariable.scala:59)
	at com.databricks.logging.AttributionContext$.withValue(AttributionContext.scala:345)
	at com.databricks.logging.AttributionContextTracing.withAttributionContext(AttributionContextTracing.scala:145)
	at com.databricks.logging.AttributionContextTracing.withAttributionContext$(AttributionContextTracing.scala:142)
	at com.databricks.spark.util.PublicDBLogging.withAttributionContext(DatabricksSparkUsageLogger.scala:29)
	at com.databricks.logging.AttributionContextTracing.withAttributionTags(AttributionContextTracing.scala:202)
	at com.databricks.logging.AttributionContextTracing.withAttributionTags$(AttributionContextTracing.scala:183)
	at com.databricks.spark.util.PublicDBLogging.withAttributionTags(DatabricksSparkUsageLogger.scala:29)
	at com.databricks.spark.util.PublicDBLogging.withAttributionTags0(DatabricksSparkUsageLogger.scala:108)
	at com.databricks.spark.util.DatabricksSparkUsageLogger.withAttributionTags(DatabricksSparkUsageLogger.scala:215)
	at com.databricks.spark.util.UsageLogging.$anonfun$withAttributionTags$1(UsageLogger.scala:668)
	at com.databricks.spark.util.UsageLogging$.withAttributionTags(UsageLogger.scala:780)
	at com.databricks.spark.util.UsageLogging$.withAttributionTags(UsageLogger.scala:789)
	at com.databricks.spark.util.UsageLogging.withAttributionTags(UsageLogger.scala:668)
	at com.databricks.spark.util.UsageLogging.withAttributionTags$(UsageLogger.scala:666)
	at org.apache.spark.sql.execution.streaming.runtime.StreamExecution.withAttributionTags(StreamExecution.scala:96)
	at org.apache.spark.sql.execution.streaming.runtime.StreamExecution.org$apache$spark$sql$execution$streaming$runtime$StreamExecution$$runStream(StreamExecution.scala:386)
	at org.apache.spark.sql.execution.streaming.runtime.StreamExecution$$anon$1.$anonfun$run$2(StreamExecution.scala:305)
	at scala.runtime.java8.JFunction0$mcV$sp.apply(JFunction0$mcV$sp.scala:18)
	at com.databricks.unity.UCSEphemeralState$Handle.runWith(UCSEphemeralState.scala:51)
	at com.databricks.unity.HandleImpl.runWith(UCSHandle.scala:104)
	at com.databricks.unity.HandleImpl.$anonfun$runWithAndClose$1(UCSHandle.scala:109)
	at scala.util.Using$.resource(Using.scala:296)
	at com.databricks.unity.HandleImpl.runWithAndClose(UCSHandle.scala:108)
	at org.apache.spark.sql.execution.streaming.runtime.StreamExecution$$anon$1.run(StreamExecution.scala:305)
Traceback (most recent call last):
  File "/Workspace/Repos/gnavin478@gmail.com/Realtime-Transaction-Pipeline/pyspark_streaming/silver/silver_transform.py", line 121, in write_to_silver
    query.awaitTermination()
  File "/databricks/python/lib/python3.12/site-packages/pyspark/sql/connect/streaming/query.py", line 100, in awaitTermination
    self._execute_streaming_query_cmd(cmd)
  File "/databricks/python/lib/python3.12/site-packages/pyspark/sql/connect/streaming/query.py", line 188, in _execute_streaming_query_cmd
    (_, properties, _) = self._session.client.execute_command(exec_cmd)
                         ^^^^^^^^^^^^^^^^^^^^^^^^^^^^^^^^^^^^^^^^^^^^^^
  File "/databricks/python/lib/python3.12/site-packages/pyspark/sql/connect/client/core.py", line 1538, in execute_command
    data, _, metrics, observed_metrics, properties = self._execute_and_fetch(
                                                     ^^^^^^^^^^^^^^^^^^^^^^^^
  File "/databricks/python/lib/python3.12/site-packages/pyspark/sql/connect/client/core.py", line 2086, in _execute_and_fetch
    for response in self._execute_and_fetch_as_iterator(
  File "/databricks/python/lib/python3.12/site-packages/pyspark/sql/connect/client/core.py", line 2062, in _execute_and_fetch_as_iterator
    self._handle_error(error)
  File "/databricks/python/lib/python3.12/site-packages/pyspark/sql/connect/client/core.py", line 2380, in _handle_error
    self._handle_rpc_error(error)
  File "/databricks/python/lib/python3.12/site-packages/pyspark/sql/connect/client/core.py", line 2458, in _handle_rpc_error
    raise convert_exception(
pyspark.errors.exceptions.connect.StreamingQueryException: [STREAM_FAILED] Query [id = 79309f5b-5cbb-421a-93f4-5ea59a7b67e7, runId = 44ae54ab-59d4-4b57-86f8-dffc702759ef] terminated with exception: [DIFFERENT_DELTA_TABLE_READ_BY_STREAMING_SOURCE] The streaming query was reading from an unexpected Delta table (id = '84e5ed48-b305-49fa-9149-1dcb022e7ad2'). 
It used to read from another Delta table (id = '7831103a-de04-4071-b217-57d8e3dd1f21') according to checkpoint. 
This may happen when you changed the code to read from a new table or you deleted and 
re-created a table. Please revert your change or delete your streaming query checkpoint 
to restart from scratch. SQLSTATE: XXKST
=== Streaming Query ===
Identifier: [id = 79309f5b-5cbb-421a-93f4-5ea59a7b67e7, runId = 44ae54ab-59d4-4b57-86f8-dffc702759ef]
Current Start Offsets: {}
Current End Offsets: {}

Current State: ACTIVE
Thread State: RUNNABLE

Logical Plan:
~WriteToMicroBatchDataSourceV1 `workspace`.`default`.`silver_transactions`, DeltaSink[s3://dbstorage-prod-cpgdo/uc/3caf84d5-b3d7-4fa6-a0e4-69f50d7c5d27/8dbdb134-53db-41c4-a8c1-a01b8d04aacf/__unitystorage/catalogs/8af0af66-b28c-4b17-9c21-d4a5a323e3d0/tables/a5129b8d-9cb7-464c-8ff1-7cf67e6f1001], 79309f5b-5cbb-421a-93f4-5ea59a7b67e7, [checkpointLocation=/Volumes/workspace/transaction_data_pipeline/silver/checkpoints/silver_transactions_v2, mergeSchema=true, path=s3://dbstorage-prod-cpgdo/uc/3caf84d5-b3d7-4fa6-a0e4-69f50d7c5d27/8dbdb134-53db-41c4-a8c1-a01b8d04aacf/__unitystorage/catalogs/8af0af66-b28c-4b17-9c21-d4a5a323e3d0/tables/a5129b8d-9cb7-464c-8ff1-7cf67e6f1001], Append
+- ~Deduplicate [event_id#22969]
   +- ~Project [event_id#22969, transaction_id#22970, customer_id#22971, merchant_id#22972, product_id#22973, product_name#23008, quantity#22975, unit_price#22976, gross_amount#22977, discount_amount#22978, tax_amount#22979, net_amount#22980, payment_method#23010, city#23012, device_type#23014, event_type#23016, transaction_status#23018, event_time#23040, ingestion_time#23042, currency#23030, exchange_rate#22989, profit_amount#22990, cost_price#22991, order_status#23022, payment_status#23020, ... 13 more fields]
      +- ~Project [event_id#22969, transaction_id#22970, customer_id#22971, merchant_id#22972, product_id#22973, product_name#23008, quantity#22975, unit_price#22976, gross_amount#22977, discount_amount#22978, tax_amount#22979, net_amount#22980, payment_method#23010, city#23012, device_type#23014, event_type#23016, transaction_status#23018, event_time#23040, to_timestamp(ingestion_time#22987, None, TimestampType, Some(Etc/UTC), true) AS ingestion_time#23042, currency#23030, exchange_rate#22989, profit_amount#22990, cost_price#22991, order_status#23022, payment_status#23020, ... 12 more fields]
         +- ~Project [event_id#22969, transaction_id#22970, customer_id#22971, merchant_id#22972, product_id#22973, product_name#23008, quantity#22975, unit_price#22976, gross_amount#22977, discount_amount#22978, tax_amount#22979, net_amount#22980, payment_method#23010, city#23012, device_type#23014, event_type#23016, transaction_status#23018, to_timestamp(event_time#22986, None, TimestampType, Some(Etc/UTC), true) AS event_time#23040, ingestion_time#22987, currency#23030, exchange_rate#22989, profit_amount#22990, cost_price#22991, order_status#23022, payment_status#23020, ... 12 more fields]
            +- ~Project [event_id#22969, transaction_id#22970, customer_id#22971, merchant_id#22972, product_id#22973, product_name#23008, quantity#22975, unit_price#22976, gross_amount#22977, discount_amount#22978, tax_amount#22979, net_amount#22980, payment_method#23010, city#23012, device_type#23014, event_type#23016, transaction_status#23018, event_time#22986, ingestion_time#22987, currency#23030, exchange_rate#22989, profit_amount#22990, cost_price#22991, order_status#23022, payment_status#23020, ... 12 more fields]
               +- ~Project [event_id#22969, transaction_id#22970, customer_id#22971, merchant_id#22972, product_id#22973, product_name#23008, quantity#22975, unit_price#22976, gross_amount#22977, discount_amount#22978, tax_amount#22979, net_amount#22980, payment_method#23010, city#23012, device_type#23014, event_type#23016, transaction_status#23018, event_time#22986, ingestion_time#22987, currency#23030, exchange_rate#22989, profit_amount#22990, cost_price#22991, order_status#23022, payment_status#23020, ... 12 more fields]
                  +- ~Project [event_id#22969, transaction_id#22970, customer_id#22971, merchant_id#22972, product_id#22973, product_name#23008, quantity#22975, unit_price#22976, gross_amount#22977, discount_amount#22978, tax_amount#22979, net_amount#22980, payment_method#23010, city#23012, device_type#23014, event_type#23016, transaction_status#23018, event_time#22986, ingestion_time#22987, currency#23030, exchange_rate#22989, profit_amount#22990, cost_price#22991, order_status#23022, payment_status#23020, ... 12 more fields]
                     +- ~Project [event_id#22969, transaction_id#22970, customer_id#22971, merchant_id#22972, product_id#22973, product_name#23008, quantity#22975, unit_price#22976, gross_amount#22977, discount_amount#22978, tax_amount#22979, net_amount#22980, payment_method#23010, city#23012, device_type#23014, event_type#23016, transaction_status#23018, event_time#22986, ingestion_time#22987, currency#23030, exchange_rate#22989, profit_amount#22990, cost_price#22991, order_status#23022, payment_status#23020, ... 12 more fields]
                        +- ~Project [event_id#22969, transaction_id#22970, customer_id#22971, merchant_id#22972, product_id#22973, product_name#23008, quantity#22975, unit_price#22976, gross_amount#22977, discount_amount#22978, tax_amount#22979, net_amount#22980, payment_method#23010, city#23012, device_type#23014, event_type#23016, transaction_status#23018, event_time#22986, ingestion_time#22987, upper(trim(currency#22988, None)) AS currency#23030, exchange_rate#22989, profit_amount#22990, cost_price#22991, order_status#23022, payment_status#23020, ... 12 more fields]
                           +- ~Project [event_id#22969, transaction_id#22970, customer_id#22971, merchant_id#22972, product_id#22973, product_name#23008, quantity#22975, unit_price#22976, gross_amount#22977, discount_amount#22978, tax_amount#22979, net_amount#22980, payment_method#23010, city#23012, device_type#23014, event_type#23016, transaction_status#23018, event_time#22986, ingestion_time#22987, currency#22988, exchange_rate#22989, profit_amount#22990, cost_price#22991, order_status#23022, payment_status#23020, ... 12 more fields]
                              +- ~Project [event_id#22969, transaction_id#22970, customer_id#22971, merchant_id#22972, product_id#22973, product_name#23008, quantity#22975, unit_price#22976, gross_amount#22977, discount_amount#22978, tax_amount#22979, net_amount#22980, payment_method#23010, city#23012, device_type#23014, event_type#23016, transaction_status#23018, event_time#22986, ingestion_time#22987, currency#22988, exchange_rate#22989, profit_amount#22990, cost_price#22991, order_status#23022, payment_status#23020, ... 12 more fields]
                                 +- ~Project [event_id#22969, transaction_id#22970, customer_id#22971, merchant_id#22972, product_id#22973, product_name#23008, quantity#22975, unit_price#22976, gross_amount#22977, discount_amount#22978, tax_amount#22979, net_amount#22980, payment_method#23010, city#23012, device_type#23014, event_type#23016, transaction_status#23018, event_time#22986, ingestion_time#22987, currency#22988, exchange_rate#22989, profit_amount#22990, cost_price#22991, order_status#23022, payment_status#23020, ... 12 more fields]
                                    +- ~Project [event_id#22969, transaction_id#22970, customer_id#22971, merchant_id#22972, product_id#22973, product_name#23008, quantity#22975, unit_price#22976, gross_amount#22977, discount_amount#22978, tax_amount#22979, net_amount#22980, payment_method#23010, city#23012, device_type#23014, event_type#23016, transaction_status#23018, event_time#22986, ingestion_time#22987, currency#22988, exchange_rate#22989, profit_amount#22990, cost_price#22991, upper(trim(order_status#22992, None)) AS order_status#23022, payment_status#23020, ... 12 more fields]
                                       +- ~Project [event_id#22969, transaction_id#22970, customer_id#22971, merchant_id#22972, product_id#22973, product_name#23008, quantity#22975, unit_price#22976, gross_amount#22977, discount_amount#22978, tax_amount#22979, net_amount#22980, payment_method#23010, city#23012, device_type#23014, event_type#23016, transaction_status#23018, event_time#22986, ingestion_time#22987, currency#22988, exchange_rate#22989, profit_amount#22990, cost_price#22991, order_status#22992, upper(trim(payment_status#22993, None)) AS payment_status#23020, ... 12 more fields]
                                          +- ~Project [event_id#22969, transaction_id#22970, customer_id#22971, merchant_id#22972, product_id#22973, product_name#23008, quantity#22975, unit_price#22976, gross_amount#22977, discount_amount#22978, tax_amount#22979, net_amount#22980, payment_method#23010, city#23012, device_type#23014, event_type#23016, upper(trim(transaction_status#22985, None)) AS transaction_status#23018, event_time#22986, ingestion_time#22987, currency#22988, exchange_rate#22989, profit_amount#22990, cost_price#22991, order_status#22992, payment_status#22993, ... 12 more fields]
                                             +- ~Project [event_id#22969, transaction_id#22970, customer_id#22971, merchant_id#22972, product_id#22973, product_name#23008, quantity#22975, unit_price#22976, gross_amount#22977, discount_amount#22978, tax_amount#22979, net_amount#22980, payment_method#23010, city#23012, device_type#23014, upper(trim(event_type#22984, None)) AS event_type#23016, transaction_status#22985, event_time#22986, ingestion_time#22987, currency#22988, exchange_rate#22989, profit_amount#22990, cost_price#22991, order_status#22992, payment_status#22993, ... 12 more fields]
                                                +- ~Project [event_id#22969, transaction_id#22970, customer_id#22971, merchant_id#22972, product_id#22973, product_name#23008, quantity#22975, unit_price#22976, gross_amount#22977, discount_amount#22978, tax_amount#22979, net_amount#22980, payment_method#23010, city#23012, upper(trim(device_type#22983, None)) AS device_type#23014, event_type#22984, transaction_status#22985, event_time#22986, ingestion_time#22987, currency#22988, exchange_rate#22989, profit_amount#22990, cost_price#22991, order_status#22992, payment_status#22993, ... 12 more fields]
                                                   +- ~Project [event_id#22969, transaction_id#22970, customer_id#22971, merchant_id#22972, product_id#22973, product_name#23008, quantity#22975, unit_price#22976, gross_amount#22977, discount_amount#22978, tax_amount#22979, net_amount#22980, payment_method#23010, trim(city#22982, None) AS city#23012, device_type#22983, event_type#22984, transaction_status#22985, event_time#22986, ingestion_time#22987, currency#22988, exchange_rate#22989, profit_amount#22990, cost_price#22991, order_status#22992, payment_status#22993, ... 12 more fields]
                                                      +- ~Project [event_id#22969, transaction_id#22970, customer_id#22971, merchant_id#22972, product_id#22973, product_name#23008, quantity#22975, unit_price#22976, gross_amount#22977, discount_amount#22978, tax_amount#22979, net_amount#22980, upper(trim(payment_method#22981, None)) AS payment_method#23010, city#22982, device_type#22983, event_type#22984, transaction_status#22985, event_time#22986, ingestion_time#22987, currency#22988, exchange_rate#22989, profit_amount#22990, cost_price#22991, order_status#22992, payment_status#22993, ... 12 more fields]
                                                         +- ~Project [event_id#22969, transaction_id#22970, customer_id#22971, merchant_id#22972, product_id#22973, trim(product_name#22974, None) AS product_name#23008, quantity#22975, unit_price#22976, gross_amount#22977, discount_amount#22978, tax_amount#22979, net_amount#22980, payment_method#22981, city#22982, device_type#22983, event_type#22984, transaction_status#22985, event_time#22986, ingestion_time#22987, currency#22988, exchange_rate#22989, profit_amount#22990, cost_price#22991, order_status#22992, payment_status#22993, ... 12 more fields]
                                                            +- ~Filter (isnull(tax_amount#22979) OR (tax_amount#22979 >= cast(0 as double)))
                                                               +- ~Filter (isnull(discount_amount#22978) OR (discount_amount#22978 >= cast(0 as double)))
                                                                  +- ~Filter (net_amount#22980 >= cast(0 as double))
                                                                     +- ~Filter (gross_amount#22977 >= cast(0 as double))
                                                                        +- ~Filter (unit_price#22976 > cast(0 as double))
                                                                           +- ~Filter (quantity#22975 > 0)
                                                                              +- ~Filter isnotnull(event_time#22986)
                                                                                 +- ~Filter isnotnull(city#22982)
                                                                                    +- ~Filter isnotnull(payment_method#22981)
                                                                                       +- ~Filter isnotnull(net_amount#22980)
                                                                                          +- ~Filter isnotnull(gross_amount#22977)
                                                                                             +- ~Filter isnotnull(unit_price#22976)
                                                                                                +- ~Filter isnotnull(quantity#22975)
                                                                                                   +- ~Filter isnotnull(product_name#22974)
                                                                                                      +- ~Filter isnotnull(product_id#22973)
                                                                                                         +- ~Filter isnotnull(merchant_id#22972)
                                                                                                            +- ~Filter isnotnull(customer_id#22971)
                                                                                                               +- ~Filter isnotnull(transaction_id#22970)
                                                                                                                  +- ~Filter isnotnull(event_id#22969)
                                                                                                                     +- ~StreamingExecutionRelation DeltaSource[s3://dbstorage-prod-cpgdo/uc/3caf84d5-b3d7-4fa6-a0e4-69f50d7c5d27/8dbdb134-53db-41c4-a8c1-a01b8d04aacf/__unitystorage/catalogs/8af0af66-b28c-4b17-9c21-d4a5a323e3d0/tables/a0954ab6-bf63-45a1-9b13-a88f50a473dc], [event_id#22969, transaction_id#22970, customer_id#22971, merchant_id#22972, product_id#22973, product_name#22974, quantity#22975, unit_price#22976, gross_amount#22977, discount_amount#22978, tax_amount#22979, net_amount#22980, payment_method#22981, city#22982, device_type#22983, event_type#22984, transaction_status#22985, event_time#22986, ingestion_time#22987, currency#22988, exchange_rate#22989, profit_amount#22990, cost_price#22991, order_status#22992, payment_status#22993, ... 12 more fields], `workspace`.`default`.`bronze_transactions`, name=<Unassigned>


Physical Plan: not available

JVM stacktrace:
org.apache.spark.sql.streaming.StreamingQueryException
	at org.apache.spark.sql.execution.streaming.runtime.StreamExecution.$anonfun$runStream$1(StreamExecution.scala:589)
	at scala.runtime.java8.JFunction0$mcV$sp.apply(JFunction0$mcV$sp.scala:18)
	at com.databricks.logging.AttributionContextTracing.$anonfun$withAttributionContext$1(AttributionContextTracing.scala:147)
	at com.databricks.logging.AttributionContext$.$anonfun$withValue$1(AttributionContext.scala:349)
	at scala.util.DynamicVariable.withValue(DynamicVariable.scala:59)
	at com.databricks.logging.AttributionContext$.withValue(AttributionContext.scala:345)
	at com.databricks.logging.AttributionContextTracing.withAttributionContext(AttributionContextTracing.scala:145)
	at com.databricks.logging.AttributionContextTracing.withAttributionContext$(AttributionContextTracing.scala:142)
	at com.databricks.spark.util.PublicDBLogging.withAttributionContext(DatabricksSparkUsageLogger.scala:29)
	at com.databricks.logging.AttributionContextTracing.withAttributionTags(AttributionContextTracing.scala:202)
	at com.databricks.logging.AttributionContextTracing.withAttributionTags$(AttributionContextTracing.scala:183)
	at com.databricks.spark.util.PublicDBLogging.withAttributionTags(DatabricksSparkUsageLogger.scala:29)
	at com.databricks.spark.util.PublicDBLogging.withAttributionTags0(DatabricksSparkUsageLogger.scala:108)
	at com.databricks.spark.util.DatabricksSparkUsageLogger.withAttributionTags(DatabricksSparkUsageLogger.scala:215)
	at com.databricks.spark.util.UsageLogging.$anonfun$withAttributionTags$1(UsageLogger.scala:668)
	at com.databricks.spark.util.UsageLogging$.withAttributionTags(UsageLogger.scala:780)
	at com.databricks.spark.util.UsageLogging$.withAttributionTags(UsageLogger.scala:789)
	at com.databricks.spark.util.UsageLogging.withAttributionTags(UsageLogger.scala:668)
	at com.databricks.spark.util.UsageLogging.withAttributionTags$(UsageLogger.scala:666)
	at org.apache.spark.sql.execution.streaming.runtime.StreamExecution.withAttributionTags(StreamExecution.scala:96)
	at org.apache.spark.sql.execution.streaming.runtime.StreamExecution.org$apache$spark$sql$execution$streaming$runtime$StreamExecution$$runStream(StreamExecution.scala:386)
	at org.apache.spark.sql.execution.streaming.runtime.StreamExecution$$anon$1.$anonfun$run$2(StreamExecution.scala:305)
	at scala.runtime.java8.JFunction0$mcV$sp.apply(JFunction0$mcV$sp.scala:18)
	at com.databricks.unity.UCSEphemeralState$Handle.runWith(UCSEphemeralState.scala:51)
	at com.databricks.unity.HandleImpl.runWith(UCSHandle.scala:104)
	at com.databricks.unity.HandleImpl.$anonfun$runWithAndClose$1(UCSHandle.scala:109)
	at scala.util.Using$.resource(Using.scala:296)
	at com.databricks.unity.HandleImpl.runWithAndClose(UCSHandle.scala:108)
	at org.apache.spark.sql.execution.streaming.runtime.StreamExecution$$anon$1.run(StreamExecution.scala:305)
Caused by: com.databricks.sql.transaction.tahoe.DeltaIllegalStateException: [DIFFERENT_DELTA_TABLE_READ_BY_STREAMING_SOURCE] The streaming query was reading from an unexpected Delta table (id = '84e5ed48-b305-49fa-9149-1dcb022e7ad2'). 
It used to read from another Delta table (id = '7831103a-de04-4071-b217-57d8e3dd1f21') according to checkpoint. 
This may happen when you changed the code to read from a new table or you deleted and 
re-created a table. Please revert your change or delete your streaming query checkpoint 
to restart from scratch.
	at com.databricks.sql.transaction.tahoe.DeltaErrorsBase.differentDeltaTableReadByStreamingSource(DeltaErrors.scala:1776)
	at com.databricks.sql.transaction.tahoe.DeltaErrorsBase.differentDeltaTableReadByStreamingSource$(DeltaErrors.scala:1774)
	at com.databricks.sql.transaction.tahoe.DeltaErrors$.differentDeltaTableReadByStreamingSource(DeltaErrors.scala:4306)
	at com.databricks.sql.transaction.tahoe.sources.DeltaSourceOffset$.apply(DeltaSourceOffset.scala:165)
	at com.databricks.sql.transaction.tahoe.sources.DeltaSourceOffset$.apply(DeltaSourceOffset.scala:178)
	at com.databricks.sql.transaction.tahoe.sources.DeltaSource.toDeltaSourceOffset(DeltaSource.scala:1300)
	at com.databricks.sql.transaction.tahoe.sources.DeltaSource.$anonfun$init$3(DeltaSource.scala:1824)
	at scala.Option.map(Option.scala:242)
	at com.databricks.sql.transaction.tahoe.sources.DeltaSource.$anonfun$init$1(DeltaSource.scala:1824)
	at scala.runtime.java8.JFunction0$mcV$sp.apply(JFunction0$mcV$sp.scala:18)
	at com.databricks.sql.transaction.tahoe.metering.DeltaLogging.withOperationTypeTag(DeltaLogging.scala:817)
	at com.databricks.sql.transaction.tahoe.metering.DeltaLogging.withOperationTypeTag$(DeltaLogging.scala:804)
	at com.databricks.sql.transaction.tahoe.sources.DeltaSource.withOperationTypeTag(DeltaSource.scala:887)
	at com.databricks.sql.transaction.tahoe.metering.DeltaLogging.$anonfun$recordDeltaOperationInternal$2(DeltaLogging.scala:518)
	at com.databricks.spark.util.FrameProfiler$.$anonfun$record$1(FrameProfiler.scala:114)
	at com.databricks.spark.util.FrameProfilerExporter$.maybeExportFrameProfiler(FrameProfilerExporter.scala:201)
	at com.databricks.spark.util.FrameProfiler$.record(FrameProfiler.scala:105)
	at com.databricks.sql.transaction.tahoe.metering.DeltaLogging.recordFrameProfile(DeltaLogging.scala:910)
	at com.databricks.sql.transaction.tahoe.metering.DeltaLogging.recordFrameProfile$(DeltaLogging.scala:908)
	at com.databricks.sql.transaction.tahoe.sources.DeltaSource.recordFrameProfile(DeltaSource.scala:887)
	at com.databricks.sql.transaction.tahoe.metering.DeltaLogging.$anonfun$recordDeltaOperationInternal$1(DeltaLogging.scala:517)
	at com.databricks.logging.UsageLogging.$anonfun$recordOperation$1(UsageLogging.scala:512)
	at com.databricks.logging.UsageLogging.executeThunkAndCaptureResultTags$1(UsageLogging.scala:632)
	at com.databricks.logging.UsageLogging.$anonfun$recordOperationWithResultTags$5(UsageLogging.scala:659)
	at com.databricks.logging.AttributionContextTracing.$anonfun$withAttributionContext$1(AttributionContextTracing.scala:147)
	at com.databricks.logging.AttributionContext$.$anonfun$withValue$1(AttributionContext.scala:349)
	at scala.util.DynamicVariable.withValue(DynamicVariable.scala:59)
	at com.databricks.logging.AttributionContext$.withValue(AttributionContext.scala:345)
	at com.databricks.logging.AttributionContextTracing.withAttributionContext(AttributionContextTracing.scala:145)
	at com.databricks.logging.AttributionContextTracing.withAttributionContext$(AttributionContextTracing.scala:142)
	at com.databricks.spark.util.PublicDBLogging.withAttributionContext(DatabricksSparkUsageLogger.scala:29)
	at com.databricks.logging.AttributionContextTracing.withAttributionTags(AttributionContextTracing.scala:202)
	at com.databricks.logging.AttributionContextTracing.withAttributionTags$(AttributionContextTracing.scala:183)
	at com.databricks.spark.util.PublicDBLogging.withAttributionTags(DatabricksSparkUsageLogger.scala:29)
	at com.databricks.logging.UsageLogging.recordOperationWithResultTags(UsageLogging.scala:627)
	at com.databricks.logging.UsageLogging.recordOperationWithResultTags$(UsageLogging.scala:521)
	at com.databricks.spark.util.PublicDBLogging.recordOperationWithResultTags(DatabricksSparkUsageLogger.scala:29)
	at com.databricks.logging.UsageLogging.recordOperation(UsageLogging.scala:513)
	at com.databricks.logging.UsageLogging.recordOperation$(UsageLogging.scala:477)
	at com.databricks.spark.util.PublicDBLogging.recordOperation(DatabricksSparkUsageLogger.scala:29)
	at com.databricks.spark.util.PublicDBLogging.recordOperation0(DatabricksSparkUsageLogger.scala:104)
	at com.databricks.spark.util.DatabricksSparkUsageLogger.recordOperation(DatabricksSparkUsageLogger.scala:193)
	at com.databricks.spark.util.UsageLogger.recordOperation(UsageLogger.scala:78)
	at com.databricks.spark.util.UsageLogger.recordOperation$(UsageLogger.scala:65)
	at com.databricks.spark.util.DatabricksSparkUsageLogger.recordOperation(DatabricksSparkUsageLogger.scala:152)
	at com.databricks.spark.util.UsageLogging.recordOperation(UsageLogger.scala:537)
	at com.databricks.spark.util.UsageLogging.recordOperation$(UsageLogger.scala:516)
	at com.databricks.sql.transaction.tahoe.sources.DeltaSource.recordOperation(DeltaSource.scala:887)
	at com.databricks.sql.transaction.tahoe.metering.DeltaLogging.recordDeltaOperationInternal(DeltaLogging.scala:516)
	at com.databricks.sql.transaction.tahoe.metering.DeltaLogging.recordDeltaOperation(DeltaLogging.scala:506)
	at com.databricks.sql.transaction.tahoe.metering.DeltaLogging.recordDeltaOperation$(DeltaLogging.scala:495)
	at com.databricks.sql.transaction.tahoe.sources.DeltaSource.recordDeltaOperation(DeltaSource.scala:887)
	at com.databricks.sql.transaction.tahoe.sources.DeltaSource.init(DeltaSource.scala:1816)
	at org.apache.spark.sql.execution.streaming.SourceInitializationHandler$.$anonfun$initSources$9(SupportsSourceInitialization.scala:86)
	at scala.runtime.java8.JFunction0$mcV$sp.apply(JFunction0$mcV$sp.scala:18)
	at org.apache.spark.sql.execution.streaming.StructuredApiLogger$.logApiEvent(SupportsStructuredApiLogging.scala:188)
	at org.apache.spark.sql.execution.streaming.SourceInitializationHandler$.$anonfun$initSources$4(SupportsSourceInitialization.scala:86)
	at org.apache.spark.sql.execution.streaming.SourceInitializationHandler$.$anonfun$initSources$4$adapted(SupportsSourceInitialization.scala:62)
	at scala.collection.immutable.List.foreach(List.scala:334)
	at org.apache.spark.sql.execution.streaming.SourceInitializationHandler$.initSources(SupportsSourceInitialization.scala:62)
	at org.apache.spark.sql.execution.streaming.runtime.MicroBatchExecution.initializeExecution(MicroBatchExecution.scala:903)
	at org.apache.spark.sql.execution.streaming.runtime.MicroBatchExecution.runActivatedStreamWithListener(MicroBatchExecution.scala:1197)
	at org.apache.spark.sql.execution.streaming.runtime.MicroBatchExecution.runActivatedStream(MicroBatchExecution.scala:770)
	at org.apache.spark.sql.execution.streaming.runtime.StreamExecution.$anonfun$runStream$2(StreamExecution.scala:486)
	at scala.runtime.java8.JFunction0$mcV$sp.apply(JFunction0$mcV$sp.scala:18)
	at org.apache.spark.sql.SparkSession.withActive(SparkSession.scala:866)
	at org.apache.spark.sql.execution.streaming.runtime.StreamExecution.$anonfun$runStream$1(StreamExecution.scala:417)
	at scala.runtime.java8.JFunction0$mcV$sp.apply(JFunction0$mcV$sp.scala:18)
	at com.databricks.logging.AttributionContextTracing.$anonfun$withAttributionContext$1(AttributionContextTracing.scala:147)
	at com.databricks.logging.AttributionContext$.$anonfun$withValue$1(AttributionContext.scala:349)
	at scala.util.DynamicVariable.withValue(DynamicVariable.scala:59)
	at com.databricks.logging.AttributionContext$.withValue(AttributionContext.scala:345)
	at com.databricks.logging.AttributionContextTracing.withAttributionContext(AttributionContextTracing.scala:145)
	at com.databricks.logging.AttributionContextTracing.withAttributionContext$(AttributionContextTracing.scala:142)
	at com.databricks.spark.util.PublicDBLogging.withAttributionContext(DatabricksSparkUsageLogger.scala:29)
	at com.databricks.logging.AttributionContextTracing.withAttributionTags(AttributionContextTracing.scala:202)
	at com.databricks.logging.AttributionContextTracing.withAttributionTags$(AttributionContextTracing.scala:183)
	at com.databricks.spark.util.PublicDBLogging.withAttributionTags(DatabricksSparkUsageLogger.scala:29)
	at com.databricks.spark.util.PublicDBLogging.withAttributionTags0(DatabricksSparkUsageLogger.scala:108)
	at com.databricks.spark.util.DatabricksSparkUsageLogger.withAttributionTags(DatabricksSparkUsageLogger.scala:215)
	at com.databricks.spark.util.UsageLogging.$anonfun$withAttributionTags$1(UsageLogger.scala:668)
	at com.databricks.spark.util.UsageLogging$.withAttributionTags(UsageLogger.scala:780)
	at com.databricks.spark.util.UsageLogging$.withAttributionTags(UsageLogger.scala:789)
	at com.databricks.spark.util.UsageLogging.withAttributionTags(UsageLogger.scala:668)
	at com.databricks.spark.util.UsageLogging.withAttributionTags$(UsageLogger.scala:666)
	at org.apache.spark.sql.execution.streaming.runtime.StreamExecution.withAttributionTags(StreamExecution.scala:96)
	at org.apache.spark.sql.execution.streaming.runtime.StreamExecution.org$apache$spark$sql$execution$streaming$runtime$StreamExecution$$runStream(StreamExecution.scala:386)
	at org.apache.spark.sql.execution.streaming.runtime.StreamExecution$$anon$1.$anonfun$run$2(StreamExecution.scala:305)
	at scala.runtime.java8.JFunction0$mcV$sp.apply(JFunction0$mcV$sp.scala:18)
	at com.databricks.unity.UCSEphemeralState$Handle.runWith(UCSEphemeralState.scala:51)
	at com.databricks.unity.HandleImpl.runWith(UCSHandle.scala:104)
	at com.databricks.unity.HandleImpl.$anonfun$runWithAndClose$1(UCSHandle.scala:109)
	at scala.util.Using$.resource(Using.scala:296)
	at com.databricks.unity.HandleImpl.runWithAndClose(UCSHandle.scala:108)
	at org.apache.spark.sql.execution.streaming.runtime.StreamExecution$$anon$1.run(StreamExecution.scala:305)
2026-04-11 20:33:48,594 | pyspark_streaming/silver | INFO | Creating Spark session for Silver layer
2026-04-11 20:33:48,598 | pyspark_streaming/silver | INFO | Spark session created successfully
2026-04-11 20:33:48,598 | pyspark_streaming/silver | INFO | Reading data from Bronze layer
2026-04-11 20:33:48,602 | pyspark_streaming/silver | INFO | Data read successfully from Bronze layer
2026-04-11 20:33:48,603 | pyspark_streaming/silver | INFO | Transforming data for Silver layer
2026-04-11 20:33:48,610 | pyspark_streaming/silver | INFO | Transformation completed successfully
2026-04-11 20:33:48,611 | pyspark_streaming/silver | INFO | Writing data to Silver layer
2026-04-11 20:33:52,254 | pyspark_streaming/silver | INFO | Silver streaming query started successfully
